filepath,label,video_id,subset
/content/extracted_images/train/Menulis/BISINDO_Menulis_010_frame1.jpg,Menulis,BISINDO_Menulis_010,train
/content/extracted_images/train/Menulis/BISINDO_Menulis_010_frame2.jpg,Menulis,BISINDO_Menulis_010,train
/content/extracted_images/train/Menulis/BISINDO_Menulis_010_frame3.jpg,Menulis,BISINDO_Menulis_010,train
/content/extracted_images/train/Menulis/BISINDO_Menulis_021_frame1.jpg,Menulis,BISINDO_Menulis_021,train
/content/extracted_images/train/Menulis/BISINDO_Menulis_021_frame2.jpg,Menulis,BISINDO_Menulis_021,train
/content/extracted_images/train/Menulis/BISINDO_Menulis_021_frame3.jpg,Menulis,BISINDO_Menulis_021,train
/content/extracted_images/train/Menulis/BISINDO_Menulis_016_frame1.jpg,Menulis,BISINDO_Menulis_016,train
/content/extracted_images/train/Menulis/BISINDO_Menulis_016_frame2.jpg,Menulis,BISINDO_Menulis_016,train
/content/extracted_images/train/Menulis/BISINDO_Menulis_016_frame3.jpg,Menulis,BISINDO_Menulis_016,train
/content/extracted_images/train/Menulis/BISINDO_Menulis_012_frame1.jpg,Menulis,BISINDO_Menulis_012,train
/content/extracted_images/train/Menulis/BISINDO_Menulis_012_frame2.jpg,Menulis,BISINDO_Menulis_012,train
/content/extracted_images/train/Menulis/BISINDO_Menulis_012_frame3.jpg,Menulis,BISINDO_Menulis_012,train
/content/extracted_images/train/Menulis/BISINDO_Menulis_037_frame1.jpg,Menulis,BISINDO_Menulis_037,train
/content/extracted_images/train/Menulis/BISINDO_Menulis_037_frame2.jpg,Menulis,BISINDO_Menulis_037,train
/content/extracted_images/train/Menulis/BISINDO_Menulis_037_frame3.jpg,Menulis,BISINDO_Menulis_037,train
/content/extracted_images/train/Menulis/BISINDO_Menulis_035_frame1.jpg,Menulis,BISINDO_Menulis_035,train
/content/extracted_images/train/Menulis/BISINDO_Menulis_035_frame2.jpg,Menulis,BISINDO_Menulis_035,train
/content/extracted_images/train/Menulis/BISINDO_Menulis_035_frame3.jpg,Menulis,BISINDO_Menulis_035,train
/content/extracted_images/train/Menulis/BISINDO_Menulis_001_frame1.jpg,Menulis,BISINDO_Menulis_001,train
/content/extracted_images/train/Menulis/BISINDO_Menulis_001_frame2.jpg,Menulis,BISINDO_Menulis_001,train
/content/extracted_images/train/Menulis/BISINDO_Menulis_001_frame3.jpg,Menulis,BISINDO_Menulis_001,train
/content/extracted_images/train/Menulis/BISINDO_Menulis_013_frame1.jpg,Menulis,BISINDO_Menulis_013,train
/content/extracted_images/train/Menulis/BISINDO_Menulis_013_frame2.jpg,Menulis,BISINDO_Menulis_013,train
/content/extracted_images/train/Menulis/BISINDO_Menulis_013_frame3.jpg,Menulis,BISINDO_Menulis_013,train
/content/extracted_images/train/Menulis/BISINDO_Menulis_014_frame1.jpg,Menulis,BISINDO_Menulis_014,train
/content/extracted_images/train/Menulis/BISINDO_Menulis_014_frame2.jpg,Menulis,BISINDO_Menulis_014,train
/content/extracted_images/train/Menulis/BISINDO_Menulis_014_frame3.jpg,Menulis,BISINDO_Menulis_014,train
/content/extracted_images/train/Menulis/BISINDO_Menulis_009_frame1.jpg,Menulis,BISINDO_Menulis_009,train
/content/extracted_images/train/Menulis/BISINDO_Menulis_009_frame2.jpg,Menulis,BISINDO_Menulis_009,train
/content/extracted_images/train/Menulis/BISINDO_Menulis_009_frame3.jpg,Menulis,BISINDO_Menulis_009,train
/content/extracted_images/train/Menulis/BISINDO_Menulis_048_frame1.jpg,Menulis,BISINDO_Menulis_048,train
/content/extracted_images/train/Menulis/BISINDO_Menulis_048_frame2.jpg,Menulis,BISINDO_Menulis_048,train
/content/extracted_images/train/Menulis/BISINDO_Menulis_048_frame3.jpg,Menulis,BISINDO_Menulis_048,train
/content/extracted_images/train/Menulis/BISINDO_Menulis_034_frame1.jpg,Menulis,BISINDO_Menulis_034,train
/content/extracted_images/train/Menulis/BISINDO_Menulis_034_frame2.jpg,Menulis,BISINDO_Menulis_034,train
/content/extracted_images/train/Menulis/BISINDO_Menulis_034_frame3.jpg,Menulis,BISINDO_Menulis_034,train
/content/extracted_images/train/Menulis/BISINDO_Menulis_031_frame1.jpg,Menulis,BISINDO_Menulis_031,train
/content/extracted_images/train/Menulis/BISINDO_Menulis_031_frame2.jpg,Menulis,BISINDO_Menulis_031,train
/content/extracted_images/train/Menulis/BISINDO_Menulis_031_frame3.jpg,Menulis,BISINDO_Menulis_031,train
/content/extracted_images/train/Menulis/BISINDO_Menulis_026_frame1.jpg,Menulis,BISINDO_Menulis_026,train
/content/extracted_images/train/Menulis/BISINDO_Menulis_026_frame2.jpg,Menulis,BISINDO_Menulis_026,train
/content/extracted_images/train/Menulis/BISINDO_Menulis_026_frame3.jpg,Menulis,BISINDO_Menulis_026,train
/content/extracted_images/train/Menulis/BISINDO_Menulis_023_frame1.jpg,Menulis,BISINDO_Menulis_023,train
/content/extracted_images/train/Menulis/BISINDO_Menulis_023_frame2.jpg,Menulis,BISINDO_Menulis_023,train
/content/extracted_images/train/Menulis/BISINDO_Menulis_023_frame3.jpg,Menulis,BISINDO_Menulis_023,train
/content/extracted_images/train/Menulis/BISINDO_Menulis_011_frame1.jpg,Menulis,BISINDO_Menulis_011,train
/content/extracted_images/train/Menulis/BISINDO_Menulis_011_frame2.jpg,Menulis,BISINDO_Menulis_011,train
/content/extracted_images/train/Menulis/BISINDO_Menulis_011_frame3.jpg,Menulis,BISINDO_Menulis_011,train
/content/extracted_images/train/Menulis/BISINDO_Menulis_028_frame1.jpg,Menulis,BISINDO_Menulis_028,train
/content/extracted_images/train/Menulis/BISINDO_Menulis_028_frame2.jpg,Menulis,BISINDO_Menulis_028,train
/content/extracted_images/train/Menulis/BISINDO_Menulis_028_frame3.jpg,Menulis,BISINDO_Menulis_028,train
/content/extracted_images/train/Menulis/BISINDO_Menulis_017_frame1.jpg,Menulis,BISINDO_Menulis_017,train
/content/extracted_images/train/Menulis/BISINDO_Menulis_017_frame2.jpg,Menulis,BISINDO_Menulis_017,train
/content/extracted_images/train/Menulis/BISINDO_Menulis_017_frame3.jpg,Menulis,BISINDO_Menulis_017,train
/content/extracted_images/train/Menulis/BISINDO_Menulis_008_frame1.jpg,Menulis,BISINDO_Menulis_008,train
/content/extracted_images/train/Menulis/BISINDO_Menulis_008_frame2.jpg,Menulis,BISINDO_Menulis_008,train
/content/extracted_images/train/Menulis/BISINDO_Menulis_008_frame3.jpg,Menulis,BISINDO_Menulis_008,train
/content/extracted_images/train/Menulis/BISINDO_Menulis_007_frame1.jpg,Menulis,BISINDO_Menulis_007,train
/content/extracted_images/train/Menulis/BISINDO_Menulis_007_frame2.jpg,Menulis,BISINDO_Menulis_007,train
/content/extracted_images/train/Menulis/BISINDO_Menulis_007_frame3.jpg,Menulis,BISINDO_Menulis_007,train
/content/extracted_images/train/Menulis/BISINDO_Menulis_046_frame1.jpg,Menulis,BISINDO_Menulis_046,train
/content/extracted_images/train/Menulis/BISINDO_Menulis_046_frame2.jpg,Menulis,BISINDO_Menulis_046,train
/content/extracted_images/train/Menulis/BISINDO_Menulis_046_frame3.jpg,Menulis,BISINDO_Menulis_046,train
/content/extracted_images/train/Menulis/BISINDO_Menulis_002_frame1.jpg,Menulis,BISINDO_Menulis_002,train
/content/extracted_images/train/Menulis/BISINDO_Menulis_002_frame2.jpg,Menulis,BISINDO_Menulis_002,train
/content/extracted_images/train/Menulis/BISINDO_Menulis_002_frame3.jpg,Menulis,BISINDO_Menulis_002,train
/content/extracted_images/train/Menulis/BISINDO_Menulis_003_frame1.jpg,Menulis,BISINDO_Menulis_003,train
/content/extracted_images/train/Menulis/BISINDO_Menulis_003_frame2.jpg,Menulis,BISINDO_Menulis_003,train
/content/extracted_images/train/Menulis/BISINDO_Menulis_003_frame3.jpg,Menulis,BISINDO_Menulis_003,train
/content/extracted_images/train/Menulis/BISINDO_Menulis_005_frame1.jpg,Menulis,BISINDO_Menulis_005,train
/content/extracted_images/train/Menulis/BISINDO_Menulis_005_frame2.jpg,Menulis,BISINDO_Menulis_005,train
/content/extracted_images/train/Menulis/BISINDO_Menulis_005_frame3.jpg,Menulis,BISINDO_Menulis_005,train
/content/extracted_images/train/Menulis/BISINDO_Menulis_040_frame1.jpg,Menulis,BISINDO_Menulis_040,train
/content/extracted_images/train/Menulis/BISINDO_Menulis_040_frame2.jpg,Menulis,BISINDO_Menulis_040,train
/content/extracted_images/train/Menulis/BISINDO_Menulis_040_frame3.jpg,Menulis,BISINDO_Menulis_040,train
/content/extracted_images/train/Menulis/BISINDO_Menulis_032_frame1.jpg,Menulis,BISINDO_Menulis_032,train
/content/extracted_images/train/Menulis/BISINDO_Menulis_032_frame2.jpg,Menulis,BISINDO_Menulis_032,train
/content/extracted_images/train/Menulis/BISINDO_Menulis_032_frame3.jpg,Menulis,BISINDO_Menulis_032,train
/content/extracted_images/train/Menulis/BISINDO_Menulis_006_frame1.jpg,Menulis,BISINDO_Menulis_006,train
/content/extracted_images/train/Menulis/BISINDO_Menulis_006_frame2.jpg,Menulis,BISINDO_Menulis_006,train
/content/extracted_images/train/Menulis/BISINDO_Menulis_006_frame3.jpg,Menulis,BISINDO_Menulis_006,train
/content/extracted_images/train/Menulis/BISINDO_Menulis_027_frame1.jpg,Menulis,BISINDO_Menulis_027,train
/content/extracted_images/train/Menulis/BISINDO_Menulis_027_frame2.jpg,Menulis,BISINDO_Menulis_027,train
/content/extracted_images/train/Menulis/BISINDO_Menulis_027_frame3.jpg,Menulis,BISINDO_Menulis_027,train
/content/extracted_images/train/Menulis/BISINDO_Menulis_019_frame1.jpg,Menulis,BISINDO_Menulis_019,train
/content/extracted_images/train/Menulis/BISINDO_Menulis_019_frame2.jpg,Menulis,BISINDO_Menulis_019,train
/content/extracted_images/train/Menulis/BISINDO_Menulis_019_frame3.jpg,Menulis,BISINDO_Menulis_019,train
/content/extracted_images/train/Menulis/BISINDO_Menulis_042_frame1.jpg,Menulis,BISINDO_Menulis_042,train
/content/extracted_images/train/Menulis/BISINDO_Menulis_042_frame2.jpg,Menulis,BISINDO_Menulis_042,train
/content/extracted_images/train/Menulis/BISINDO_Menulis_042_frame3.jpg,Menulis,BISINDO_Menulis_042,train
/content/extracted_images/train/Menulis/BISINDO_Menulis_045_frame1.jpg,Menulis,BISINDO_Menulis_045,train
/content/extracted_images/train/Menulis/BISINDO_Menulis_045_frame2.jpg,Menulis,BISINDO_Menulis_045,train
/content/extracted_images/train/Menulis/BISINDO_Menulis_045_frame3.jpg,Menulis,BISINDO_Menulis_045,train
/content/extracted_images/train/Menulis/BISINDO_Menulis_022_frame1.jpg,Menulis,BISINDO_Menulis_022,train
/content/extracted_images/train/Menulis/BISINDO_Menulis_022_frame2.jpg,Menulis,BISINDO_Menulis_022,train
/content/extracted_images/train/Menulis/BISINDO_Menulis_022_frame3.jpg,Menulis,BISINDO_Menulis_022,train
/content/extracted_images/train/Menulis/BISINDO_Menulis_043_frame1.jpg,Menulis,BISINDO_Menulis_043,train
/content/extracted_images/train/Menulis/BISINDO_Menulis_043_frame2.jpg,Menulis,BISINDO_Menulis_043,train
/content/extracted_images/train/Menulis/BISINDO_Menulis_043_frame3.jpg,Menulis,BISINDO_Menulis_043,train
/content/extracted_images/train/Menulis/BISINDO_Menulis_025_frame1.jpg,Menulis,BISINDO_Menulis_025,train
/content/extracted_images/train/Menulis/BISINDO_Menulis_025_frame2.jpg,Menulis,BISINDO_Menulis_025,train
/content/extracted_images/train/Menulis/BISINDO_Menulis_025_frame3.jpg,Menulis,BISINDO_Menulis_025,train
/content/extracted_images/train/Menulis/BISINDO_Menulis_039_frame1.jpg,Menulis,BISINDO_Menulis_039,train
/content/extracted_images/train/Menulis/BISINDO_Menulis_039_frame2.jpg,Menulis,BISINDO_Menulis_039,train
/content/extracted_images/train/Menulis/BISINDO_Menulis_039_frame3.jpg,Menulis,BISINDO_Menulis_039,train
/content/extracted_images/train/Menulis/BISINDO_Menulis_038_frame1.jpg,Menulis,BISINDO_Menulis_038,train
/content/extracted_images/train/Menulis/BISINDO_Menulis_038_frame2.jpg,Menulis,BISINDO_Menulis_038,train
/content/extracted_images/train/Menulis/BISINDO_Menulis_038_frame3.jpg,Menulis,BISINDO_Menulis_038,train
/content/extracted_images/train/Menulis/BISINDO_Menulis_004_frame1.jpg,Menulis,BISINDO_Menulis_004,train
/content/extracted_images/train/Menulis/BISINDO_Menulis_004_frame2.jpg,Menulis,BISINDO_Menulis_004,train
/content/extracted_images/train/Menulis/BISINDO_Menulis_004_frame3.jpg,Menulis,BISINDO_Menulis_004,train
/content/extracted_images/train/Menulis/BISINDO_Menulis_050_frame1.jpg,Menulis,BISINDO_Menulis_050,train
/content/extracted_images/train/Menulis/BISINDO_Menulis_050_frame2.jpg,Menulis,BISINDO_Menulis_050,train
/content/extracted_images/train/Menulis/BISINDO_Menulis_050_frame3.jpg,Menulis,BISINDO_Menulis_050,train
/content/extracted_images/train/Menulis/BISINDO_Menulis_020_frame1.jpg,Menulis,BISINDO_Menulis_020,train
/content/extracted_images/train/Menulis/BISINDO_Menulis_020_frame2.jpg,Menulis,BISINDO_Menulis_020,train
/content/extracted_images/train/Menulis/BISINDO_Menulis_020_frame3.jpg,Menulis,BISINDO_Menulis_020,train
/content/extracted_images/train/Menulis/BISINDO_Menulis_018_frame1.jpg,Menulis,BISINDO_Menulis_018,train
/content/extracted_images/train/Menulis/BISINDO_Menulis_018_frame2.jpg,Menulis,BISINDO_Menulis_018,train
/content/extracted_images/train/Menulis/BISINDO_Menulis_018_frame3.jpg,Menulis,BISINDO_Menulis_018,train
/content/extracted_images/train/Kalian/BISINDO_Kalian_016_frame1.jpg,Kalian,BISINDO_Kalian_016,train
/content/extracted_images/train/Kalian/BISINDO_Kalian_016_frame2.jpg,Kalian,BISINDO_Kalian_016,train
/content/extracted_images/train/Kalian/BISINDO_Kalian_016_frame3.jpg,Kalian,BISINDO_Kalian_016,train
/content/extracted_images/train/Kalian/BISINDO_Kalian_047_frame1.jpg,Kalian,BISINDO_Kalian_047,train
/content/extracted_images/train/Kalian/BISINDO_Kalian_047_frame2.jpg,Kalian,BISINDO_Kalian_047,train
/content/extracted_images/train/Kalian/BISINDO_Kalian_047_frame3.jpg,Kalian,BISINDO_Kalian_047,train
/content/extracted_images/train/Kalian/BISINDO_Kalian_002_frame1.jpg,Kalian,BISINDO_Kalian_002,train
/content/extracted_images/train/Kalian/BISINDO_Kalian_002_frame2.jpg,Kalian,BISINDO_Kalian_002,train
/content/extracted_images/train/Kalian/BISINDO_Kalian_002_frame3.jpg,Kalian,BISINDO_Kalian_002,train
/content/extracted_images/train/Kalian/BISINDO_Kalian_033_frame1.jpg,Kalian,BISINDO_Kalian_033,train
/content/extracted_images/train/Kalian/BISINDO_Kalian_033_frame2.jpg,Kalian,BISINDO_Kalian_033,train
/content/extracted_images/train/Kalian/BISINDO_Kalian_033_frame3.jpg,Kalian,BISINDO_Kalian_033,train
/content/extracted_images/train/Kalian/BISINDO_Kalian_049_frame1.jpg,Kalian,BISINDO_Kalian_049,train
/content/extracted_images/train/Kalian/BISINDO_Kalian_049_frame2.jpg,Kalian,BISINDO_Kalian_049,train
/content/extracted_images/train/Kalian/BISINDO_Kalian_049_frame3.jpg,Kalian,BISINDO_Kalian_049,train
/content/extracted_images/train/Kalian/BISINDO_Kalian_048_frame1.jpg,Kalian,BISINDO_Kalian_048,train
/content/extracted_images/train/Kalian/BISINDO_Kalian_048_frame2.jpg,Kalian,BISINDO_Kalian_048,train
/content/extracted_images/train/Kalian/BISINDO_Kalian_048_frame3.jpg,Kalian,BISINDO_Kalian_048,train
/content/extracted_images/train/Kalian/BISINDO_Kalian_043_frame1.jpg,Kalian,BISINDO_Kalian_043,train
/content/extracted_images/train/Kalian/BISINDO_Kalian_043_frame2.jpg,Kalian,BISINDO_Kalian_043,train
/content/extracted_images/train/Kalian/BISINDO_Kalian_043_frame3.jpg,Kalian,BISINDO_Kalian_043,train
/content/extracted_images/train/Kalian/BISINDO_Kalian_013_frame1.jpg,Kalian,BISINDO_Kalian_013,train
/content/extracted_images/train/Kalian/BISINDO_Kalian_013_frame2.jpg,Kalian,BISINDO_Kalian_013,train
/content/extracted_images/train/Kalian/BISINDO_Kalian_013_frame3.jpg,Kalian,BISINDO_Kalian_013,train
/content/extracted_images/train/Kalian/BISINDO_Kalian_042_frame1.jpg,Kalian,BISINDO_Kalian_042,train
/content/extracted_images/train/Kalian/BISINDO_Kalian_042_frame2.jpg,Kalian,BISINDO_Kalian_042,train
/content/extracted_images/train/Kalian/BISINDO_Kalian_042_frame3.jpg,Kalian,BISINDO_Kalian_042,train
/content/extracted_images/train/Kalian/BISINDO_Kalian_010_frame1.jpg,Kalian,BISINDO_Kalian_010,train
/content/extracted_images/train/Kalian/BISINDO_Kalian_010_frame2.jpg,Kalian,BISINDO_Kalian_010,train
/content/extracted_images/train/Kalian/BISINDO_Kalian_010_frame3.jpg,Kalian,BISINDO_Kalian_010,train
/content/extracted_images/train/Kalian/BISINDO_Kalian_030_frame1.jpg,Kalian,BISINDO_Kalian_030,train
/content/extracted_images/train/Kalian/BISINDO_Kalian_030_frame2.jpg,Kalian,BISINDO_Kalian_030,train
/content/extracted_images/train/Kalian/BISINDO_Kalian_030_frame3.jpg,Kalian,BISINDO_Kalian_030,train
/content/extracted_images/train/Kalian/BISINDO_Kalian_032_frame1.jpg,Kalian,BISINDO_Kalian_032,train
/content/extracted_images/train/Kalian/BISINDO_Kalian_032_frame2.jpg,Kalian,BISINDO_Kalian_032,train
/content/extracted_images/train/Kalian/BISINDO_Kalian_032_frame3.jpg,Kalian,BISINDO_Kalian_032,train
/content/extracted_images/train/Kalian/BISINDO_Kalian_001_frame1.jpg,Kalian,BISINDO_Kalian_001,train
/content/extracted_images/train/Kalian/BISINDO_Kalian_001_frame2.jpg,Kalian,BISINDO_Kalian_001,train
/content/extracted_images/train/Kalian/BISINDO_Kalian_001_frame3.jpg,Kalian,BISINDO_Kalian_001,train
/content/extracted_images/train/Kalian/BISINDO_Kalian_041_frame1.jpg,Kalian,BISINDO_Kalian_041,train
/content/extracted_images/train/Kalian/BISINDO_Kalian_041_frame2.jpg,Kalian,BISINDO_Kalian_041,train
/content/extracted_images/train/Kalian/BISINDO_Kalian_041_frame3.jpg,Kalian,BISINDO_Kalian_041,train
/content/extracted_images/train/Kalian/BISINDO_Kalian_009_frame1.jpg,Kalian,BISINDO_Kalian_009,train
/content/extracted_images/train/Kalian/BISINDO_Kalian_009_frame2.jpg,Kalian,BISINDO_Kalian_009,train
/content/extracted_images/train/Kalian/BISINDO_Kalian_009_frame3.jpg,Kalian,BISINDO_Kalian_009,train
/content/extracted_images/train/Kalian/BISINDO_Kalian_022_frame1.jpg,Kalian,BISINDO_Kalian_022,train
/content/extracted_images/train/Kalian/BISINDO_Kalian_022_frame2.jpg,Kalian,BISINDO_Kalian_022,train
/content/extracted_images/train/Kalian/BISINDO_Kalian_022_frame3.jpg,Kalian,BISINDO_Kalian_022,train
/content/extracted_images/train/Kalian/BISINDO_Kalian_035_frame1.jpg,Kalian,BISINDO_Kalian_035,train
/content/extracted_images/train/Kalian/BISINDO_Kalian_035_frame2.jpg,Kalian,BISINDO_Kalian_035,train
/content/extracted_images/train/Kalian/BISINDO_Kalian_035_frame3.jpg,Kalian,BISINDO_Kalian_035,train
/content/extracted_images/train/Kalian/BISINDO_Kalian_004_frame1.jpg,Kalian,BISINDO_Kalian_004,train
/content/extracted_images/train/Kalian/BISINDO_Kalian_004_frame2.jpg,Kalian,BISINDO_Kalian_004,train
/content/extracted_images/train/Kalian/BISINDO_Kalian_004_frame3.jpg,Kalian,BISINDO_Kalian_004,train
/content/extracted_images/train/Kalian/BISINDO_Kalian_027_frame1.jpg,Kalian,BISINDO_Kalian_027,train
/content/extracted_images/train/Kalian/BISINDO_Kalian_027_frame2.jpg,Kalian,BISINDO_Kalian_027,train
/content/extracted_images/train/Kalian/BISINDO_Kalian_027_frame3.jpg,Kalian,BISINDO_Kalian_027,train
/content/extracted_images/train/Kalian/BISINDO_Kalian_020_frame1.jpg,Kalian,BISINDO_Kalian_020,train
/content/extracted_images/train/Kalian/BISINDO_Kalian_020_frame2.jpg,Kalian,BISINDO_Kalian_020,train
/content/extracted_images/train/Kalian/BISINDO_Kalian_020_frame3.jpg,Kalian,BISINDO_Kalian_020,train
/content/extracted_images/train/Kalian/BISINDO_Kalian_028_frame1.jpg,Kalian,BISINDO_Kalian_028,train
/content/extracted_images/train/Kalian/BISINDO_Kalian_028_frame2.jpg,Kalian,BISINDO_Kalian_028,train
/content/extracted_images/train/Kalian/BISINDO_Kalian_028_frame3.jpg,Kalian,BISINDO_Kalian_028,train
/content/extracted_images/train/Kalian/BISINDO_Kalian_046_frame1.jpg,Kalian,BISINDO_Kalian_046,train
/content/extracted_images/train/Kalian/BISINDO_Kalian_046_frame2.jpg,Kalian,BISINDO_Kalian_046,train
/content/extracted_images/train/Kalian/BISINDO_Kalian_046_frame3.jpg,Kalian,BISINDO_Kalian_046,train
/content/extracted_images/train/Kalian/BISINDO_Kalian_024_frame1.jpg,Kalian,BISINDO_Kalian_024,train
/content/extracted_images/train/Kalian/BISINDO_Kalian_024_frame2.jpg,Kalian,BISINDO_Kalian_024,train
/content/extracted_images/train/Kalian/BISINDO_Kalian_024_frame3.jpg,Kalian,BISINDO_Kalian_024,train
/content/extracted_images/train/Kalian/BISINDO_Kalian_005_frame1.jpg,Kalian,BISINDO_Kalian_005,train
/content/extracted_images/train/Kalian/BISINDO_Kalian_005_frame2.jpg,Kalian,BISINDO_Kalian_005,train
/content/extracted_images/train/Kalian/BISINDO_Kalian_005_frame3.jpg,Kalian,BISINDO_Kalian_005,train
/content/extracted_images/train/Kalian/BISINDO_Kalian_007_frame1.jpg,Kalian,BISINDO_Kalian_007,train
/content/extracted_images/train/Kalian/BISINDO_Kalian_007_frame2.jpg,Kalian,BISINDO_Kalian_007,train
/content/extracted_images/train/Kalian/BISINDO_Kalian_007_frame3.jpg,Kalian,BISINDO_Kalian_007,train
/content/extracted_images/train/Kalian/BISINDO_Kalian_044_frame1.jpg,Kalian,BISINDO_Kalian_044,train
/content/extracted_images/train/Kalian/BISINDO_Kalian_044_frame2.jpg,Kalian,BISINDO_Kalian_044,train
/content/extracted_images/train/Kalian/BISINDO_Kalian_044_frame3.jpg,Kalian,BISINDO_Kalian_044,train
/content/extracted_images/train/Kalian/BISINDO_Kalian_045_frame1.jpg,Kalian,BISINDO_Kalian_045,train
/content/extracted_images/train/Kalian/BISINDO_Kalian_045_frame2.jpg,Kalian,BISINDO_Kalian_045,train
/content/extracted_images/train/Kalian/BISINDO_Kalian_045_frame3.jpg,Kalian,BISINDO_Kalian_045,train
/content/extracted_images/train/Kalian/BISINDO_Kalian_026_frame1.jpg,Kalian,BISINDO_Kalian_026,train
/content/extracted_images/train/Kalian/BISINDO_Kalian_026_frame2.jpg,Kalian,BISINDO_Kalian_026,train
/content/extracted_images/train/Kalian/BISINDO_Kalian_026_frame3.jpg,Kalian,BISINDO_Kalian_026,train
/content/extracted_images/train/Kalian/BISINDO_Kalian_040_frame1.jpg,Kalian,BISINDO_Kalian_040,train
/content/extracted_images/train/Kalian/BISINDO_Kalian_040_frame2.jpg,Kalian,BISINDO_Kalian_040,train
/content/extracted_images/train/Kalian/BISINDO_Kalian_040_frame3.jpg,Kalian,BISINDO_Kalian_040,train
/content/extracted_images/train/Kalian/BISINDO_Kalian_017_frame1.jpg,Kalian,BISINDO_Kalian_017,train
/content/extracted_images/train/Kalian/BISINDO_Kalian_017_frame2.jpg,Kalian,BISINDO_Kalian_017,train
/content/extracted_images/train/Kalian/BISINDO_Kalian_017_frame3.jpg,Kalian,BISINDO_Kalian_017,train
/content/extracted_images/train/Kalian/BISINDO_Kalian_025_frame1.jpg,Kalian,BISINDO_Kalian_025,train
/content/extracted_images/train/Kalian/BISINDO_Kalian_025_frame2.jpg,Kalian,BISINDO_Kalian_025,train
/content/extracted_images/train/Kalian/BISINDO_Kalian_025_frame3.jpg,Kalian,BISINDO_Kalian_025,train
/content/extracted_images/train/Kalian/BISINDO_Kalian_036_frame1.jpg,Kalian,BISINDO_Kalian_036,train
/content/extracted_images/train/Kalian/BISINDO_Kalian_036_frame2.jpg,Kalian,BISINDO_Kalian_036,train
/content/extracted_images/train/Kalian/BISINDO_Kalian_036_frame3.jpg,Kalian,BISINDO_Kalian_036,train
/content/extracted_images/train/Kalian/BISINDO_Kalian_023_frame1.jpg,Kalian,BISINDO_Kalian_023,train
/content/extracted_images/train/Kalian/BISINDO_Kalian_023_frame2.jpg,Kalian,BISINDO_Kalian_023,train
/content/extracted_images/train/Kalian/BISINDO_Kalian_023_frame3.jpg,Kalian,BISINDO_Kalian_023,train
/content/extracted_images/train/Kalian/BISINDO_Kalian_039_frame1.jpg,Kalian,BISINDO_Kalian_039,train
/content/extracted_images/train/Kalian/BISINDO_Kalian_039_frame2.jpg,Kalian,BISINDO_Kalian_039,train
/content/extracted_images/train/Kalian/BISINDO_Kalian_039_frame3.jpg,Kalian,BISINDO_Kalian_039,train
/content/extracted_images/train/Kalian/BISINDO_Kalian_050_frame1.jpg,Kalian,BISINDO_Kalian_050,train
/content/extracted_images/train/Kalian/BISINDO_Kalian_050_frame2.jpg,Kalian,BISINDO_Kalian_050,train
/content/extracted_images/train/Kalian/BISINDO_Kalian_050_frame3.jpg,Kalian,BISINDO_Kalian_050,train
/content/extracted_images/train/Kalian/BISINDO_Kalian_034_frame1.jpg,Kalian,BISINDO_Kalian_034,train
/content/extracted_images/train/Kalian/BISINDO_Kalian_034_frame2.jpg,Kalian,BISINDO_Kalian_034,train
/content/extracted_images/train/Kalian/BISINDO_Kalian_034_frame3.jpg,Kalian,BISINDO_Kalian_034,train
/content/extracted_images/train/Kalian/BISINDO_Kalian_006_frame1.jpg,Kalian,BISINDO_Kalian_006,train
/content/extracted_images/train/Kalian/BISINDO_Kalian_006_frame2.jpg,Kalian,BISINDO_Kalian_006,train
/content/extracted_images/train/Kalian/BISINDO_Kalian_006_frame3.jpg,Kalian,BISINDO_Kalian_006,train
/content/extracted_images/train/Kalian/BISINDO_Kalian_037_frame1.jpg,Kalian,BISINDO_Kalian_037,train
/content/extracted_images/train/Kalian/BISINDO_Kalian_037_frame2.jpg,Kalian,BISINDO_Kalian_037,train
/content/extracted_images/train/Kalian/BISINDO_Kalian_037_frame3.jpg,Kalian,BISINDO_Kalian_037,train
/content/extracted_images/train/Kalian/BISINDO_Kalian_015_frame1.jpg,Kalian,BISINDO_Kalian_015,train
/content/extracted_images/train/Kalian/BISINDO_Kalian_015_frame2.jpg,Kalian,BISINDO_Kalian_015,train
/content/extracted_images/train/Kalian/BISINDO_Kalian_015_frame3.jpg,Kalian,BISINDO_Kalian_015,train
/content/extracted_images/train/Tidur/BISINDO_Tidur_027_frame1.jpg,Tidur,BISINDO_Tidur_027,train
/content/extracted_images/train/Tidur/BISINDO_Tidur_027_frame2.jpg,Tidur,BISINDO_Tidur_027,train
/content/extracted_images/train/Tidur/BISINDO_Tidur_027_frame3.jpg,Tidur,BISINDO_Tidur_027,train
/content/extracted_images/train/Tidur/BISINDO_Tidur_047_frame1.jpg,Tidur,BISINDO_Tidur_047,train
/content/extracted_images/train/Tidur/BISINDO_Tidur_047_frame2.jpg,Tidur,BISINDO_Tidur_047,train
/content/extracted_images/train/Tidur/BISINDO_Tidur_047_frame3.jpg,Tidur,BISINDO_Tidur_047,train
/content/extracted_images/train/Tidur/BISINDO_Tidur_018_frame1.jpg,Tidur,BISINDO_Tidur_018,train
/content/extracted_images/train/Tidur/BISINDO_Tidur_018_frame2.jpg,Tidur,BISINDO_Tidur_018,train
/content/extracted_images/train/Tidur/BISINDO_Tidur_018_frame3.jpg,Tidur,BISINDO_Tidur_018,train
/content/extracted_images/train/Tidur/BISINDO_Tidur_043_frame1.jpg,Tidur,BISINDO_Tidur_043,train
/content/extracted_images/train/Tidur/BISINDO_Tidur_043_frame2.jpg,Tidur,BISINDO_Tidur_043,train
/content/extracted_images/train/Tidur/BISINDO_Tidur_043_frame3.jpg,Tidur,BISINDO_Tidur_043,train
/content/extracted_images/train/Tidur/BISINDO_Tidur_036_frame1.jpg,Tidur,BISINDO_Tidur_036,train
/content/extracted_images/train/Tidur/BISINDO_Tidur_036_frame2.jpg,Tidur,BISINDO_Tidur_036,train
/content/extracted_images/train/Tidur/BISINDO_Tidur_036_frame3.jpg,Tidur,BISINDO_Tidur_036,train
/content/extracted_images/train/Tidur/BISINDO_Tidur_037_frame1.jpg,Tidur,BISINDO_Tidur_037,train
/content/extracted_images/train/Tidur/BISINDO_Tidur_037_frame2.jpg,Tidur,BISINDO_Tidur_037,train
/content/extracted_images/train/Tidur/BISINDO_Tidur_037_frame3.jpg,Tidur,BISINDO_Tidur_037,train
/content/extracted_images/train/Tidur/BISINDO_Tidur_029_frame1.jpg,Tidur,BISINDO_Tidur_029,train
/content/extracted_images/train/Tidur/BISINDO_Tidur_029_frame2.jpg,Tidur,BISINDO_Tidur_029,train
/content/extracted_images/train/Tidur/BISINDO_Tidur_029_frame3.jpg,Tidur,BISINDO_Tidur_029,train
/content/extracted_images/train/Tidur/BISINDO_Tidur_010_frame1.jpg,Tidur,BISINDO_Tidur_010,train
/content/extracted_images/train/Tidur/BISINDO_Tidur_010_frame2.jpg,Tidur,BISINDO_Tidur_010,train
/content/extracted_images/train/Tidur/BISINDO_Tidur_010_frame3.jpg,Tidur,BISINDO_Tidur_010,train
/content/extracted_images/train/Tidur/BISINDO_Tidur_008_frame1.jpg,Tidur,BISINDO_Tidur_008,train
/content/extracted_images/train/Tidur/BISINDO_Tidur_008_frame2.jpg,Tidur,BISINDO_Tidur_008,train
/content/extracted_images/train/Tidur/BISINDO_Tidur_008_frame3.jpg,Tidur,BISINDO_Tidur_008,train
/content/extracted_images/train/Tidur/BISINDO_Tidur_041_frame1.jpg,Tidur,BISINDO_Tidur_041,train
/content/extracted_images/train/Tidur/BISINDO_Tidur_041_frame2.jpg,Tidur,BISINDO_Tidur_041,train
/content/extracted_images/train/Tidur/BISINDO_Tidur_041_frame3.jpg,Tidur,BISINDO_Tidur_041,train
/content/extracted_images/train/Tidur/BISINDO_Tidur_034_frame1.jpg,Tidur,BISINDO_Tidur_034,train
/content/extracted_images/train/Tidur/BISINDO_Tidur_034_frame2.jpg,Tidur,BISINDO_Tidur_034,train
/content/extracted_images/train/Tidur/BISINDO_Tidur_034_frame3.jpg,Tidur,BISINDO_Tidur_034,train
/content/extracted_images/train/Tidur/BISINDO_Tidur_048_frame1.jpg,Tidur,BISINDO_Tidur_048,train
/content/extracted_images/train/Tidur/BISINDO_Tidur_048_frame2.jpg,Tidur,BISINDO_Tidur_048,train
/content/extracted_images/train/Tidur/BISINDO_Tidur_048_frame3.jpg,Tidur,BISINDO_Tidur_048,train
/content/extracted_images/train/Tidur/BISINDO_Tidur_005_frame1.jpg,Tidur,BISINDO_Tidur_005,train
/content/extracted_images/train/Tidur/BISINDO_Tidur_005_frame2.jpg,Tidur,BISINDO_Tidur_005,train
/content/extracted_images/train/Tidur/BISINDO_Tidur_005_frame3.jpg,Tidur,BISINDO_Tidur_005,train
/content/extracted_images/train/Tidur/BISINDO_Tidur_049_frame1.jpg,Tidur,BISINDO_Tidur_049,train
/content/extracted_images/train/Tidur/BISINDO_Tidur_049_frame2.jpg,Tidur,BISINDO_Tidur_049,train
/content/extracted_images/train/Tidur/BISINDO_Tidur_049_frame3.jpg,Tidur,BISINDO_Tidur_049,train
/content/extracted_images/train/Tidur/BISINDO_Tidur_003_frame1.jpg,Tidur,BISINDO_Tidur_003,train
/content/extracted_images/train/Tidur/BISINDO_Tidur_003_frame2.jpg,Tidur,BISINDO_Tidur_003,train
/content/extracted_images/train/Tidur/BISINDO_Tidur_003_frame3.jpg,Tidur,BISINDO_Tidur_003,train
/content/extracted_images/train/Tidur/BISINDO_Tidur_002_frame1.jpg,Tidur,BISINDO_Tidur_002,train
/content/extracted_images/train/Tidur/BISINDO_Tidur_002_frame2.jpg,Tidur,BISINDO_Tidur_002,train
/content/extracted_images/train/Tidur/BISINDO_Tidur_002_frame3.jpg,Tidur,BISINDO_Tidur_002,train
/content/extracted_images/train/Tidur/BISINDO_Tidur_046_frame1.jpg,Tidur,BISINDO_Tidur_046,train
/content/extracted_images/train/Tidur/BISINDO_Tidur_046_frame2.jpg,Tidur,BISINDO_Tidur_046,train
/content/extracted_images/train/Tidur/BISINDO_Tidur_046_frame3.jpg,Tidur,BISINDO_Tidur_046,train
/content/extracted_images/train/Tidur/BISINDO_Tidur_040_frame1.jpg,Tidur,BISINDO_Tidur_040,train
/content/extracted_images/train/Tidur/BISINDO_Tidur_040_frame2.jpg,Tidur,BISINDO_Tidur_040,train
/content/extracted_images/train/Tidur/BISINDO_Tidur_040_frame3.jpg,Tidur,BISINDO_Tidur_040,train
/content/extracted_images/train/Tidur/BISINDO_Tidur_021_frame1.jpg,Tidur,BISINDO_Tidur_021,train
/content/extracted_images/train/Tidur/BISINDO_Tidur_021_frame2.jpg,Tidur,BISINDO_Tidur_021,train
/content/extracted_images/train/Tidur/BISINDO_Tidur_021_frame3.jpg,Tidur,BISINDO_Tidur_021,train
/content/extracted_images/train/Tidur/BISINDO_Tidur_044_frame1.jpg,Tidur,BISINDO_Tidur_044,train
/content/extracted_images/train/Tidur/BISINDO_Tidur_044_frame2.jpg,Tidur,BISINDO_Tidur_044,train
/content/extracted_images/train/Tidur/BISINDO_Tidur_044_frame3.jpg,Tidur,BISINDO_Tidur_044,train
/content/extracted_images/train/Tidur/BISINDO_Tidur_007_frame1.jpg,Tidur,BISINDO_Tidur_007,train
/content/extracted_images/train/Tidur/BISINDO_Tidur_007_frame2.jpg,Tidur,BISINDO_Tidur_007,train
/content/extracted_images/train/Tidur/BISINDO_Tidur_007_frame3.jpg,Tidur,BISINDO_Tidur_007,train
/content/extracted_images/train/Tidur/BISINDO_Tidur_019_frame1.jpg,Tidur,BISINDO_Tidur_019,train
/content/extracted_images/train/Tidur/BISINDO_Tidur_019_frame2.jpg,Tidur,BISINDO_Tidur_019,train
/content/extracted_images/train/Tidur/BISINDO_Tidur_019_frame3.jpg,Tidur,BISINDO_Tidur_019,train
/content/extracted_images/train/Tidur/BISINDO_Tidur_030_frame1.jpg,Tidur,BISINDO_Tidur_030,train
/content/extracted_images/train/Tidur/BISINDO_Tidur_030_frame2.jpg,Tidur,BISINDO_Tidur_030,train
/content/extracted_images/train/Tidur/BISINDO_Tidur_030_frame3.jpg,Tidur,BISINDO_Tidur_030,train
/content/extracted_images/train/Tidur/BISINDO_Tidur_045_frame1.jpg,Tidur,BISINDO_Tidur_045,train
/content/extracted_images/train/Tidur/BISINDO_Tidur_045_frame2.jpg,Tidur,BISINDO_Tidur_045,train
/content/extracted_images/train/Tidur/BISINDO_Tidur_045_frame3.jpg,Tidur,BISINDO_Tidur_045,train
/content/extracted_images/train/Tidur/BISINDO_Tidur_026_frame1.jpg,Tidur,BISINDO_Tidur_026,train
/content/extracted_images/train/Tidur/BISINDO_Tidur_026_frame2.jpg,Tidur,BISINDO_Tidur_026,train
/content/extracted_images/train/Tidur/BISINDO_Tidur_026_frame3.jpg,Tidur,BISINDO_Tidur_026,train
/content/extracted_images/train/Tidur/BISINDO_Tidur_016_frame1.jpg,Tidur,BISINDO_Tidur_016,train
/content/extracted_images/train/Tidur/BISINDO_Tidur_016_frame2.jpg,Tidur,BISINDO_Tidur_016,train
/content/extracted_images/train/Tidur/BISINDO_Tidur_016_frame3.jpg,Tidur,BISINDO_Tidur_016,train
/content/extracted_images/train/Tidur/BISINDO_Tidur_015_frame1.jpg,Tidur,BISINDO_Tidur_015,train
/content/extracted_images/train/Tidur/BISINDO_Tidur_015_frame2.jpg,Tidur,BISINDO_Tidur_015,train
/content/extracted_images/train/Tidur/BISINDO_Tidur_015_frame3.jpg,Tidur,BISINDO_Tidur_015,train
/content/extracted_images/train/Tidur/BISINDO_Tidur_042_frame1.jpg,Tidur,BISINDO_Tidur_042,train
/content/extracted_images/train/Tidur/BISINDO_Tidur_042_frame2.jpg,Tidur,BISINDO_Tidur_042,train
/content/extracted_images/train/Tidur/BISINDO_Tidur_042_frame3.jpg,Tidur,BISINDO_Tidur_042,train
/content/extracted_images/train/Tidur/BISINDO_Tidur_001_frame1.jpg,Tidur,BISINDO_Tidur_001,train
/content/extracted_images/train/Tidur/BISINDO_Tidur_001_frame2.jpg,Tidur,BISINDO_Tidur_001,train
/content/extracted_images/train/Tidur/BISINDO_Tidur_001_frame3.jpg,Tidur,BISINDO_Tidur_001,train
/content/extracted_images/train/Tidur/BISINDO_Tidur_050_frame1.jpg,Tidur,BISINDO_Tidur_050,train
/content/extracted_images/train/Tidur/BISINDO_Tidur_050_frame2.jpg,Tidur,BISINDO_Tidur_050,train
/content/extracted_images/train/Tidur/BISINDO_Tidur_050_frame3.jpg,Tidur,BISINDO_Tidur_050,train
/content/extracted_images/train/Tidur/BISINDO_Tidur_014_frame1.jpg,Tidur,BISINDO_Tidur_014,train
/content/extracted_images/train/Tidur/BISINDO_Tidur_014_frame2.jpg,Tidur,BISINDO_Tidur_014,train
/content/extracted_images/train/Tidur/BISINDO_Tidur_014_frame3.jpg,Tidur,BISINDO_Tidur_014,train
/content/extracted_images/train/Tidur/BISINDO_Tidur_009_frame1.jpg,Tidur,BISINDO_Tidur_009,train
/content/extracted_images/train/Tidur/BISINDO_Tidur_009_frame2.jpg,Tidur,BISINDO_Tidur_009,train
/content/extracted_images/train/Tidur/BISINDO_Tidur_009_frame3.jpg,Tidur,BISINDO_Tidur_009,train
/content/extracted_images/train/Tidur/BISINDO_Tidur_022_frame1.jpg,Tidur,BISINDO_Tidur_022,train
/content/extracted_images/train/Tidur/BISINDO_Tidur_022_frame2.jpg,Tidur,BISINDO_Tidur_022,train
/content/extracted_images/train/Tidur/BISINDO_Tidur_022_frame3.jpg,Tidur,BISINDO_Tidur_022,train
/content/extracted_images/train/Tidur/BISINDO_Tidur_024_frame1.jpg,Tidur,BISINDO_Tidur_024,train
/content/extracted_images/train/Tidur/BISINDO_Tidur_024_frame2.jpg,Tidur,BISINDO_Tidur_024,train
/content/extracted_images/train/Tidur/BISINDO_Tidur_024_frame3.jpg,Tidur,BISINDO_Tidur_024,train
/content/extracted_images/train/Tidur/BISINDO_Tidur_011_frame1.jpg,Tidur,BISINDO_Tidur_011,train
/content/extracted_images/train/Tidur/BISINDO_Tidur_011_frame2.jpg,Tidur,BISINDO_Tidur_011,train
/content/extracted_images/train/Tidur/BISINDO_Tidur_011_frame3.jpg,Tidur,BISINDO_Tidur_011,train
/content/extracted_images/train/Marah/BISINDO_Marah_031_frame1.jpg,Marah,BISINDO_Marah_031,train
/content/extracted_images/train/Marah/BISINDO_Marah_031_frame2.jpg,Marah,BISINDO_Marah_031,train
/content/extracted_images/train/Marah/BISINDO_Marah_031_frame3.jpg,Marah,BISINDO_Marah_031,train
/content/extracted_images/train/Marah/BISINDO_Marah_022_frame1.jpg,Marah,BISINDO_Marah_022,train
/content/extracted_images/train/Marah/BISINDO_Marah_022_frame2.jpg,Marah,BISINDO_Marah_022,train
/content/extracted_images/train/Marah/BISINDO_Marah_022_frame3.jpg,Marah,BISINDO_Marah_022,train
/content/extracted_images/train/Marah/BISINDO_Marah_020_frame1.jpg,Marah,BISINDO_Marah_020,train
/content/extracted_images/train/Marah/BISINDO_Marah_020_frame2.jpg,Marah,BISINDO_Marah_020,train
/content/extracted_images/train/Marah/BISINDO_Marah_020_frame3.jpg,Marah,BISINDO_Marah_020,train
/content/extracted_images/train/Marah/BISINDO_Marah_008_frame1.jpg,Marah,BISINDO_Marah_008,train
/content/extracted_images/train/Marah/BISINDO_Marah_008_frame2.jpg,Marah,BISINDO_Marah_008,train
/content/extracted_images/train/Marah/BISINDO_Marah_008_frame3.jpg,Marah,BISINDO_Marah_008,train
/content/extracted_images/train/Marah/BISINDO_Marah_046_frame1.jpg,Marah,BISINDO_Marah_046,train
/content/extracted_images/train/Marah/BISINDO_Marah_046_frame2.jpg,Marah,BISINDO_Marah_046,train
/content/extracted_images/train/Marah/BISINDO_Marah_046_frame3.jpg,Marah,BISINDO_Marah_046,train
/content/extracted_images/train/Marah/BISINDO_Marah_002_frame1.jpg,Marah,BISINDO_Marah_002,train
/content/extracted_images/train/Marah/BISINDO_Marah_002_frame2.jpg,Marah,BISINDO_Marah_002,train
/content/extracted_images/train/Marah/BISINDO_Marah_002_frame3.jpg,Marah,BISINDO_Marah_002,train
/content/extracted_images/train/Marah/BISINDO_Marah_032_frame1.jpg,Marah,BISINDO_Marah_032,train
/content/extracted_images/train/Marah/BISINDO_Marah_032_frame2.jpg,Marah,BISINDO_Marah_032,train
/content/extracted_images/train/Marah/BISINDO_Marah_032_frame3.jpg,Marah,BISINDO_Marah_032,train
/content/extracted_images/train/Marah/BISINDO_Marah_043_frame1.jpg,Marah,BISINDO_Marah_043,train
/content/extracted_images/train/Marah/BISINDO_Marah_043_frame2.jpg,Marah,BISINDO_Marah_043,train
/content/extracted_images/train/Marah/BISINDO_Marah_043_frame3.jpg,Marah,BISINDO_Marah_043,train
/content/extracted_images/train/Marah/BISINDO_Marah_035_frame1.jpg,Marah,BISINDO_Marah_035,train
/content/extracted_images/train/Marah/BISINDO_Marah_035_frame2.jpg,Marah,BISINDO_Marah_035,train
/content/extracted_images/train/Marah/BISINDO_Marah_035_frame3.jpg,Marah,BISINDO_Marah_035,train
/content/extracted_images/train/Marah/BISINDO_Marah_048_frame1.jpg,Marah,BISINDO_Marah_048,train
/content/extracted_images/train/Marah/BISINDO_Marah_048_frame2.jpg,Marah,BISINDO_Marah_048,train
/content/extracted_images/train/Marah/BISINDO_Marah_048_frame3.jpg,Marah,BISINDO_Marah_048,train
/content/extracted_images/train/Marah/BISINDO_Marah_021_frame1.jpg,Marah,BISINDO_Marah_021,train
/content/extracted_images/train/Marah/BISINDO_Marah_021_frame2.jpg,Marah,BISINDO_Marah_021,train
/content/extracted_images/train/Marah/BISINDO_Marah_021_frame3.jpg,Marah,BISINDO_Marah_021,train
/content/extracted_images/train/Marah/BISINDO_Marah_019_frame1.jpg,Marah,BISINDO_Marah_019,train
/content/extracted_images/train/Marah/BISINDO_Marah_019_frame2.jpg,Marah,BISINDO_Marah_019,train
/content/extracted_images/train/Marah/BISINDO_Marah_019_frame3.jpg,Marah,BISINDO_Marah_019,train
/content/extracted_images/train/Marah/BISINDO_Marah_025_frame1.jpg,Marah,BISINDO_Marah_025,train
/content/extracted_images/train/Marah/BISINDO_Marah_025_frame2.jpg,Marah,BISINDO_Marah_025,train
/content/extracted_images/train/Marah/BISINDO_Marah_025_frame3.jpg,Marah,BISINDO_Marah_025,train
/content/extracted_images/train/Marah/BISINDO_Marah_006_frame1.jpg,Marah,BISINDO_Marah_006,train
/content/extracted_images/train/Marah/BISINDO_Marah_006_frame2.jpg,Marah,BISINDO_Marah_006,train
/content/extracted_images/train/Marah/BISINDO_Marah_006_frame3.jpg,Marah,BISINDO_Marah_006,train
/content/extracted_images/train/Marah/BISINDO_Marah_036_frame1.jpg,Marah,BISINDO_Marah_036,train
/content/extracted_images/train/Marah/BISINDO_Marah_036_frame2.jpg,Marah,BISINDO_Marah_036,train
/content/extracted_images/train/Marah/BISINDO_Marah_036_frame3.jpg,Marah,BISINDO_Marah_036,train
/content/extracted_images/train/Marah/BISINDO_Marah_010_frame1.jpg,Marah,BISINDO_Marah_010,train
/content/extracted_images/train/Marah/BISINDO_Marah_010_frame2.jpg,Marah,BISINDO_Marah_010,train
/content/extracted_images/train/Marah/BISINDO_Marah_010_frame3.jpg,Marah,BISINDO_Marah_010,train
/content/extracted_images/train/Marah/BISINDO_Marah_001_frame1.jpg,Marah,BISINDO_Marah_001,train
/content/extracted_images/train/Marah/BISINDO_Marah_001_frame2.jpg,Marah,BISINDO_Marah_001,train
/content/extracted_images/train/Marah/BISINDO_Marah_001_frame3.jpg,Marah,BISINDO_Marah_001,train
/content/extracted_images/train/Marah/BISINDO_Marah_016_frame1.jpg,Marah,BISINDO_Marah_016,train
/content/extracted_images/train/Marah/BISINDO_Marah_016_frame2.jpg,Marah,BISINDO_Marah_016,train
/content/extracted_images/train/Marah/BISINDO_Marah_016_frame3.jpg,Marah,BISINDO_Marah_016,train
/content/extracted_images/train/Marah/BISINDO_Marah_024_frame1.jpg,Marah,BISINDO_Marah_024,train
/content/extracted_images/train/Marah/BISINDO_Marah_024_frame2.jpg,Marah,BISINDO_Marah_024,train
/content/extracted_images/train/Marah/BISINDO_Marah_024_frame3.jpg,Marah,BISINDO_Marah_024,train
/content/extracted_images/train/Marah/BISINDO_Marah_030_frame1.jpg,Marah,BISINDO_Marah_030,train
/content/extracted_images/train/Marah/BISINDO_Marah_030_frame2.jpg,Marah,BISINDO_Marah_030,train
/content/extracted_images/train/Marah/BISINDO_Marah_030_frame3.jpg,Marah,BISINDO_Marah_030,train
/content/extracted_images/train/Marah/BISINDO_Marah_003_frame1.jpg,Marah,BISINDO_Marah_003,train
/content/extracted_images/train/Marah/BISINDO_Marah_003_frame2.jpg,Marah,BISINDO_Marah_003,train
/content/extracted_images/train/Marah/BISINDO_Marah_003_frame3.jpg,Marah,BISINDO_Marah_003,train
/content/extracted_images/train/Marah/BISINDO_Marah_029_frame1.jpg,Marah,BISINDO_Marah_029,train
/content/extracted_images/train/Marah/BISINDO_Marah_029_frame2.jpg,Marah,BISINDO_Marah_029,train
/content/extracted_images/train/Marah/BISINDO_Marah_029_frame3.jpg,Marah,BISINDO_Marah_029,train
/content/extracted_images/train/Marah/BISINDO_Marah_049_frame1.jpg,Marah,BISINDO_Marah_049,train
/content/extracted_images/train/Marah/BISINDO_Marah_049_frame2.jpg,Marah,BISINDO_Marah_049,train
/content/extracted_images/train/Marah/BISINDO_Marah_049_frame3.jpg,Marah,BISINDO_Marah_049,train
/content/extracted_images/train/Marah/BISINDO_Marah_012_frame1.jpg,Marah,BISINDO_Marah_012,train
/content/extracted_images/train/Marah/BISINDO_Marah_012_frame2.jpg,Marah,BISINDO_Marah_012,train
/content/extracted_images/train/Marah/BISINDO_Marah_012_frame3.jpg,Marah,BISINDO_Marah_012,train
/content/extracted_images/train/Marah/BISINDO_Marah_027_frame1.jpg,Marah,BISINDO_Marah_027,train
/content/extracted_images/train/Marah/BISINDO_Marah_027_frame2.jpg,Marah,BISINDO_Marah_027,train
/content/extracted_images/train/Marah/BISINDO_Marah_027_frame3.jpg,Marah,BISINDO_Marah_027,train
/content/extracted_images/train/Marah/BISINDO_Marah_011_frame1.jpg,Marah,BISINDO_Marah_011,train
/content/extracted_images/train/Marah/BISINDO_Marah_011_frame2.jpg,Marah,BISINDO_Marah_011,train
/content/extracted_images/train/Marah/BISINDO_Marah_011_frame3.jpg,Marah,BISINDO_Marah_011,train
/content/extracted_images/train/Marah/BISINDO_Marah_041_frame1.jpg,Marah,BISINDO_Marah_041,train
/content/extracted_images/train/Marah/BISINDO_Marah_041_frame2.jpg,Marah,BISINDO_Marah_041,train
/content/extracted_images/train/Marah/BISINDO_Marah_041_frame3.jpg,Marah,BISINDO_Marah_041,train
/content/extracted_images/train/Marah/BISINDO_Marah_017_frame1.jpg,Marah,BISINDO_Marah_017,train
/content/extracted_images/train/Marah/BISINDO_Marah_017_frame2.jpg,Marah,BISINDO_Marah_017,train
/content/extracted_images/train/Marah/BISINDO_Marah_017_frame3.jpg,Marah,BISINDO_Marah_017,train
/content/extracted_images/train/Marah/BISINDO_Marah_050_frame1.jpg,Marah,BISINDO_Marah_050,train
/content/extracted_images/train/Marah/BISINDO_Marah_050_frame2.jpg,Marah,BISINDO_Marah_050,train
/content/extracted_images/train/Marah/BISINDO_Marah_050_frame3.jpg,Marah,BISINDO_Marah_050,train
/content/extracted_images/train/Marah/BISINDO_Marah_039_frame1.jpg,Marah,BISINDO_Marah_039,train
/content/extracted_images/train/Marah/BISINDO_Marah_039_frame2.jpg,Marah,BISINDO_Marah_039,train
/content/extracted_images/train/Marah/BISINDO_Marah_039_frame3.jpg,Marah,BISINDO_Marah_039,train
/content/extracted_images/train/Marah/BISINDO_Marah_026_frame1.jpg,Marah,BISINDO_Marah_026,train
/content/extracted_images/train/Marah/BISINDO_Marah_026_frame2.jpg,Marah,BISINDO_Marah_026,train
/content/extracted_images/train/Marah/BISINDO_Marah_026_frame3.jpg,Marah,BISINDO_Marah_026,train
/content/extracted_images/train/Marah/BISINDO_Marah_014_frame1.jpg,Marah,BISINDO_Marah_014,train
/content/extracted_images/train/Marah/BISINDO_Marah_014_frame2.jpg,Marah,BISINDO_Marah_014,train
/content/extracted_images/train/Marah/BISINDO_Marah_014_frame3.jpg,Marah,BISINDO_Marah_014,train
/content/extracted_images/train/Marah/BISINDO_Marah_047_frame1.jpg,Marah,BISINDO_Marah_047,train
/content/extracted_images/train/Marah/BISINDO_Marah_047_frame2.jpg,Marah,BISINDO_Marah_047,train
/content/extracted_images/train/Marah/BISINDO_Marah_047_frame3.jpg,Marah,BISINDO_Marah_047,train
/content/extracted_images/train/Marah/BISINDO_Marah_009_frame1.jpg,Marah,BISINDO_Marah_009,train
/content/extracted_images/train/Marah/BISINDO_Marah_009_frame2.jpg,Marah,BISINDO_Marah_009,train
/content/extracted_images/train/Marah/BISINDO_Marah_009_frame3.jpg,Marah,BISINDO_Marah_009,train
/content/extracted_images/train/Marah/BISINDO_Marah_044_frame1.jpg,Marah,BISINDO_Marah_044,train
/content/extracted_images/train/Marah/BISINDO_Marah_044_frame2.jpg,Marah,BISINDO_Marah_044,train
/content/extracted_images/train/Marah/BISINDO_Marah_044_frame3.jpg,Marah,BISINDO_Marah_044,train
/content/extracted_images/train/Marah/BISINDO_Marah_023_frame1.jpg,Marah,BISINDO_Marah_023,train
/content/extracted_images/train/Marah/BISINDO_Marah_023_frame2.jpg,Marah,BISINDO_Marah_023,train
/content/extracted_images/train/Marah/BISINDO_Marah_023_frame3.jpg,Marah,BISINDO_Marah_023,train
/content/extracted_images/train/Marah/BISINDO_Marah_045_frame1.jpg,Marah,BISINDO_Marah_045,train
/content/extracted_images/train/Marah/BISINDO_Marah_045_frame2.jpg,Marah,BISINDO_Marah_045,train
/content/extracted_images/train/Marah/BISINDO_Marah_045_frame3.jpg,Marah,BISINDO_Marah_045,train
/content/extracted_images/train/Marah/BISINDO_Marah_013_frame1.jpg,Marah,BISINDO_Marah_013,train
/content/extracted_images/train/Marah/BISINDO_Marah_013_frame2.jpg,Marah,BISINDO_Marah_013,train
/content/extracted_images/train/Marah/BISINDO_Marah_013_frame3.jpg,Marah,BISINDO_Marah_013,train
/content/extracted_images/train/Marah/BISINDO_Marah_004_frame1.jpg,Marah,BISINDO_Marah_004,train
/content/extracted_images/train/Marah/BISINDO_Marah_004_frame2.jpg,Marah,BISINDO_Marah_004,train
/content/extracted_images/train/Marah/BISINDO_Marah_004_frame3.jpg,Marah,BISINDO_Marah_004,train
/content/extracted_images/train/Marah/BISINDO_Marah_015_frame1.jpg,Marah,BISINDO_Marah_015,train
/content/extracted_images/train/Marah/BISINDO_Marah_015_frame2.jpg,Marah,BISINDO_Marah_015,train
/content/extracted_images/train/Marah/BISINDO_Marah_015_frame3.jpg,Marah,BISINDO_Marah_015,train
/content/extracted_images/train/Marah/BISINDO_Marah_007_frame1.jpg,Marah,BISINDO_Marah_007,train
/content/extracted_images/train/Marah/BISINDO_Marah_007_frame2.jpg,Marah,BISINDO_Marah_007,train
/content/extracted_images/train/Marah/BISINDO_Marah_007_frame3.jpg,Marah,BISINDO_Marah_007,train
/content/extracted_images/train/Marah/BISINDO_Marah_033_frame1.jpg,Marah,BISINDO_Marah_033,train
/content/extracted_images/train/Marah/BISINDO_Marah_033_frame2.jpg,Marah,BISINDO_Marah_033,train
/content/extracted_images/train/Marah/BISINDO_Marah_033_frame3.jpg,Marah,BISINDO_Marah_033,train
/content/extracted_images/train/Marah/BISINDO_Marah_018_frame1.jpg,Marah,BISINDO_Marah_018,train
/content/extracted_images/train/Marah/BISINDO_Marah_018_frame2.jpg,Marah,BISINDO_Marah_018,train
/content/extracted_images/train/Marah/BISINDO_Marah_018_frame3.jpg,Marah,BISINDO_Marah_018,train
/content/extracted_images/train/Marah/BISINDO_Marah_040_frame1.jpg,Marah,BISINDO_Marah_040,train
/content/extracted_images/train/Marah/BISINDO_Marah_040_frame2.jpg,Marah,BISINDO_Marah_040,train
/content/extracted_images/train/Marah/BISINDO_Marah_040_frame3.jpg,Marah,BISINDO_Marah_040,train
/content/extracted_images/train/Marah/BISINDO_Marah_038_frame1.jpg,Marah,BISINDO_Marah_038,train
/content/extracted_images/train/Marah/BISINDO_Marah_038_frame2.jpg,Marah,BISINDO_Marah_038,train
/content/extracted_images/train/Marah/BISINDO_Marah_038_frame3.jpg,Marah,BISINDO_Marah_038,train
/content/extracted_images/train/Senang/BISINDO_Senang_026_frame1.jpg,Senang,BISINDO_Senang_026,train
/content/extracted_images/train/Senang/BISINDO_Senang_026_frame2.jpg,Senang,BISINDO_Senang_026,train
/content/extracted_images/train/Senang/BISINDO_Senang_026_frame3.jpg,Senang,BISINDO_Senang_026,train
/content/extracted_images/train/Senang/BISINDO_Senang_031_frame1.jpg,Senang,BISINDO_Senang_031,train
/content/extracted_images/train/Senang/BISINDO_Senang_031_frame2.jpg,Senang,BISINDO_Senang_031,train
/content/extracted_images/train/Senang/BISINDO_Senang_031_frame3.jpg,Senang,BISINDO_Senang_031,train
/content/extracted_images/train/Senang/BISINDO_Senang_015_frame1.jpg,Senang,BISINDO_Senang_015,train
/content/extracted_images/train/Senang/BISINDO_Senang_015_frame2.jpg,Senang,BISINDO_Senang_015,train
/content/extracted_images/train/Senang/BISINDO_Senang_015_frame3.jpg,Senang,BISINDO_Senang_015,train
/content/extracted_images/train/Senang/BISINDO_Senang_044_frame1.jpg,Senang,BISINDO_Senang_044,train
/content/extracted_images/train/Senang/BISINDO_Senang_044_frame2.jpg,Senang,BISINDO_Senang_044,train
/content/extracted_images/train/Senang/BISINDO_Senang_044_frame3.jpg,Senang,BISINDO_Senang_044,train
/content/extracted_images/train/Senang/BISINDO_Senang_034_frame1.jpg,Senang,BISINDO_Senang_034,train
/content/extracted_images/train/Senang/BISINDO_Senang_034_frame2.jpg,Senang,BISINDO_Senang_034,train
/content/extracted_images/train/Senang/BISINDO_Senang_034_frame3.jpg,Senang,BISINDO_Senang_034,train
/content/extracted_images/train/Senang/BISINDO_Senang_032_frame1.jpg,Senang,BISINDO_Senang_032,train
/content/extracted_images/train/Senang/BISINDO_Senang_032_frame2.jpg,Senang,BISINDO_Senang_032,train
/content/extracted_images/train/Senang/BISINDO_Senang_032_frame3.jpg,Senang,BISINDO_Senang_032,train
/content/extracted_images/train/Senang/BISINDO_Senang_050_frame1.jpg,Senang,BISINDO_Senang_050,train
/content/extracted_images/train/Senang/BISINDO_Senang_050_frame2.jpg,Senang,BISINDO_Senang_050,train
/content/extracted_images/train/Senang/BISINDO_Senang_050_frame3.jpg,Senang,BISINDO_Senang_050,train
/content/extracted_images/train/Senang/BISINDO_Senang_019_frame1.jpg,Senang,BISINDO_Senang_019,train
/content/extracted_images/train/Senang/BISINDO_Senang_019_frame2.jpg,Senang,BISINDO_Senang_019,train
/content/extracted_images/train/Senang/BISINDO_Senang_019_frame3.jpg,Senang,BISINDO_Senang_019,train
/content/extracted_images/train/Senang/BISINDO_Senang_030_frame1.jpg,Senang,BISINDO_Senang_030,train
/content/extracted_images/train/Senang/BISINDO_Senang_030_frame2.jpg,Senang,BISINDO_Senang_030,train
/content/extracted_images/train/Senang/BISINDO_Senang_030_frame3.jpg,Senang,BISINDO_Senang_030,train
/content/extracted_images/train/Senang/BISINDO_Senang_020_frame1.jpg,Senang,BISINDO_Senang_020,train
/content/extracted_images/train/Senang/BISINDO_Senang_020_frame2.jpg,Senang,BISINDO_Senang_020,train
/content/extracted_images/train/Senang/BISINDO_Senang_020_frame3.jpg,Senang,BISINDO_Senang_020,train
/content/extracted_images/train/Senang/BISINDO_Senang_022_frame1.jpg,Senang,BISINDO_Senang_022,train
/content/extracted_images/train/Senang/BISINDO_Senang_022_frame2.jpg,Senang,BISINDO_Senang_022,train
/content/extracted_images/train/Senang/BISINDO_Senang_022_frame3.jpg,Senang,BISINDO_Senang_022,train
/content/extracted_images/train/Senang/BISINDO_Senang_047_frame1.jpg,Senang,BISINDO_Senang_047,train
/content/extracted_images/train/Senang/BISINDO_Senang_047_frame2.jpg,Senang,BISINDO_Senang_047,train
/content/extracted_images/train/Senang/BISINDO_Senang_047_frame3.jpg,Senang,BISINDO_Senang_047,train
/content/extracted_images/train/Senang/BISINDO_Senang_041_frame1.jpg,Senang,BISINDO_Senang_041,train
/content/extracted_images/train/Senang/BISINDO_Senang_041_frame2.jpg,Senang,BISINDO_Senang_041,train
/content/extracted_images/train/Senang/BISINDO_Senang_041_frame3.jpg,Senang,BISINDO_Senang_041,train
/content/extracted_images/train/Senang/BISINDO_Senang_036_frame1.jpg,Senang,BISINDO_Senang_036,train
/content/extracted_images/train/Senang/BISINDO_Senang_036_frame2.jpg,Senang,BISINDO_Senang_036,train
/content/extracted_images/train/Senang/BISINDO_Senang_036_frame3.jpg,Senang,BISINDO_Senang_036,train
/content/extracted_images/train/Senang/BISINDO_Senang_004_frame1.jpg,Senang,BISINDO_Senang_004,train
/content/extracted_images/train/Senang/BISINDO_Senang_004_frame2.jpg,Senang,BISINDO_Senang_004,train
/content/extracted_images/train/Senang/BISINDO_Senang_004_frame3.jpg,Senang,BISINDO_Senang_004,train
/content/extracted_images/train/Senang/BISINDO_Senang_011_frame1.jpg,Senang,BISINDO_Senang_011,train
/content/extracted_images/train/Senang/BISINDO_Senang_011_frame2.jpg,Senang,BISINDO_Senang_011,train
/content/extracted_images/train/Senang/BISINDO_Senang_011_frame3.jpg,Senang,BISINDO_Senang_011,train
/content/extracted_images/train/Senang/BISINDO_Senang_014_frame1.jpg,Senang,BISINDO_Senang_014,train
/content/extracted_images/train/Senang/BISINDO_Senang_014_frame2.jpg,Senang,BISINDO_Senang_014,train
/content/extracted_images/train/Senang/BISINDO_Senang_014_frame3.jpg,Senang,BISINDO_Senang_014,train
/content/extracted_images/train/Senang/BISINDO_Senang_025_frame1.jpg,Senang,BISINDO_Senang_025,train
/content/extracted_images/train/Senang/BISINDO_Senang_025_frame2.jpg,Senang,BISINDO_Senang_025,train
/content/extracted_images/train/Senang/BISINDO_Senang_025_frame3.jpg,Senang,BISINDO_Senang_025,train
/content/extracted_images/train/Senang/BISINDO_Senang_048_frame1.jpg,Senang,BISINDO_Senang_048,train
/content/extracted_images/train/Senang/BISINDO_Senang_048_frame2.jpg,Senang,BISINDO_Senang_048,train
/content/extracted_images/train/Senang/BISINDO_Senang_048_frame3.jpg,Senang,BISINDO_Senang_048,train
/content/extracted_images/train/Senang/BISINDO_Senang_008_frame1.jpg,Senang,BISINDO_Senang_008,train
/content/extracted_images/train/Senang/BISINDO_Senang_008_frame2.jpg,Senang,BISINDO_Senang_008,train
/content/extracted_images/train/Senang/BISINDO_Senang_008_frame3.jpg,Senang,BISINDO_Senang_008,train
/content/extracted_images/train/Senang/BISINDO_Senang_016_frame1.jpg,Senang,BISINDO_Senang_016,train
/content/extracted_images/train/Senang/BISINDO_Senang_016_frame2.jpg,Senang,BISINDO_Senang_016,train
/content/extracted_images/train/Senang/BISINDO_Senang_016_frame3.jpg,Senang,BISINDO_Senang_016,train
/content/extracted_images/train/Senang/BISINDO_Senang_003_frame1.jpg,Senang,BISINDO_Senang_003,train
/content/extracted_images/train/Senang/BISINDO_Senang_003_frame2.jpg,Senang,BISINDO_Senang_003,train
/content/extracted_images/train/Senang/BISINDO_Senang_003_frame3.jpg,Senang,BISINDO_Senang_003,train
/content/extracted_images/train/Senang/BISINDO_Senang_002_frame1.jpg,Senang,BISINDO_Senang_002,train
/content/extracted_images/train/Senang/BISINDO_Senang_002_frame2.jpg,Senang,BISINDO_Senang_002,train
/content/extracted_images/train/Senang/BISINDO_Senang_002_frame3.jpg,Senang,BISINDO_Senang_002,train
/content/extracted_images/train/Senang/BISINDO_Senang_042_frame1.jpg,Senang,BISINDO_Senang_042,train
/content/extracted_images/train/Senang/BISINDO_Senang_042_frame2.jpg,Senang,BISINDO_Senang_042,train
/content/extracted_images/train/Senang/BISINDO_Senang_042_frame3.jpg,Senang,BISINDO_Senang_042,train
/content/extracted_images/train/Senang/BISINDO_Senang_046_frame1.jpg,Senang,BISINDO_Senang_046,train
/content/extracted_images/train/Senang/BISINDO_Senang_046_frame2.jpg,Senang,BISINDO_Senang_046,train
/content/extracted_images/train/Senang/BISINDO_Senang_046_frame3.jpg,Senang,BISINDO_Senang_046,train
/content/extracted_images/train/Senang/BISINDO_Senang_010_frame1.jpg,Senang,BISINDO_Senang_010,train
/content/extracted_images/train/Senang/BISINDO_Senang_010_frame2.jpg,Senang,BISINDO_Senang_010,train
/content/extracted_images/train/Senang/BISINDO_Senang_010_frame3.jpg,Senang,BISINDO_Senang_010,train
/content/extracted_images/train/Senang/BISINDO_Senang_013_frame1.jpg,Senang,BISINDO_Senang_013,train
/content/extracted_images/train/Senang/BISINDO_Senang_013_frame2.jpg,Senang,BISINDO_Senang_013,train
/content/extracted_images/train/Senang/BISINDO_Senang_013_frame3.jpg,Senang,BISINDO_Senang_013,train
/content/extracted_images/train/Senang/BISINDO_Senang_006_frame1.jpg,Senang,BISINDO_Senang_006,train
/content/extracted_images/train/Senang/BISINDO_Senang_006_frame2.jpg,Senang,BISINDO_Senang_006,train
/content/extracted_images/train/Senang/BISINDO_Senang_006_frame3.jpg,Senang,BISINDO_Senang_006,train
/content/extracted_images/train/Senang/BISINDO_Senang_021_frame1.jpg,Senang,BISINDO_Senang_021,train
/content/extracted_images/train/Senang/BISINDO_Senang_021_frame2.jpg,Senang,BISINDO_Senang_021,train
/content/extracted_images/train/Senang/BISINDO_Senang_021_frame3.jpg,Senang,BISINDO_Senang_021,train
/content/extracted_images/train/Senang/BISINDO_Senang_027_frame1.jpg,Senang,BISINDO_Senang_027,train
/content/extracted_images/train/Senang/BISINDO_Senang_027_frame2.jpg,Senang,BISINDO_Senang_027,train
/content/extracted_images/train/Senang/BISINDO_Senang_027_frame3.jpg,Senang,BISINDO_Senang_027,train
/content/extracted_images/train/Senang/BISINDO_Senang_001_frame1.jpg,Senang,BISINDO_Senang_001,train
/content/extracted_images/train/Senang/BISINDO_Senang_001_frame2.jpg,Senang,BISINDO_Senang_001,train
/content/extracted_images/train/Senang/BISINDO_Senang_001_frame3.jpg,Senang,BISINDO_Senang_001,train
/content/extracted_images/train/Senang/BISINDO_Senang_038_frame1.jpg,Senang,BISINDO_Senang_038,train
/content/extracted_images/train/Senang/BISINDO_Senang_038_frame2.jpg,Senang,BISINDO_Senang_038,train
/content/extracted_images/train/Senang/BISINDO_Senang_038_frame3.jpg,Senang,BISINDO_Senang_038,train
/content/extracted_images/train/Senang/BISINDO_Senang_012_frame1.jpg,Senang,BISINDO_Senang_012,train
/content/extracted_images/train/Senang/BISINDO_Senang_012_frame2.jpg,Senang,BISINDO_Senang_012,train
/content/extracted_images/train/Senang/BISINDO_Senang_012_frame3.jpg,Senang,BISINDO_Senang_012,train
/content/extracted_images/train/Senang/BISINDO_Senang_023_frame1.jpg,Senang,BISINDO_Senang_023,train
/content/extracted_images/train/Senang/BISINDO_Senang_023_frame2.jpg,Senang,BISINDO_Senang_023,train
/content/extracted_images/train/Senang/BISINDO_Senang_023_frame3.jpg,Senang,BISINDO_Senang_023,train
/content/extracted_images/train/Senang/BISINDO_Senang_009_frame1.jpg,Senang,BISINDO_Senang_009,train
/content/extracted_images/train/Senang/BISINDO_Senang_009_frame2.jpg,Senang,BISINDO_Senang_009,train
/content/extracted_images/train/Senang/BISINDO_Senang_009_frame3.jpg,Senang,BISINDO_Senang_009,train
/content/extracted_images/train/Senang/BISINDO_Senang_039_frame1.jpg,Senang,BISINDO_Senang_039,train
/content/extracted_images/train/Senang/BISINDO_Senang_039_frame2.jpg,Senang,BISINDO_Senang_039,train
/content/extracted_images/train/Senang/BISINDO_Senang_039_frame3.jpg,Senang,BISINDO_Senang_039,train
/content/extracted_images/train/Senang/BISINDO_Senang_043_frame1.jpg,Senang,BISINDO_Senang_043,train
/content/extracted_images/train/Senang/BISINDO_Senang_043_frame2.jpg,Senang,BISINDO_Senang_043,train
/content/extracted_images/train/Senang/BISINDO_Senang_043_frame3.jpg,Senang,BISINDO_Senang_043,train
/content/extracted_images/train/Senang/BISINDO_Senang_037_frame1.jpg,Senang,BISINDO_Senang_037,train
/content/extracted_images/train/Senang/BISINDO_Senang_037_frame2.jpg,Senang,BISINDO_Senang_037,train
/content/extracted_images/train/Senang/BISINDO_Senang_037_frame3.jpg,Senang,BISINDO_Senang_037,train
/content/extracted_images/train/Senang/BISINDO_Senang_024_frame1.jpg,Senang,BISINDO_Senang_024,train
/content/extracted_images/train/Senang/BISINDO_Senang_024_frame2.jpg,Senang,BISINDO_Senang_024,train
/content/extracted_images/train/Senang/BISINDO_Senang_024_frame3.jpg,Senang,BISINDO_Senang_024,train
/content/extracted_images/train/Senang/BISINDO_Senang_028_frame1.jpg,Senang,BISINDO_Senang_028,train
/content/extracted_images/train/Senang/BISINDO_Senang_028_frame2.jpg,Senang,BISINDO_Senang_028,train
/content/extracted_images/train/Senang/BISINDO_Senang_028_frame3.jpg,Senang,BISINDO_Senang_028,train
/content/extracted_images/train/Senang/BISINDO_Senang_029_frame1.jpg,Senang,BISINDO_Senang_029,train
/content/extracted_images/train/Senang/BISINDO_Senang_029_frame2.jpg,Senang,BISINDO_Senang_029,train
/content/extracted_images/train/Senang/BISINDO_Senang_029_frame3.jpg,Senang,BISINDO_Senang_029,train
/content/extracted_images/train/Mereka/BISINDO_Mereka_032_frame1.jpg,Mereka,BISINDO_Mereka_032,train
/content/extracted_images/train/Mereka/BISINDO_Mereka_032_frame2.jpg,Mereka,BISINDO_Mereka_032,train
/content/extracted_images/train/Mereka/BISINDO_Mereka_032_frame3.jpg,Mereka,BISINDO_Mereka_032,train
/content/extracted_images/train/Mereka/BISINDO_Mereka_042_frame1.jpg,Mereka,BISINDO_Mereka_042,train
/content/extracted_images/train/Mereka/BISINDO_Mereka_042_frame2.jpg,Mereka,BISINDO_Mereka_042,train
/content/extracted_images/train/Mereka/BISINDO_Mereka_042_frame3.jpg,Mereka,BISINDO_Mereka_042,train
/content/extracted_images/train/Mereka/BISINDO_Mereka_017_frame1.jpg,Mereka,BISINDO_Mereka_017,train
/content/extracted_images/train/Mereka/BISINDO_Mereka_017_frame2.jpg,Mereka,BISINDO_Mereka_017,train
/content/extracted_images/train/Mereka/BISINDO_Mereka_017_frame3.jpg,Mereka,BISINDO_Mereka_017,train
/content/extracted_images/train/Mereka/BISINDO_Mereka_011_frame1.jpg,Mereka,BISINDO_Mereka_011,train
/content/extracted_images/train/Mereka/BISINDO_Mereka_011_frame2.jpg,Mereka,BISINDO_Mereka_011,train
/content/extracted_images/train/Mereka/BISINDO_Mereka_011_frame3.jpg,Mereka,BISINDO_Mereka_011,train
/content/extracted_images/train/Mereka/BISINDO_Mereka_036_frame1.jpg,Mereka,BISINDO_Mereka_036,train
/content/extracted_images/train/Mereka/BISINDO_Mereka_036_frame2.jpg,Mereka,BISINDO_Mereka_036,train
/content/extracted_images/train/Mereka/BISINDO_Mereka_036_frame3.jpg,Mereka,BISINDO_Mereka_036,train
/content/extracted_images/train/Mereka/BISINDO_Mereka_018_frame1.jpg,Mereka,BISINDO_Mereka_018,train
/content/extracted_images/train/Mereka/BISINDO_Mereka_018_frame2.jpg,Mereka,BISINDO_Mereka_018,train
/content/extracted_images/train/Mereka/BISINDO_Mereka_018_frame3.jpg,Mereka,BISINDO_Mereka_018,train
/content/extracted_images/train/Mereka/BISINDO_Mereka_050_frame1.jpg,Mereka,BISINDO_Mereka_050,train
/content/extracted_images/train/Mereka/BISINDO_Mereka_050_frame2.jpg,Mereka,BISINDO_Mereka_050,train
/content/extracted_images/train/Mereka/BISINDO_Mereka_050_frame3.jpg,Mereka,BISINDO_Mereka_050,train
/content/extracted_images/train/Mereka/BISINDO_Mereka_008_frame1.jpg,Mereka,BISINDO_Mereka_008,train
/content/extracted_images/train/Mereka/BISINDO_Mereka_008_frame2.jpg,Mereka,BISINDO_Mereka_008,train
/content/extracted_images/train/Mereka/BISINDO_Mereka_008_frame3.jpg,Mereka,BISINDO_Mereka_008,train
/content/extracted_images/train/Mereka/BISINDO_Mereka_004_frame1.jpg,Mereka,BISINDO_Mereka_004,train
/content/extracted_images/train/Mereka/BISINDO_Mereka_004_frame2.jpg,Mereka,BISINDO_Mereka_004,train
/content/extracted_images/train/Mereka/BISINDO_Mereka_004_frame3.jpg,Mereka,BISINDO_Mereka_004,train
/content/extracted_images/train/Mereka/BISINDO_Mereka_038_frame1.jpg,Mereka,BISINDO_Mereka_038,train
/content/extracted_images/train/Mereka/BISINDO_Mereka_038_frame2.jpg,Mereka,BISINDO_Mereka_038,train
/content/extracted_images/train/Mereka/BISINDO_Mereka_038_frame3.jpg,Mereka,BISINDO_Mereka_038,train
/content/extracted_images/train/Mereka/BISINDO_Mereka_023_frame1.jpg,Mereka,BISINDO_Mereka_023,train
/content/extracted_images/train/Mereka/BISINDO_Mereka_023_frame2.jpg,Mereka,BISINDO_Mereka_023,train
/content/extracted_images/train/Mereka/BISINDO_Mereka_023_frame3.jpg,Mereka,BISINDO_Mereka_023,train
/content/extracted_images/train/Mereka/BISINDO_Mereka_048_frame1.jpg,Mereka,BISINDO_Mereka_048,train
/content/extracted_images/train/Mereka/BISINDO_Mereka_048_frame2.jpg,Mereka,BISINDO_Mereka_048,train
/content/extracted_images/train/Mereka/BISINDO_Mereka_048_frame3.jpg,Mereka,BISINDO_Mereka_048,train
/content/extracted_images/train/Mereka/BISINDO_Mereka_039_frame1.jpg,Mereka,BISINDO_Mereka_039,train
/content/extracted_images/train/Mereka/BISINDO_Mereka_039_frame2.jpg,Mereka,BISINDO_Mereka_039,train
/content/extracted_images/train/Mereka/BISINDO_Mereka_039_frame3.jpg,Mereka,BISINDO_Mereka_039,train
/content/extracted_images/train/Mereka/BISINDO_Mereka_029_frame1.jpg,Mereka,BISINDO_Mereka_029,train
/content/extracted_images/train/Mereka/BISINDO_Mereka_029_frame2.jpg,Mereka,BISINDO_Mereka_029,train
/content/extracted_images/train/Mereka/BISINDO_Mereka_029_frame3.jpg,Mereka,BISINDO_Mereka_029,train
/content/extracted_images/train/Mereka/BISINDO_Mereka_027_frame1.jpg,Mereka,BISINDO_Mereka_027,train
/content/extracted_images/train/Mereka/BISINDO_Mereka_027_frame2.jpg,Mereka,BISINDO_Mereka_027,train
/content/extracted_images/train/Mereka/BISINDO_Mereka_027_frame3.jpg,Mereka,BISINDO_Mereka_027,train
/content/extracted_images/train/Mereka/BISINDO_Mereka_033_frame1.jpg,Mereka,BISINDO_Mereka_033,train
/content/extracted_images/train/Mereka/BISINDO_Mereka_033_frame2.jpg,Mereka,BISINDO_Mereka_033,train
/content/extracted_images/train/Mereka/BISINDO_Mereka_033_frame3.jpg,Mereka,BISINDO_Mereka_033,train
/content/extracted_images/train/Mereka/BISINDO_Mereka_009_frame1.jpg,Mereka,BISINDO_Mereka_009,train
/content/extracted_images/train/Mereka/BISINDO_Mereka_009_frame2.jpg,Mereka,BISINDO_Mereka_009,train
/content/extracted_images/train/Mereka/BISINDO_Mereka_009_frame3.jpg,Mereka,BISINDO_Mereka_009,train
/content/extracted_images/train/Mereka/BISINDO_Mereka_001_frame1.jpg,Mereka,BISINDO_Mereka_001,train
/content/extracted_images/train/Mereka/BISINDO_Mereka_001_frame2.jpg,Mereka,BISINDO_Mereka_001,train
/content/extracted_images/train/Mereka/BISINDO_Mereka_001_frame3.jpg,Mereka,BISINDO_Mereka_001,train
/content/extracted_images/train/Mereka/BISINDO_Mereka_020_frame1.jpg,Mereka,BISINDO_Mereka_020,train
/content/extracted_images/train/Mereka/BISINDO_Mereka_020_frame2.jpg,Mereka,BISINDO_Mereka_020,train
/content/extracted_images/train/Mereka/BISINDO_Mereka_020_frame3.jpg,Mereka,BISINDO_Mereka_020,train
/content/extracted_images/train/Mereka/BISINDO_Mereka_031_frame1.jpg,Mereka,BISINDO_Mereka_031,train
/content/extracted_images/train/Mereka/BISINDO_Mereka_031_frame2.jpg,Mereka,BISINDO_Mereka_031,train
/content/extracted_images/train/Mereka/BISINDO_Mereka_031_frame3.jpg,Mereka,BISINDO_Mereka_031,train
/content/extracted_images/train/Mereka/BISINDO_Mereka_041_frame1.jpg,Mereka,BISINDO_Mereka_041,train
/content/extracted_images/train/Mereka/BISINDO_Mereka_041_frame2.jpg,Mereka,BISINDO_Mereka_041,train
/content/extracted_images/train/Mereka/BISINDO_Mereka_041_frame3.jpg,Mereka,BISINDO_Mereka_041,train
/content/extracted_images/train/Mereka/BISINDO_Mereka_013_frame1.jpg,Mereka,BISINDO_Mereka_013,train
/content/extracted_images/train/Mereka/BISINDO_Mereka_013_frame2.jpg,Mereka,BISINDO_Mereka_013,train
/content/extracted_images/train/Mereka/BISINDO_Mereka_013_frame3.jpg,Mereka,BISINDO_Mereka_013,train
/content/extracted_images/train/Mereka/BISINDO_Mereka_012_frame1.jpg,Mereka,BISINDO_Mereka_012,train
/content/extracted_images/train/Mereka/BISINDO_Mereka_012_frame2.jpg,Mereka,BISINDO_Mereka_012,train
/content/extracted_images/train/Mereka/BISINDO_Mereka_012_frame3.jpg,Mereka,BISINDO_Mereka_012,train
/content/extracted_images/train/Mereka/BISINDO_Mereka_014_frame1.jpg,Mereka,BISINDO_Mereka_014,train
/content/extracted_images/train/Mereka/BISINDO_Mereka_014_frame2.jpg,Mereka,BISINDO_Mereka_014,train
/content/extracted_images/train/Mereka/BISINDO_Mereka_014_frame3.jpg,Mereka,BISINDO_Mereka_014,train
/content/extracted_images/train/Mereka/BISINDO_Mereka_015_frame1.jpg,Mereka,BISINDO_Mereka_015,train
/content/extracted_images/train/Mereka/BISINDO_Mereka_015_frame2.jpg,Mereka,BISINDO_Mereka_015,train
/content/extracted_images/train/Mereka/BISINDO_Mereka_015_frame3.jpg,Mereka,BISINDO_Mereka_015,train
/content/extracted_images/train/Mereka/BISINDO_Mereka_007_frame1.jpg,Mereka,BISINDO_Mereka_007,train
/content/extracted_images/train/Mereka/BISINDO_Mereka_007_frame2.jpg,Mereka,BISINDO_Mereka_007,train
/content/extracted_images/train/Mereka/BISINDO_Mereka_007_frame3.jpg,Mereka,BISINDO_Mereka_007,train
/content/extracted_images/train/Mereka/BISINDO_Mereka_025_frame1.jpg,Mereka,BISINDO_Mereka_025,train
/content/extracted_images/train/Mereka/BISINDO_Mereka_025_frame2.jpg,Mereka,BISINDO_Mereka_025,train
/content/extracted_images/train/Mereka/BISINDO_Mereka_025_frame3.jpg,Mereka,BISINDO_Mereka_025,train
/content/extracted_images/train/Mereka/BISINDO_Mereka_022_frame1.jpg,Mereka,BISINDO_Mereka_022,train
/content/extracted_images/train/Mereka/BISINDO_Mereka_022_frame2.jpg,Mereka,BISINDO_Mereka_022,train
/content/extracted_images/train/Mereka/BISINDO_Mereka_022_frame3.jpg,Mereka,BISINDO_Mereka_022,train
/content/extracted_images/train/Mereka/BISINDO_Mereka_047_frame1.jpg,Mereka,BISINDO_Mereka_047,train
/content/extracted_images/train/Mereka/BISINDO_Mereka_047_frame2.jpg,Mereka,BISINDO_Mereka_047,train
/content/extracted_images/train/Mereka/BISINDO_Mereka_047_frame3.jpg,Mereka,BISINDO_Mereka_047,train
/content/extracted_images/train/Mereka/BISINDO_Mereka_003_frame1.jpg,Mereka,BISINDO_Mereka_003,train
/content/extracted_images/train/Mereka/BISINDO_Mereka_003_frame2.jpg,Mereka,BISINDO_Mereka_003,train
/content/extracted_images/train/Mereka/BISINDO_Mereka_003_frame3.jpg,Mereka,BISINDO_Mereka_003,train
/content/extracted_images/train/Mereka/BISINDO_Mereka_044_frame1.jpg,Mereka,BISINDO_Mereka_044,train
/content/extracted_images/train/Mereka/BISINDO_Mereka_044_frame2.jpg,Mereka,BISINDO_Mereka_044,train
/content/extracted_images/train/Mereka/BISINDO_Mereka_044_frame3.jpg,Mereka,BISINDO_Mereka_044,train
/content/extracted_images/train/Mereka/BISINDO_Mereka_016_frame1.jpg,Mereka,BISINDO_Mereka_016,train
/content/extracted_images/train/Mereka/BISINDO_Mereka_016_frame2.jpg,Mereka,BISINDO_Mereka_016,train
/content/extracted_images/train/Mereka/BISINDO_Mereka_016_frame3.jpg,Mereka,BISINDO_Mereka_016,train
/content/extracted_images/train/Mereka/BISINDO_Mereka_040_frame1.jpg,Mereka,BISINDO_Mereka_040,train
/content/extracted_images/train/Mereka/BISINDO_Mereka_040_frame2.jpg,Mereka,BISINDO_Mereka_040,train
/content/extracted_images/train/Mereka/BISINDO_Mereka_040_frame3.jpg,Mereka,BISINDO_Mereka_040,train
/content/extracted_images/train/Mereka/BISINDO_Mereka_028_frame1.jpg,Mereka,BISINDO_Mereka_028,train
/content/extracted_images/train/Mereka/BISINDO_Mereka_028_frame2.jpg,Mereka,BISINDO_Mereka_028,train
/content/extracted_images/train/Mereka/BISINDO_Mereka_028_frame3.jpg,Mereka,BISINDO_Mereka_028,train
/content/extracted_images/train/Mereka/BISINDO_Mereka_049_frame1.jpg,Mereka,BISINDO_Mereka_049,train
/content/extracted_images/train/Mereka/BISINDO_Mereka_049_frame2.jpg,Mereka,BISINDO_Mereka_049,train
/content/extracted_images/train/Mereka/BISINDO_Mereka_049_frame3.jpg,Mereka,BISINDO_Mereka_049,train
/content/extracted_images/train/Mereka/BISINDO_Mereka_037_frame1.jpg,Mereka,BISINDO_Mereka_037,train
/content/extracted_images/train/Mereka/BISINDO_Mereka_037_frame2.jpg,Mereka,BISINDO_Mereka_037,train
/content/extracted_images/train/Mereka/BISINDO_Mereka_037_frame3.jpg,Mereka,BISINDO_Mereka_037,train
/content/extracted_images/train/Mereka/BISINDO_Mereka_035_frame1.jpg,Mereka,BISINDO_Mereka_035,train
/content/extracted_images/train/Mereka/BISINDO_Mereka_035_frame2.jpg,Mereka,BISINDO_Mereka_035,train
/content/extracted_images/train/Mereka/BISINDO_Mereka_035_frame3.jpg,Mereka,BISINDO_Mereka_035,train
/content/extracted_images/train/Mereka/BISINDO_Mereka_002_frame1.jpg,Mereka,BISINDO_Mereka_002,train
/content/extracted_images/train/Mereka/BISINDO_Mereka_002_frame2.jpg,Mereka,BISINDO_Mereka_002,train
/content/extracted_images/train/Mereka/BISINDO_Mereka_002_frame3.jpg,Mereka,BISINDO_Mereka_002,train
/content/extracted_images/train/Mereka/BISINDO_Mereka_021_frame1.jpg,Mereka,BISINDO_Mereka_021,train
/content/extracted_images/train/Mereka/BISINDO_Mereka_021_frame2.jpg,Mereka,BISINDO_Mereka_021,train
/content/extracted_images/train/Mereka/BISINDO_Mereka_021_frame3.jpg,Mereka,BISINDO_Mereka_021,train
/content/extracted_images/train/Mereka/BISINDO_Mereka_005_frame1.jpg,Mereka,BISINDO_Mereka_005,train
/content/extracted_images/train/Mereka/BISINDO_Mereka_005_frame2.jpg,Mereka,BISINDO_Mereka_005,train
/content/extracted_images/train/Mereka/BISINDO_Mereka_005_frame3.jpg,Mereka,BISINDO_Mereka_005,train
/content/extracted_images/train/Mereka/BISINDO_Mereka_006_frame1.jpg,Mereka,BISINDO_Mereka_006,train
/content/extracted_images/train/Mereka/BISINDO_Mereka_006_frame2.jpg,Mereka,BISINDO_Mereka_006,train
/content/extracted_images/train/Mereka/BISINDO_Mereka_006_frame3.jpg,Mereka,BISINDO_Mereka_006,train
/content/extracted_images/train/Mereka/BISINDO_Mereka_019_frame1.jpg,Mereka,BISINDO_Mereka_019,train
/content/extracted_images/train/Mereka/BISINDO_Mereka_019_frame2.jpg,Mereka,BISINDO_Mereka_019,train
/content/extracted_images/train/Mereka/BISINDO_Mereka_019_frame3.jpg,Mereka,BISINDO_Mereka_019,train
/content/extracted_images/train/Mereka/BISINDO_Mereka_010_frame1.jpg,Mereka,BISINDO_Mereka_010,train
/content/extracted_images/train/Mereka/BISINDO_Mereka_010_frame2.jpg,Mereka,BISINDO_Mereka_010,train
/content/extracted_images/train/Mereka/BISINDO_Mereka_010_frame3.jpg,Mereka,BISINDO_Mereka_010,train
/content/extracted_images/train/Melihat/BISINDO_Melihat_009_frame1.jpg,Melihat,BISINDO_Melihat_009,train
/content/extracted_images/train/Melihat/BISINDO_Melihat_009_frame2.jpg,Melihat,BISINDO_Melihat_009,train
/content/extracted_images/train/Melihat/BISINDO_Melihat_009_frame3.jpg,Melihat,BISINDO_Melihat_009,train
/content/extracted_images/train/Melihat/BISINDO_Melihat_019_frame1.jpg,Melihat,BISINDO_Melihat_019,train
/content/extracted_images/train/Melihat/BISINDO_Melihat_019_frame2.jpg,Melihat,BISINDO_Melihat_019,train
/content/extracted_images/train/Melihat/BISINDO_Melihat_019_frame3.jpg,Melihat,BISINDO_Melihat_019,train
/content/extracted_images/train/Melihat/BISINDO_Melihat_050_frame1.jpg,Melihat,BISINDO_Melihat_050,train
/content/extracted_images/train/Melihat/BISINDO_Melihat_050_frame2.jpg,Melihat,BISINDO_Melihat_050,train
/content/extracted_images/train/Melihat/BISINDO_Melihat_050_frame3.jpg,Melihat,BISINDO_Melihat_050,train
/content/extracted_images/train/Melihat/BISINDO_Melihat_022_frame1.jpg,Melihat,BISINDO_Melihat_022,train
/content/extracted_images/train/Melihat/BISINDO_Melihat_022_frame2.jpg,Melihat,BISINDO_Melihat_022,train
/content/extracted_images/train/Melihat/BISINDO_Melihat_022_frame3.jpg,Melihat,BISINDO_Melihat_022,train
/content/extracted_images/train/Melihat/BISINDO_Melihat_028_frame1.jpg,Melihat,BISINDO_Melihat_028,train
/content/extracted_images/train/Melihat/BISINDO_Melihat_028_frame2.jpg,Melihat,BISINDO_Melihat_028,train
/content/extracted_images/train/Melihat/BISINDO_Melihat_028_frame3.jpg,Melihat,BISINDO_Melihat_028,train
/content/extracted_images/train/Melihat/BISINDO_Melihat_039_frame1.jpg,Melihat,BISINDO_Melihat_039,train
/content/extracted_images/train/Melihat/BISINDO_Melihat_039_frame2.jpg,Melihat,BISINDO_Melihat_039,train
/content/extracted_images/train/Melihat/BISINDO_Melihat_039_frame3.jpg,Melihat,BISINDO_Melihat_039,train
/content/extracted_images/train/Melihat/BISINDO_Melihat_015_frame1.jpg,Melihat,BISINDO_Melihat_015,train
/content/extracted_images/train/Melihat/BISINDO_Melihat_015_frame2.jpg,Melihat,BISINDO_Melihat_015,train
/content/extracted_images/train/Melihat/BISINDO_Melihat_015_frame3.jpg,Melihat,BISINDO_Melihat_015,train
/content/extracted_images/train/Melihat/BISINDO_Melihat_008_frame1.jpg,Melihat,BISINDO_Melihat_008,train
/content/extracted_images/train/Melihat/BISINDO_Melihat_008_frame2.jpg,Melihat,BISINDO_Melihat_008,train
/content/extracted_images/train/Melihat/BISINDO_Melihat_008_frame3.jpg,Melihat,BISINDO_Melihat_008,train
/content/extracted_images/train/Melihat/BISINDO_Melihat_030_frame1.jpg,Melihat,BISINDO_Melihat_030,train
/content/extracted_images/train/Melihat/BISINDO_Melihat_030_frame2.jpg,Melihat,BISINDO_Melihat_030,train
/content/extracted_images/train/Melihat/BISINDO_Melihat_030_frame3.jpg,Melihat,BISINDO_Melihat_030,train
/content/extracted_images/train/Melihat/BISINDO_Melihat_011_frame1.jpg,Melihat,BISINDO_Melihat_011,train
/content/extracted_images/train/Melihat/BISINDO_Melihat_011_frame2.jpg,Melihat,BISINDO_Melihat_011,train
/content/extracted_images/train/Melihat/BISINDO_Melihat_011_frame3.jpg,Melihat,BISINDO_Melihat_011,train
/content/extracted_images/train/Melihat/BISINDO_Melihat_047_frame1.jpg,Melihat,BISINDO_Melihat_047,train
/content/extracted_images/train/Melihat/BISINDO_Melihat_047_frame2.jpg,Melihat,BISINDO_Melihat_047,train
/content/extracted_images/train/Melihat/BISINDO_Melihat_047_frame3.jpg,Melihat,BISINDO_Melihat_047,train
/content/extracted_images/train/Melihat/BISINDO_Melihat_016_frame1.jpg,Melihat,BISINDO_Melihat_016,train
/content/extracted_images/train/Melihat/BISINDO_Melihat_016_frame2.jpg,Melihat,BISINDO_Melihat_016,train
/content/extracted_images/train/Melihat/BISINDO_Melihat_016_frame3.jpg,Melihat,BISINDO_Melihat_016,train
/content/extracted_images/train/Melihat/BISINDO_Melihat_027_frame1.jpg,Melihat,BISINDO_Melihat_027,train
/content/extracted_images/train/Melihat/BISINDO_Melihat_027_frame2.jpg,Melihat,BISINDO_Melihat_027,train
/content/extracted_images/train/Melihat/BISINDO_Melihat_027_frame3.jpg,Melihat,BISINDO_Melihat_027,train
/content/extracted_images/train/Melihat/BISINDO_Melihat_023_frame1.jpg,Melihat,BISINDO_Melihat_023,train
/content/extracted_images/train/Melihat/BISINDO_Melihat_023_frame2.jpg,Melihat,BISINDO_Melihat_023,train
/content/extracted_images/train/Melihat/BISINDO_Melihat_023_frame3.jpg,Melihat,BISINDO_Melihat_023,train
/content/extracted_images/train/Melihat/BISINDO_Melihat_032_frame1.jpg,Melihat,BISINDO_Melihat_032,train
/content/extracted_images/train/Melihat/BISINDO_Melihat_032_frame2.jpg,Melihat,BISINDO_Melihat_032,train
/content/extracted_images/train/Melihat/BISINDO_Melihat_032_frame3.jpg,Melihat,BISINDO_Melihat_032,train
/content/extracted_images/train/Melihat/BISINDO_Melihat_033_frame1.jpg,Melihat,BISINDO_Melihat_033,train
/content/extracted_images/train/Melihat/BISINDO_Melihat_033_frame2.jpg,Melihat,BISINDO_Melihat_033,train
/content/extracted_images/train/Melihat/BISINDO_Melihat_033_frame3.jpg,Melihat,BISINDO_Melihat_033,train
/content/extracted_images/train/Melihat/BISINDO_Melihat_017_frame1.jpg,Melihat,BISINDO_Melihat_017,train
/content/extracted_images/train/Melihat/BISINDO_Melihat_017_frame2.jpg,Melihat,BISINDO_Melihat_017,train
/content/extracted_images/train/Melihat/BISINDO_Melihat_017_frame3.jpg,Melihat,BISINDO_Melihat_017,train
/content/extracted_images/train/Melihat/BISINDO_Melihat_043_frame1.jpg,Melihat,BISINDO_Melihat_043,train
/content/extracted_images/train/Melihat/BISINDO_Melihat_043_frame2.jpg,Melihat,BISINDO_Melihat_043,train
/content/extracted_images/train/Melihat/BISINDO_Melihat_043_frame3.jpg,Melihat,BISINDO_Melihat_043,train
/content/extracted_images/train/Melihat/BISINDO_Melihat_012_frame1.jpg,Melihat,BISINDO_Melihat_012,train
/content/extracted_images/train/Melihat/BISINDO_Melihat_012_frame2.jpg,Melihat,BISINDO_Melihat_012,train
/content/extracted_images/train/Melihat/BISINDO_Melihat_012_frame3.jpg,Melihat,BISINDO_Melihat_012,train
/content/extracted_images/train/Melihat/BISINDO_Melihat_045_frame1.jpg,Melihat,BISINDO_Melihat_045,train
/content/extracted_images/train/Melihat/BISINDO_Melihat_045_frame2.jpg,Melihat,BISINDO_Melihat_045,train
/content/extracted_images/train/Melihat/BISINDO_Melihat_045_frame3.jpg,Melihat,BISINDO_Melihat_045,train
/content/extracted_images/train/Melihat/BISINDO_Melihat_024_frame1.jpg,Melihat,BISINDO_Melihat_024,train
/content/extracted_images/train/Melihat/BISINDO_Melihat_024_frame2.jpg,Melihat,BISINDO_Melihat_024,train
/content/extracted_images/train/Melihat/BISINDO_Melihat_024_frame3.jpg,Melihat,BISINDO_Melihat_024,train
/content/extracted_images/train/Melihat/BISINDO_Melihat_048_frame1.jpg,Melihat,BISINDO_Melihat_048,train
/content/extracted_images/train/Melihat/BISINDO_Melihat_048_frame2.jpg,Melihat,BISINDO_Melihat_048,train
/content/extracted_images/train/Melihat/BISINDO_Melihat_048_frame3.jpg,Melihat,BISINDO_Melihat_048,train
/content/extracted_images/train/Melihat/BISINDO_Melihat_013_frame1.jpg,Melihat,BISINDO_Melihat_013,train
/content/extracted_images/train/Melihat/BISINDO_Melihat_013_frame2.jpg,Melihat,BISINDO_Melihat_013,train
/content/extracted_images/train/Melihat/BISINDO_Melihat_013_frame3.jpg,Melihat,BISINDO_Melihat_013,train
/content/extracted_images/train/Melihat/BISINDO_Melihat_046_frame1.jpg,Melihat,BISINDO_Melihat_046,train
/content/extracted_images/train/Melihat/BISINDO_Melihat_046_frame2.jpg,Melihat,BISINDO_Melihat_046,train
/content/extracted_images/train/Melihat/BISINDO_Melihat_046_frame3.jpg,Melihat,BISINDO_Melihat_046,train
/content/extracted_images/train/Melihat/BISINDO_Melihat_018_frame1.jpg,Melihat,BISINDO_Melihat_018,train
/content/extracted_images/train/Melihat/BISINDO_Melihat_018_frame2.jpg,Melihat,BISINDO_Melihat_018,train
/content/extracted_images/train/Melihat/BISINDO_Melihat_018_frame3.jpg,Melihat,BISINDO_Melihat_018,train
/content/extracted_images/train/Melihat/BISINDO_Melihat_010_frame1.jpg,Melihat,BISINDO_Melihat_010,train
/content/extracted_images/train/Melihat/BISINDO_Melihat_010_frame2.jpg,Melihat,BISINDO_Melihat_010,train
/content/extracted_images/train/Melihat/BISINDO_Melihat_010_frame3.jpg,Melihat,BISINDO_Melihat_010,train
/content/extracted_images/train/Melihat/BISINDO_Melihat_021_frame1.jpg,Melihat,BISINDO_Melihat_021,train
/content/extracted_images/train/Melihat/BISINDO_Melihat_021_frame2.jpg,Melihat,BISINDO_Melihat_021,train
/content/extracted_images/train/Melihat/BISINDO_Melihat_021_frame3.jpg,Melihat,BISINDO_Melihat_021,train
/content/extracted_images/train/Melihat/BISINDO_Melihat_007_frame1.jpg,Melihat,BISINDO_Melihat_007,train
/content/extracted_images/train/Melihat/BISINDO_Melihat_007_frame2.jpg,Melihat,BISINDO_Melihat_007,train
/content/extracted_images/train/Melihat/BISINDO_Melihat_007_frame3.jpg,Melihat,BISINDO_Melihat_007,train
/content/extracted_images/train/Melihat/BISINDO_Melihat_003_frame1.jpg,Melihat,BISINDO_Melihat_003,train
/content/extracted_images/train/Melihat/BISINDO_Melihat_003_frame2.jpg,Melihat,BISINDO_Melihat_003,train
/content/extracted_images/train/Melihat/BISINDO_Melihat_003_frame3.jpg,Melihat,BISINDO_Melihat_003,train
/content/extracted_images/train/Melihat/BISINDO_Melihat_036_frame1.jpg,Melihat,BISINDO_Melihat_036,train
/content/extracted_images/train/Melihat/BISINDO_Melihat_036_frame2.jpg,Melihat,BISINDO_Melihat_036,train
/content/extracted_images/train/Melihat/BISINDO_Melihat_036_frame3.jpg,Melihat,BISINDO_Melihat_036,train
/content/extracted_images/train/Melihat/BISINDO_Melihat_006_frame1.jpg,Melihat,BISINDO_Melihat_006,train
/content/extracted_images/train/Melihat/BISINDO_Melihat_006_frame2.jpg,Melihat,BISINDO_Melihat_006,train
/content/extracted_images/train/Melihat/BISINDO_Melihat_006_frame3.jpg,Melihat,BISINDO_Melihat_006,train
/content/extracted_images/train/Melihat/BISINDO_Melihat_025_frame1.jpg,Melihat,BISINDO_Melihat_025,train
/content/extracted_images/train/Melihat/BISINDO_Melihat_025_frame2.jpg,Melihat,BISINDO_Melihat_025,train
/content/extracted_images/train/Melihat/BISINDO_Melihat_025_frame3.jpg,Melihat,BISINDO_Melihat_025,train
/content/extracted_images/train/Melihat/BISINDO_Melihat_044_frame1.jpg,Melihat,BISINDO_Melihat_044,train
/content/extracted_images/train/Melihat/BISINDO_Melihat_044_frame2.jpg,Melihat,BISINDO_Melihat_044,train
/content/extracted_images/train/Melihat/BISINDO_Melihat_044_frame3.jpg,Melihat,BISINDO_Melihat_044,train
/content/extracted_images/train/Melihat/BISINDO_Melihat_001_frame1.jpg,Melihat,BISINDO_Melihat_001,train
/content/extracted_images/train/Melihat/BISINDO_Melihat_001_frame2.jpg,Melihat,BISINDO_Melihat_001,train
/content/extracted_images/train/Melihat/BISINDO_Melihat_001_frame3.jpg,Melihat,BISINDO_Melihat_001,train
/content/extracted_images/train/Melihat/BISINDO_Melihat_049_frame1.jpg,Melihat,BISINDO_Melihat_049,train
/content/extracted_images/train/Melihat/BISINDO_Melihat_049_frame2.jpg,Melihat,BISINDO_Melihat_049,train
/content/extracted_images/train/Melihat/BISINDO_Melihat_049_frame3.jpg,Melihat,BISINDO_Melihat_049,train
/content/extracted_images/train/Melihat/BISINDO_Melihat_037_frame1.jpg,Melihat,BISINDO_Melihat_037,train
/content/extracted_images/train/Melihat/BISINDO_Melihat_037_frame2.jpg,Melihat,BISINDO_Melihat_037,train
/content/extracted_images/train/Melihat/BISINDO_Melihat_037_frame3.jpg,Melihat,BISINDO_Melihat_037,train
/content/extracted_images/train/Melihat/BISINDO_Melihat_038_frame1.jpg,Melihat,BISINDO_Melihat_038,train
/content/extracted_images/train/Melihat/BISINDO_Melihat_038_frame2.jpg,Melihat,BISINDO_Melihat_038,train
/content/extracted_images/train/Melihat/BISINDO_Melihat_038_frame3.jpg,Melihat,BISINDO_Melihat_038,train
/content/extracted_images/train/Melihat/BISINDO_Melihat_020_frame1.jpg,Melihat,BISINDO_Melihat_020,train
/content/extracted_images/train/Melihat/BISINDO_Melihat_020_frame2.jpg,Melihat,BISINDO_Melihat_020,train
/content/extracted_images/train/Melihat/BISINDO_Melihat_020_frame3.jpg,Melihat,BISINDO_Melihat_020,train
/content/extracted_images/train/Melihat/BISINDO_Melihat_002_frame1.jpg,Melihat,BISINDO_Melihat_002,train
/content/extracted_images/train/Melihat/BISINDO_Melihat_002_frame2.jpg,Melihat,BISINDO_Melihat_002,train
/content/extracted_images/train/Melihat/BISINDO_Melihat_002_frame3.jpg,Melihat,BISINDO_Melihat_002,train
/content/extracted_images/train/Melihat/BISINDO_Melihat_041_frame1.jpg,Melihat,BISINDO_Melihat_041,train
/content/extracted_images/train/Melihat/BISINDO_Melihat_041_frame2.jpg,Melihat,BISINDO_Melihat_041,train
/content/extracted_images/train/Melihat/BISINDO_Melihat_041_frame3.jpg,Melihat,BISINDO_Melihat_041,train
/content/extracted_images/train/Terima Kasih/BISINDO_Terima Kasih_002_frame1.jpg,Terima Kasih,BISINDO_Terima Kasih_002,train
/content/extracted_images/train/Terima Kasih/BISINDO_Terima Kasih_002_frame2.jpg,Terima Kasih,BISINDO_Terima Kasih_002,train
/content/extracted_images/train/Terima Kasih/BISINDO_Terima Kasih_002_frame3.jpg,Terima Kasih,BISINDO_Terima Kasih_002,train
/content/extracted_images/train/Terima Kasih/BISINDO_Terima Kasih_016_frame1.jpg,Terima Kasih,BISINDO_Terima Kasih_016,train
/content/extracted_images/train/Terima Kasih/BISINDO_Terima Kasih_016_frame2.jpg,Terima Kasih,BISINDO_Terima Kasih_016,train
/content/extracted_images/train/Terima Kasih/BISINDO_Terima Kasih_016_frame3.jpg,Terima Kasih,BISINDO_Terima Kasih_016,train
/content/extracted_images/train/Terima Kasih/BISINDO_Terima Kasih_039_frame1.jpg,Terima Kasih,BISINDO_Terima Kasih_039,train
/content/extracted_images/train/Terima Kasih/BISINDO_Terima Kasih_039_frame2.jpg,Terima Kasih,BISINDO_Terima Kasih_039,train
/content/extracted_images/train/Terima Kasih/BISINDO_Terima Kasih_039_frame3.jpg,Terima Kasih,BISINDO_Terima Kasih_039,train
/content/extracted_images/train/Terima Kasih/BISINDO_Terima Kasih_041_frame1.jpg,Terima Kasih,BISINDO_Terima Kasih_041,train
/content/extracted_images/train/Terima Kasih/BISINDO_Terima Kasih_041_frame2.jpg,Terima Kasih,BISINDO_Terima Kasih_041,train
/content/extracted_images/train/Terima Kasih/BISINDO_Terima Kasih_041_frame3.jpg,Terima Kasih,BISINDO_Terima Kasih_041,train
/content/extracted_images/train/Terima Kasih/BISINDO_Terima Kasih_017_frame1.jpg,Terima Kasih,BISINDO_Terima Kasih_017,train
/content/extracted_images/train/Terima Kasih/BISINDO_Terima Kasih_017_frame2.jpg,Terima Kasih,BISINDO_Terima Kasih_017,train
/content/extracted_images/train/Terima Kasih/BISINDO_Terima Kasih_017_frame3.jpg,Terima Kasih,BISINDO_Terima Kasih_017,train
/content/extracted_images/train/Terima Kasih/BISINDO_Terima Kasih_012_frame1.jpg,Terima Kasih,BISINDO_Terima Kasih_012,train
/content/extracted_images/train/Terima Kasih/BISINDO_Terima Kasih_012_frame2.jpg,Terima Kasih,BISINDO_Terima Kasih_012,train
/content/extracted_images/train/Terima Kasih/BISINDO_Terima Kasih_012_frame3.jpg,Terima Kasih,BISINDO_Terima Kasih_012,train
/content/extracted_images/train/Terima Kasih/BISINDO_Terima Kasih_013_frame1.jpg,Terima Kasih,BISINDO_Terima Kasih_013,train
/content/extracted_images/train/Terima Kasih/BISINDO_Terima Kasih_013_frame2.jpg,Terima Kasih,BISINDO_Terima Kasih_013,train
/content/extracted_images/train/Terima Kasih/BISINDO_Terima Kasih_013_frame3.jpg,Terima Kasih,BISINDO_Terima Kasih_013,train
/content/extracted_images/train/Terima Kasih/BISINDO_Terima Kasih_050_frame1.jpg,Terima Kasih,BISINDO_Terima Kasih_050,train
/content/extracted_images/train/Terima Kasih/BISINDO_Terima Kasih_050_frame2.jpg,Terima Kasih,BISINDO_Terima Kasih_050,train
/content/extracted_images/train/Terima Kasih/BISINDO_Terima Kasih_050_frame3.jpg,Terima Kasih,BISINDO_Terima Kasih_050,train
/content/extracted_images/train/Terima Kasih/BISINDO_Terima Kasih_046_frame1.jpg,Terima Kasih,BISINDO_Terima Kasih_046,train
/content/extracted_images/train/Terima Kasih/BISINDO_Terima Kasih_046_frame2.jpg,Terima Kasih,BISINDO_Terima Kasih_046,train
/content/extracted_images/train/Terima Kasih/BISINDO_Terima Kasih_046_frame3.jpg,Terima Kasih,BISINDO_Terima Kasih_046,train
/content/extracted_images/train/Terima Kasih/BISINDO_Terima Kasih_008_frame1.jpg,Terima Kasih,BISINDO_Terima Kasih_008,train
/content/extracted_images/train/Terima Kasih/BISINDO_Terima Kasih_008_frame2.jpg,Terima Kasih,BISINDO_Terima Kasih_008,train
/content/extracted_images/train/Terima Kasih/BISINDO_Terima Kasih_008_frame3.jpg,Terima Kasih,BISINDO_Terima Kasih_008,train
/content/extracted_images/train/Terima Kasih/BISINDO_Terima Kasih_001_frame1.jpg,Terima Kasih,BISINDO_Terima Kasih_001,train
/content/extracted_images/train/Terima Kasih/BISINDO_Terima Kasih_001_frame2.jpg,Terima Kasih,BISINDO_Terima Kasih_001,train
/content/extracted_images/train/Terima Kasih/BISINDO_Terima Kasih_001_frame3.jpg,Terima Kasih,BISINDO_Terima Kasih_001,train
/content/extracted_images/train/Terima Kasih/BISINDO_Terima Kasih_034_frame1.jpg,Terima Kasih,BISINDO_Terima Kasih_034,train
/content/extracted_images/train/Terima Kasih/BISINDO_Terima Kasih_034_frame2.jpg,Terima Kasih,BISINDO_Terima Kasih_034,train
/content/extracted_images/train/Terima Kasih/BISINDO_Terima Kasih_034_frame3.jpg,Terima Kasih,BISINDO_Terima Kasih_034,train
/content/extracted_images/train/Terima Kasih/BISINDO_Terima Kasih_005_frame1.jpg,Terima Kasih,BISINDO_Terima Kasih_005,train
/content/extracted_images/train/Terima Kasih/BISINDO_Terima Kasih_005_frame2.jpg,Terima Kasih,BISINDO_Terima Kasih_005,train
/content/extracted_images/train/Terima Kasih/BISINDO_Terima Kasih_005_frame3.jpg,Terima Kasih,BISINDO_Terima Kasih_005,train
/content/extracted_images/train/Terima Kasih/BISINDO_Terima Kasih_042_frame1.jpg,Terima Kasih,BISINDO_Terima Kasih_042,train
/content/extracted_images/train/Terima Kasih/BISINDO_Terima Kasih_042_frame2.jpg,Terima Kasih,BISINDO_Terima Kasih_042,train
/content/extracted_images/train/Terima Kasih/BISINDO_Terima Kasih_042_frame3.jpg,Terima Kasih,BISINDO_Terima Kasih_042,train
/content/extracted_images/train/Terima Kasih/BISINDO_Terima Kasih_010_frame1.jpg,Terima Kasih,BISINDO_Terima Kasih_010,train
/content/extracted_images/train/Terima Kasih/BISINDO_Terima Kasih_010_frame2.jpg,Terima Kasih,BISINDO_Terima Kasih_010,train
/content/extracted_images/train/Terima Kasih/BISINDO_Terima Kasih_010_frame3.jpg,Terima Kasih,BISINDO_Terima Kasih_010,train
/content/extracted_images/train/Terima Kasih/BISINDO_Terima Kasih_047_frame1.jpg,Terima Kasih,BISINDO_Terima Kasih_047,train
/content/extracted_images/train/Terima Kasih/BISINDO_Terima Kasih_047_frame2.jpg,Terima Kasih,BISINDO_Terima Kasih_047,train
/content/extracted_images/train/Terima Kasih/BISINDO_Terima Kasih_047_frame3.jpg,Terima Kasih,BISINDO_Terima Kasih_047,train
/content/extracted_images/train/Terima Kasih/BISINDO_Terima Kasih_030_frame1.jpg,Terima Kasih,BISINDO_Terima Kasih_030,train
/content/extracted_images/train/Terima Kasih/BISINDO_Terima Kasih_030_frame2.jpg,Terima Kasih,BISINDO_Terima Kasih_030,train
/content/extracted_images/train/Terima Kasih/BISINDO_Terima Kasih_030_frame3.jpg,Terima Kasih,BISINDO_Terima Kasih_030,train
/content/extracted_images/train/Terima Kasih/BISINDO_Terima Kasih_014_frame1.jpg,Terima Kasih,BISINDO_Terima Kasih_014,train
/content/extracted_images/train/Terima Kasih/BISINDO_Terima Kasih_014_frame2.jpg,Terima Kasih,BISINDO_Terima Kasih_014,train
/content/extracted_images/train/Terima Kasih/BISINDO_Terima Kasih_014_frame3.jpg,Terima Kasih,BISINDO_Terima Kasih_014,train
/content/extracted_images/train/Terima Kasih/BISINDO_Terima Kasih_026_frame1.jpg,Terima Kasih,BISINDO_Terima Kasih_026,train
/content/extracted_images/train/Terima Kasih/BISINDO_Terima Kasih_026_frame2.jpg,Terima Kasih,BISINDO_Terima Kasih_026,train
/content/extracted_images/train/Terima Kasih/BISINDO_Terima Kasih_026_frame3.jpg,Terima Kasih,BISINDO_Terima Kasih_026,train
/content/extracted_images/train/Terima Kasih/BISINDO_Terima Kasih_033_frame1.jpg,Terima Kasih,BISINDO_Terima Kasih_033,train
/content/extracted_images/train/Terima Kasih/BISINDO_Terima Kasih_033_frame2.jpg,Terima Kasih,BISINDO_Terima Kasih_033,train
/content/extracted_images/train/Terima Kasih/BISINDO_Terima Kasih_033_frame3.jpg,Terima Kasih,BISINDO_Terima Kasih_033,train
/content/extracted_images/train/Terima Kasih/BISINDO_Terima Kasih_025_frame1.jpg,Terima Kasih,BISINDO_Terima Kasih_025,train
/content/extracted_images/train/Terima Kasih/BISINDO_Terima Kasih_025_frame2.jpg,Terima Kasih,BISINDO_Terima Kasih_025,train
/content/extracted_images/train/Terima Kasih/BISINDO_Terima Kasih_025_frame3.jpg,Terima Kasih,BISINDO_Terima Kasih_025,train
/content/extracted_images/train/Terima Kasih/BISINDO_Terima Kasih_009_frame1.jpg,Terima Kasih,BISINDO_Terima Kasih_009,train
/content/extracted_images/train/Terima Kasih/BISINDO_Terima Kasih_009_frame2.jpg,Terima Kasih,BISINDO_Terima Kasih_009,train
/content/extracted_images/train/Terima Kasih/BISINDO_Terima Kasih_009_frame3.jpg,Terima Kasih,BISINDO_Terima Kasih_009,train
/content/extracted_images/train/Terima Kasih/BISINDO_Terima Kasih_043_frame1.jpg,Terima Kasih,BISINDO_Terima Kasih_043,train
/content/extracted_images/train/Terima Kasih/BISINDO_Terima Kasih_043_frame2.jpg,Terima Kasih,BISINDO_Terima Kasih_043,train
/content/extracted_images/train/Terima Kasih/BISINDO_Terima Kasih_043_frame3.jpg,Terima Kasih,BISINDO_Terima Kasih_043,train
/content/extracted_images/train/Terima Kasih/BISINDO_Terima Kasih_019_frame1.jpg,Terima Kasih,BISINDO_Terima Kasih_019,train
/content/extracted_images/train/Terima Kasih/BISINDO_Terima Kasih_019_frame2.jpg,Terima Kasih,BISINDO_Terima Kasih_019,train
/content/extracted_images/train/Terima Kasih/BISINDO_Terima Kasih_019_frame3.jpg,Terima Kasih,BISINDO_Terima Kasih_019,train
/content/extracted_images/train/Terima Kasih/BISINDO_Terima Kasih_045_frame1.jpg,Terima Kasih,BISINDO_Terima Kasih_045,train
/content/extracted_images/train/Terima Kasih/BISINDO_Terima Kasih_045_frame2.jpg,Terima Kasih,BISINDO_Terima Kasih_045,train
/content/extracted_images/train/Terima Kasih/BISINDO_Terima Kasih_045_frame3.jpg,Terima Kasih,BISINDO_Terima Kasih_045,train
/content/extracted_images/train/Terima Kasih/BISINDO_Terima Kasih_006_frame1.jpg,Terima Kasih,BISINDO_Terima Kasih_006,train
/content/extracted_images/train/Terima Kasih/BISINDO_Terima Kasih_006_frame2.jpg,Terima Kasih,BISINDO_Terima Kasih_006,train
/content/extracted_images/train/Terima Kasih/BISINDO_Terima Kasih_006_frame3.jpg,Terima Kasih,BISINDO_Terima Kasih_006,train
/content/extracted_images/train/Terima Kasih/BISINDO_Terima Kasih_040_frame1.jpg,Terima Kasih,BISINDO_Terima Kasih_040,train
/content/extracted_images/train/Terima Kasih/BISINDO_Terima Kasih_040_frame2.jpg,Terima Kasih,BISINDO_Terima Kasih_040,train
/content/extracted_images/train/Terima Kasih/BISINDO_Terima Kasih_040_frame3.jpg,Terima Kasih,BISINDO_Terima Kasih_040,train
/content/extracted_images/train/Terima Kasih/BISINDO_Terima Kasih_018_frame1.jpg,Terima Kasih,BISINDO_Terima Kasih_018,train
/content/extracted_images/train/Terima Kasih/BISINDO_Terima Kasih_018_frame2.jpg,Terima Kasih,BISINDO_Terima Kasih_018,train
/content/extracted_images/train/Terima Kasih/BISINDO_Terima Kasih_018_frame3.jpg,Terima Kasih,BISINDO_Terima Kasih_018,train
/content/extracted_images/train/Terima Kasih/BISINDO_Terima Kasih_027_frame1.jpg,Terima Kasih,BISINDO_Terima Kasih_027,train
/content/extracted_images/train/Terima Kasih/BISINDO_Terima Kasih_027_frame2.jpg,Terima Kasih,BISINDO_Terima Kasih_027,train
/content/extracted_images/train/Terima Kasih/BISINDO_Terima Kasih_027_frame3.jpg,Terima Kasih,BISINDO_Terima Kasih_027,train
/content/extracted_images/train/Terima Kasih/BISINDO_Terima Kasih_028_frame1.jpg,Terima Kasih,BISINDO_Terima Kasih_028,train
/content/extracted_images/train/Terima Kasih/BISINDO_Terima Kasih_028_frame2.jpg,Terima Kasih,BISINDO_Terima Kasih_028,train
/content/extracted_images/train/Terima Kasih/BISINDO_Terima Kasih_028_frame3.jpg,Terima Kasih,BISINDO_Terima Kasih_028,train
/content/extracted_images/train/Terima Kasih/BISINDO_Terima Kasih_029_frame1.jpg,Terima Kasih,BISINDO_Terima Kasih_029,train
/content/extracted_images/train/Terima Kasih/BISINDO_Terima Kasih_029_frame2.jpg,Terima Kasih,BISINDO_Terima Kasih_029,train
/content/extracted_images/train/Terima Kasih/BISINDO_Terima Kasih_029_frame3.jpg,Terima Kasih,BISINDO_Terima Kasih_029,train
/content/extracted_images/train/Terima Kasih/BISINDO_Terima Kasih_022_frame1.jpg,Terima Kasih,BISINDO_Terima Kasih_022,train
/content/extracted_images/train/Terima Kasih/BISINDO_Terima Kasih_022_frame2.jpg,Terima Kasih,BISINDO_Terima Kasih_022,train
/content/extracted_images/train/Terima Kasih/BISINDO_Terima Kasih_022_frame3.jpg,Terima Kasih,BISINDO_Terima Kasih_022,train
/content/extracted_images/train/Terima Kasih/BISINDO_Terima Kasih_021_frame1.jpg,Terima Kasih,BISINDO_Terima Kasih_021,train
/content/extracted_images/train/Terima Kasih/BISINDO_Terima Kasih_021_frame2.jpg,Terima Kasih,BISINDO_Terima Kasih_021,train
/content/extracted_images/train/Terima Kasih/BISINDO_Terima Kasih_021_frame3.jpg,Terima Kasih,BISINDO_Terima Kasih_021,train
/content/extracted_images/train/Terima Kasih/BISINDO_Terima Kasih_031_frame1.jpg,Terima Kasih,BISINDO_Terima Kasih_031,train
/content/extracted_images/train/Terima Kasih/BISINDO_Terima Kasih_031_frame2.jpg,Terima Kasih,BISINDO_Terima Kasih_031,train
/content/extracted_images/train/Terima Kasih/BISINDO_Terima Kasih_031_frame3.jpg,Terima Kasih,BISINDO_Terima Kasih_031,train
/content/extracted_images/train/Terima Kasih/BISINDO_Terima Kasih_004_frame1.jpg,Terima Kasih,BISINDO_Terima Kasih_004,train
/content/extracted_images/train/Terima Kasih/BISINDO_Terima Kasih_004_frame2.jpg,Terima Kasih,BISINDO_Terima Kasih_004,train
/content/extracted_images/train/Terima Kasih/BISINDO_Terima Kasih_004_frame3.jpg,Terima Kasih,BISINDO_Terima Kasih_004,train
/content/extracted_images/train/Terima Kasih/BISINDO_Terima Kasih_049_frame1.jpg,Terima Kasih,BISINDO_Terima Kasih_049,train
/content/extracted_images/train/Terima Kasih/BISINDO_Terima Kasih_049_frame2.jpg,Terima Kasih,BISINDO_Terima Kasih_049,train
/content/extracted_images/train/Terima Kasih/BISINDO_Terima Kasih_049_frame3.jpg,Terima Kasih,BISINDO_Terima Kasih_049,train
/content/extracted_images/train/Terima Kasih/BISINDO_Terima Kasih_032_frame1.jpg,Terima Kasih,BISINDO_Terima Kasih_032,train
/content/extracted_images/train/Terima Kasih/BISINDO_Terima Kasih_032_frame2.jpg,Terima Kasih,BISINDO_Terima Kasih_032,train
/content/extracted_images/train/Terima Kasih/BISINDO_Terima Kasih_032_frame3.jpg,Terima Kasih,BISINDO_Terima Kasih_032,train
/content/extracted_images/train/Terima Kasih/BISINDO_Terima Kasih_007_frame1.jpg,Terima Kasih,BISINDO_Terima Kasih_007,train
/content/extracted_images/train/Terima Kasih/BISINDO_Terima Kasih_007_frame2.jpg,Terima Kasih,BISINDO_Terima Kasih_007,train
/content/extracted_images/train/Terima Kasih/BISINDO_Terima Kasih_007_frame3.jpg,Terima Kasih,BISINDO_Terima Kasih_007,train
/content/extracted_images/train/Terima Kasih/BISINDO_Terima Kasih_015_frame1.jpg,Terima Kasih,BISINDO_Terima Kasih_015,train
/content/extracted_images/train/Terima Kasih/BISINDO_Terima Kasih_015_frame2.jpg,Terima Kasih,BISINDO_Terima Kasih_015,train
/content/extracted_images/train/Terima Kasih/BISINDO_Terima Kasih_015_frame3.jpg,Terima Kasih,BISINDO_Terima Kasih_015,train
/content/extracted_images/train/Terima Kasih/BISINDO_Terima Kasih_020_frame1.jpg,Terima Kasih,BISINDO_Terima Kasih_020,train
/content/extracted_images/train/Terima Kasih/BISINDO_Terima Kasih_020_frame2.jpg,Terima Kasih,BISINDO_Terima Kasih_020,train
/content/extracted_images/train/Terima Kasih/BISINDO_Terima Kasih_020_frame3.jpg,Terima Kasih,BISINDO_Terima Kasih_020,train
/content/extracted_images/train/Terima Kasih/BISINDO_Terima Kasih_036_frame1.jpg,Terima Kasih,BISINDO_Terima Kasih_036,train
/content/extracted_images/train/Terima Kasih/BISINDO_Terima Kasih_036_frame2.jpg,Terima Kasih,BISINDO_Terima Kasih_036,train
/content/extracted_images/train/Terima Kasih/BISINDO_Terima Kasih_036_frame3.jpg,Terima Kasih,BISINDO_Terima Kasih_036,train
/content/extracted_images/train/Terima Kasih/BISINDO_Terima Kasih_038_frame1.jpg,Terima Kasih,BISINDO_Terima Kasih_038,train
/content/extracted_images/train/Terima Kasih/BISINDO_Terima Kasih_038_frame2.jpg,Terima Kasih,BISINDO_Terima Kasih_038,train
/content/extracted_images/train/Terima Kasih/BISINDO_Terima Kasih_038_frame3.jpg,Terima Kasih,BISINDO_Terima Kasih_038,train
/content/extracted_images/train/Terima Kasih/BISINDO_Terima Kasih_037_frame1.jpg,Terima Kasih,BISINDO_Terima Kasih_037,train
/content/extracted_images/train/Terima Kasih/BISINDO_Terima Kasih_037_frame2.jpg,Terima Kasih,BISINDO_Terima Kasih_037,train
/content/extracted_images/train/Terima Kasih/BISINDO_Terima Kasih_037_frame3.jpg,Terima Kasih,BISINDO_Terima Kasih_037,train
/content/extracted_images/train/Dia/BISINDO_Dia_025_frame1.jpg,Dia,BISINDO_Dia_025,train
/content/extracted_images/train/Dia/BISINDO_Dia_025_frame2.jpg,Dia,BISINDO_Dia_025,train
/content/extracted_images/train/Dia/BISINDO_Dia_025_frame3.jpg,Dia,BISINDO_Dia_025,train
/content/extracted_images/train/Dia/BISINDO_Dia_037_frame1.jpg,Dia,BISINDO_Dia_037,train
/content/extracted_images/train/Dia/BISINDO_Dia_037_frame2.jpg,Dia,BISINDO_Dia_037,train
/content/extracted_images/train/Dia/BISINDO_Dia_037_frame3.jpg,Dia,BISINDO_Dia_037,train
/content/extracted_images/train/Dia/BISINDO_Dia_008_frame1.jpg,Dia,BISINDO_Dia_008,train
/content/extracted_images/train/Dia/BISINDO_Dia_008_frame2.jpg,Dia,BISINDO_Dia_008,train
/content/extracted_images/train/Dia/BISINDO_Dia_008_frame3.jpg,Dia,BISINDO_Dia_008,train
/content/extracted_images/train/Dia/BISINDO_Dia_047_frame1.jpg,Dia,BISINDO_Dia_047,train
/content/extracted_images/train/Dia/BISINDO_Dia_047_frame2.jpg,Dia,BISINDO_Dia_047,train
/content/extracted_images/train/Dia/BISINDO_Dia_047_frame3.jpg,Dia,BISINDO_Dia_047,train
/content/extracted_images/train/Dia/BISINDO_Dia_029_frame1.jpg,Dia,BISINDO_Dia_029,train
/content/extracted_images/train/Dia/BISINDO_Dia_029_frame2.jpg,Dia,BISINDO_Dia_029,train
/content/extracted_images/train/Dia/BISINDO_Dia_029_frame3.jpg,Dia,BISINDO_Dia_029,train
/content/extracted_images/train/Dia/BISINDO_Dia_022_frame1.jpg,Dia,BISINDO_Dia_022,train
/content/extracted_images/train/Dia/BISINDO_Dia_022_frame2.jpg,Dia,BISINDO_Dia_022,train
/content/extracted_images/train/Dia/BISINDO_Dia_022_frame3.jpg,Dia,BISINDO_Dia_022,train
/content/extracted_images/train/Dia/BISINDO_Dia_049_frame1.jpg,Dia,BISINDO_Dia_049,train
/content/extracted_images/train/Dia/BISINDO_Dia_049_frame2.jpg,Dia,BISINDO_Dia_049,train
/content/extracted_images/train/Dia/BISINDO_Dia_049_frame3.jpg,Dia,BISINDO_Dia_049,train
/content/extracted_images/train/Dia/BISINDO_Dia_024_frame1.jpg,Dia,BISINDO_Dia_024,train
/content/extracted_images/train/Dia/BISINDO_Dia_024_frame2.jpg,Dia,BISINDO_Dia_024,train
/content/extracted_images/train/Dia/BISINDO_Dia_024_frame3.jpg,Dia,BISINDO_Dia_024,train
/content/extracted_images/train/Dia/BISINDO_Dia_045_frame1.jpg,Dia,BISINDO_Dia_045,train
/content/extracted_images/train/Dia/BISINDO_Dia_045_frame2.jpg,Dia,BISINDO_Dia_045,train
/content/extracted_images/train/Dia/BISINDO_Dia_045_frame3.jpg,Dia,BISINDO_Dia_045,train
/content/extracted_images/train/Dia/BISINDO_Dia_044_frame1.jpg,Dia,BISINDO_Dia_044,train
/content/extracted_images/train/Dia/BISINDO_Dia_044_frame2.jpg,Dia,BISINDO_Dia_044,train
/content/extracted_images/train/Dia/BISINDO_Dia_044_frame3.jpg,Dia,BISINDO_Dia_044,train
/content/extracted_images/train/Dia/BISINDO_Dia_026_frame1.jpg,Dia,BISINDO_Dia_026,train
/content/extracted_images/train/Dia/BISINDO_Dia_026_frame2.jpg,Dia,BISINDO_Dia_026,train
/content/extracted_images/train/Dia/BISINDO_Dia_026_frame3.jpg,Dia,BISINDO_Dia_026,train
/content/extracted_images/train/Dia/BISINDO_Dia_013_frame1.jpg,Dia,BISINDO_Dia_013,train
/content/extracted_images/train/Dia/BISINDO_Dia_013_frame2.jpg,Dia,BISINDO_Dia_013,train
/content/extracted_images/train/Dia/BISINDO_Dia_013_frame3.jpg,Dia,BISINDO_Dia_013,train
/content/extracted_images/train/Dia/BISINDO_Dia_031_frame1.jpg,Dia,BISINDO_Dia_031,train
/content/extracted_images/train/Dia/BISINDO_Dia_031_frame2.jpg,Dia,BISINDO_Dia_031,train
/content/extracted_images/train/Dia/BISINDO_Dia_031_frame3.jpg,Dia,BISINDO_Dia_031,train
/content/extracted_images/train/Dia/BISINDO_Dia_032_frame1.jpg,Dia,BISINDO_Dia_032,train
/content/extracted_images/train/Dia/BISINDO_Dia_032_frame2.jpg,Dia,BISINDO_Dia_032,train
/content/extracted_images/train/Dia/BISINDO_Dia_032_frame3.jpg,Dia,BISINDO_Dia_032,train
/content/extracted_images/train/Dia/BISINDO_Dia_004_frame1.jpg,Dia,BISINDO_Dia_004,train
/content/extracted_images/train/Dia/BISINDO_Dia_004_frame2.jpg,Dia,BISINDO_Dia_004,train
/content/extracted_images/train/Dia/BISINDO_Dia_004_frame3.jpg,Dia,BISINDO_Dia_004,train
/content/extracted_images/train/Dia/BISINDO_Dia_014_frame1.jpg,Dia,BISINDO_Dia_014,train
/content/extracted_images/train/Dia/BISINDO_Dia_014_frame2.jpg,Dia,BISINDO_Dia_014,train
/content/extracted_images/train/Dia/BISINDO_Dia_014_frame3.jpg,Dia,BISINDO_Dia_014,train
/content/extracted_images/train/Dia/BISINDO_Dia_041_frame1.jpg,Dia,BISINDO_Dia_041,train
/content/extracted_images/train/Dia/BISINDO_Dia_041_frame2.jpg,Dia,BISINDO_Dia_041,train
/content/extracted_images/train/Dia/BISINDO_Dia_041_frame3.jpg,Dia,BISINDO_Dia_041,train
/content/extracted_images/train/Dia/BISINDO_Dia_046_frame1.jpg,Dia,BISINDO_Dia_046,train
/content/extracted_images/train/Dia/BISINDO_Dia_046_frame2.jpg,Dia,BISINDO_Dia_046,train
/content/extracted_images/train/Dia/BISINDO_Dia_046_frame3.jpg,Dia,BISINDO_Dia_046,train
/content/extracted_images/train/Dia/BISINDO_Dia_003_frame1.jpg,Dia,BISINDO_Dia_003,train
/content/extracted_images/train/Dia/BISINDO_Dia_003_frame2.jpg,Dia,BISINDO_Dia_003,train
/content/extracted_images/train/Dia/BISINDO_Dia_003_frame3.jpg,Dia,BISINDO_Dia_003,train
/content/extracted_images/train/Dia/BISINDO_Dia_040_frame1.jpg,Dia,BISINDO_Dia_040,train
/content/extracted_images/train/Dia/BISINDO_Dia_040_frame2.jpg,Dia,BISINDO_Dia_040,train
/content/extracted_images/train/Dia/BISINDO_Dia_040_frame3.jpg,Dia,BISINDO_Dia_040,train
/content/extracted_images/train/Dia/BISINDO_Dia_021_frame1.jpg,Dia,BISINDO_Dia_021,train
/content/extracted_images/train/Dia/BISINDO_Dia_021_frame2.jpg,Dia,BISINDO_Dia_021,train
/content/extracted_images/train/Dia/BISINDO_Dia_021_frame3.jpg,Dia,BISINDO_Dia_021,train
/content/extracted_images/train/Dia/BISINDO_Dia_043_frame1.jpg,Dia,BISINDO_Dia_043,train
/content/extracted_images/train/Dia/BISINDO_Dia_043_frame2.jpg,Dia,BISINDO_Dia_043,train
/content/extracted_images/train/Dia/BISINDO_Dia_043_frame3.jpg,Dia,BISINDO_Dia_043,train
/content/extracted_images/train/Dia/BISINDO_Dia_027_frame1.jpg,Dia,BISINDO_Dia_027,train
/content/extracted_images/train/Dia/BISINDO_Dia_027_frame2.jpg,Dia,BISINDO_Dia_027,train
/content/extracted_images/train/Dia/BISINDO_Dia_027_frame3.jpg,Dia,BISINDO_Dia_027,train
/content/extracted_images/train/Dia/BISINDO_Dia_042_frame1.jpg,Dia,BISINDO_Dia_042,train
/content/extracted_images/train/Dia/BISINDO_Dia_042_frame2.jpg,Dia,BISINDO_Dia_042,train
/content/extracted_images/train/Dia/BISINDO_Dia_042_frame3.jpg,Dia,BISINDO_Dia_042,train
/content/extracted_images/train/Dia/BISINDO_Dia_007_frame1.jpg,Dia,BISINDO_Dia_007,train
/content/extracted_images/train/Dia/BISINDO_Dia_007_frame2.jpg,Dia,BISINDO_Dia_007,train
/content/extracted_images/train/Dia/BISINDO_Dia_007_frame3.jpg,Dia,BISINDO_Dia_007,train
/content/extracted_images/train/Dia/BISINDO_Dia_005_frame1.jpg,Dia,BISINDO_Dia_005,train
/content/extracted_images/train/Dia/BISINDO_Dia_005_frame2.jpg,Dia,BISINDO_Dia_005,train
/content/extracted_images/train/Dia/BISINDO_Dia_005_frame3.jpg,Dia,BISINDO_Dia_005,train
/content/extracted_images/train/Dia/BISINDO_Dia_048_frame1.jpg,Dia,BISINDO_Dia_048,train
/content/extracted_images/train/Dia/BISINDO_Dia_048_frame2.jpg,Dia,BISINDO_Dia_048,train
/content/extracted_images/train/Dia/BISINDO_Dia_048_frame3.jpg,Dia,BISINDO_Dia_048,train
/content/extracted_images/train/Dia/BISINDO_Dia_019_frame1.jpg,Dia,BISINDO_Dia_019,train
/content/extracted_images/train/Dia/BISINDO_Dia_019_frame2.jpg,Dia,BISINDO_Dia_019,train
/content/extracted_images/train/Dia/BISINDO_Dia_019_frame3.jpg,Dia,BISINDO_Dia_019,train
/content/extracted_images/train/Dia/BISINDO_Dia_038_frame1.jpg,Dia,BISINDO_Dia_038,train
/content/extracted_images/train/Dia/BISINDO_Dia_038_frame2.jpg,Dia,BISINDO_Dia_038,train
/content/extracted_images/train/Dia/BISINDO_Dia_038_frame3.jpg,Dia,BISINDO_Dia_038,train
/content/extracted_images/train/Dia/BISINDO_Dia_011_frame1.jpg,Dia,BISINDO_Dia_011,train
/content/extracted_images/train/Dia/BISINDO_Dia_011_frame2.jpg,Dia,BISINDO_Dia_011,train
/content/extracted_images/train/Dia/BISINDO_Dia_011_frame3.jpg,Dia,BISINDO_Dia_011,train
/content/extracted_images/train/Dia/BISINDO_Dia_050_frame1.jpg,Dia,BISINDO_Dia_050,train
/content/extracted_images/train/Dia/BISINDO_Dia_050_frame2.jpg,Dia,BISINDO_Dia_050,train
/content/extracted_images/train/Dia/BISINDO_Dia_050_frame3.jpg,Dia,BISINDO_Dia_050,train
/content/extracted_images/train/Dia/BISINDO_Dia_036_frame1.jpg,Dia,BISINDO_Dia_036,train
/content/extracted_images/train/Dia/BISINDO_Dia_036_frame2.jpg,Dia,BISINDO_Dia_036,train
/content/extracted_images/train/Dia/BISINDO_Dia_036_frame3.jpg,Dia,BISINDO_Dia_036,train
/content/extracted_images/train/Dia/BISINDO_Dia_006_frame1.jpg,Dia,BISINDO_Dia_006,train
/content/extracted_images/train/Dia/BISINDO_Dia_006_frame2.jpg,Dia,BISINDO_Dia_006,train
/content/extracted_images/train/Dia/BISINDO_Dia_006_frame3.jpg,Dia,BISINDO_Dia_006,train
/content/extracted_images/train/Dia/BISINDO_Dia_018_frame1.jpg,Dia,BISINDO_Dia_018,train
/content/extracted_images/train/Dia/BISINDO_Dia_018_frame2.jpg,Dia,BISINDO_Dia_018,train
/content/extracted_images/train/Dia/BISINDO_Dia_018_frame3.jpg,Dia,BISINDO_Dia_018,train
/content/extracted_images/train/Dia/BISINDO_Dia_016_frame1.jpg,Dia,BISINDO_Dia_016,train
/content/extracted_images/train/Dia/BISINDO_Dia_016_frame2.jpg,Dia,BISINDO_Dia_016,train
/content/extracted_images/train/Dia/BISINDO_Dia_016_frame3.jpg,Dia,BISINDO_Dia_016,train
/content/extracted_images/train/Dia/BISINDO_Dia_010_frame1.jpg,Dia,BISINDO_Dia_010,train
/content/extracted_images/train/Dia/BISINDO_Dia_010_frame2.jpg,Dia,BISINDO_Dia_010,train
/content/extracted_images/train/Dia/BISINDO_Dia_010_frame3.jpg,Dia,BISINDO_Dia_010,train
/content/extracted_images/train/Dia/BISINDO_Dia_009_frame1.jpg,Dia,BISINDO_Dia_009,train
/content/extracted_images/train/Dia/BISINDO_Dia_009_frame2.jpg,Dia,BISINDO_Dia_009,train
/content/extracted_images/train/Dia/BISINDO_Dia_009_frame3.jpg,Dia,BISINDO_Dia_009,train
/content/extracted_images/train/Dia/BISINDO_Dia_001_frame1.jpg,Dia,BISINDO_Dia_001,train
/content/extracted_images/train/Dia/BISINDO_Dia_001_frame2.jpg,Dia,BISINDO_Dia_001,train
/content/extracted_images/train/Dia/BISINDO_Dia_001_frame3.jpg,Dia,BISINDO_Dia_001,train
/content/extracted_images/train/Dia/BISINDO_Dia_035_frame1.jpg,Dia,BISINDO_Dia_035,train
/content/extracted_images/train/Dia/BISINDO_Dia_035_frame2.jpg,Dia,BISINDO_Dia_035,train
/content/extracted_images/train/Dia/BISINDO_Dia_035_frame3.jpg,Dia,BISINDO_Dia_035,train
/content/extracted_images/train/Dia/BISINDO_Dia_020_frame1.jpg,Dia,BISINDO_Dia_020,train
/content/extracted_images/train/Dia/BISINDO_Dia_020_frame2.jpg,Dia,BISINDO_Dia_020,train
/content/extracted_images/train/Dia/BISINDO_Dia_020_frame3.jpg,Dia,BISINDO_Dia_020,train
/content/extracted_images/train/Dia/BISINDO_Dia_002_frame1.jpg,Dia,BISINDO_Dia_002,train
/content/extracted_images/train/Dia/BISINDO_Dia_002_frame2.jpg,Dia,BISINDO_Dia_002,train
/content/extracted_images/train/Dia/BISINDO_Dia_002_frame3.jpg,Dia,BISINDO_Dia_002,train
/content/extracted_images/train/Selamat Pagi/BISINDO_Selamat Pagi_029_frame1.jpg,Selamat Pagi,BISINDO_Selamat Pagi_029,train
/content/extracted_images/train/Selamat Pagi/BISINDO_Selamat Pagi_029_frame2.jpg,Selamat Pagi,BISINDO_Selamat Pagi_029,train
/content/extracted_images/train/Selamat Pagi/BISINDO_Selamat Pagi_029_frame3.jpg,Selamat Pagi,BISINDO_Selamat Pagi_029,train
/content/extracted_images/train/Selamat Pagi/BISINDO_Selamat Pagi_042_frame1.jpg,Selamat Pagi,BISINDO_Selamat Pagi_042,train
/content/extracted_images/train/Selamat Pagi/BISINDO_Selamat Pagi_042_frame2.jpg,Selamat Pagi,BISINDO_Selamat Pagi_042,train
/content/extracted_images/train/Selamat Pagi/BISINDO_Selamat Pagi_042_frame3.jpg,Selamat Pagi,BISINDO_Selamat Pagi_042,train
/content/extracted_images/train/Selamat Pagi/BISINDO_Selamat Pagi_035_frame1.jpg,Selamat Pagi,BISINDO_Selamat Pagi_035,train
/content/extracted_images/train/Selamat Pagi/BISINDO_Selamat Pagi_035_frame2.jpg,Selamat Pagi,BISINDO_Selamat Pagi_035,train
/content/extracted_images/train/Selamat Pagi/BISINDO_Selamat Pagi_035_frame3.jpg,Selamat Pagi,BISINDO_Selamat Pagi_035,train
/content/extracted_images/train/Selamat Pagi/BISINDO_Selamat Pagi_031_frame1.jpg,Selamat Pagi,BISINDO_Selamat Pagi_031,train
/content/extracted_images/train/Selamat Pagi/BISINDO_Selamat Pagi_031_frame2.jpg,Selamat Pagi,BISINDO_Selamat Pagi_031,train
/content/extracted_images/train/Selamat Pagi/BISINDO_Selamat Pagi_031_frame3.jpg,Selamat Pagi,BISINDO_Selamat Pagi_031,train
/content/extracted_images/train/Selamat Pagi/BISINDO_Selamat Pagi_004_frame1.jpg,Selamat Pagi,BISINDO_Selamat Pagi_004,train
/content/extracted_images/train/Selamat Pagi/BISINDO_Selamat Pagi_004_frame2.jpg,Selamat Pagi,BISINDO_Selamat Pagi_004,train
/content/extracted_images/train/Selamat Pagi/BISINDO_Selamat Pagi_004_frame3.jpg,Selamat Pagi,BISINDO_Selamat Pagi_004,train
/content/extracted_images/train/Selamat Pagi/BISINDO_Selamat Pagi_037_frame1.jpg,Selamat Pagi,BISINDO_Selamat Pagi_037,train
/content/extracted_images/train/Selamat Pagi/BISINDO_Selamat Pagi_037_frame2.jpg,Selamat Pagi,BISINDO_Selamat Pagi_037,train
/content/extracted_images/train/Selamat Pagi/BISINDO_Selamat Pagi_037_frame3.jpg,Selamat Pagi,BISINDO_Selamat Pagi_037,train
/content/extracted_images/train/Selamat Pagi/BISINDO_Selamat Pagi_008_frame1.jpg,Selamat Pagi,BISINDO_Selamat Pagi_008,train
/content/extracted_images/train/Selamat Pagi/BISINDO_Selamat Pagi_008_frame2.jpg,Selamat Pagi,BISINDO_Selamat Pagi_008,train
/content/extracted_images/train/Selamat Pagi/BISINDO_Selamat Pagi_008_frame3.jpg,Selamat Pagi,BISINDO_Selamat Pagi_008,train
/content/extracted_images/train/Selamat Pagi/BISINDO_Selamat Pagi_039_frame1.jpg,Selamat Pagi,BISINDO_Selamat Pagi_039,train
/content/extracted_images/train/Selamat Pagi/BISINDO_Selamat Pagi_039_frame2.jpg,Selamat Pagi,BISINDO_Selamat Pagi_039,train
/content/extracted_images/train/Selamat Pagi/BISINDO_Selamat Pagi_039_frame3.jpg,Selamat Pagi,BISINDO_Selamat Pagi_039,train
/content/extracted_images/train/Selamat Pagi/BISINDO_Selamat Pagi_007_frame1.jpg,Selamat Pagi,BISINDO_Selamat Pagi_007,train
/content/extracted_images/train/Selamat Pagi/BISINDO_Selamat Pagi_007_frame2.jpg,Selamat Pagi,BISINDO_Selamat Pagi_007,train
/content/extracted_images/train/Selamat Pagi/BISINDO_Selamat Pagi_007_frame3.jpg,Selamat Pagi,BISINDO_Selamat Pagi_007,train
/content/extracted_images/train/Selamat Pagi/BISINDO_Selamat Pagi_003_frame1.jpg,Selamat Pagi,BISINDO_Selamat Pagi_003,train
/content/extracted_images/train/Selamat Pagi/BISINDO_Selamat Pagi_003_frame2.jpg,Selamat Pagi,BISINDO_Selamat Pagi_003,train
/content/extracted_images/train/Selamat Pagi/BISINDO_Selamat Pagi_003_frame3.jpg,Selamat Pagi,BISINDO_Selamat Pagi_003,train
/content/extracted_images/train/Selamat Pagi/BISINDO_Selamat Pagi_050_frame1.jpg,Selamat Pagi,BISINDO_Selamat Pagi_050,train
/content/extracted_images/train/Selamat Pagi/BISINDO_Selamat Pagi_050_frame2.jpg,Selamat Pagi,BISINDO_Selamat Pagi_050,train
/content/extracted_images/train/Selamat Pagi/BISINDO_Selamat Pagi_050_frame3.jpg,Selamat Pagi,BISINDO_Selamat Pagi_050,train
/content/extracted_images/train/Selamat Pagi/BISINDO_Selamat Pagi_036_frame1.jpg,Selamat Pagi,BISINDO_Selamat Pagi_036,train
/content/extracted_images/train/Selamat Pagi/BISINDO_Selamat Pagi_036_frame2.jpg,Selamat Pagi,BISINDO_Selamat Pagi_036,train
/content/extracted_images/train/Selamat Pagi/BISINDO_Selamat Pagi_036_frame3.jpg,Selamat Pagi,BISINDO_Selamat Pagi_036,train
/content/extracted_images/train/Selamat Pagi/BISINDO_Selamat Pagi_027_frame1.jpg,Selamat Pagi,BISINDO_Selamat Pagi_027,train
/content/extracted_images/train/Selamat Pagi/BISINDO_Selamat Pagi_027_frame2.jpg,Selamat Pagi,BISINDO_Selamat Pagi_027,train
/content/extracted_images/train/Selamat Pagi/BISINDO_Selamat Pagi_027_frame3.jpg,Selamat Pagi,BISINDO_Selamat Pagi_027,train
/content/extracted_images/train/Selamat Pagi/BISINDO_Selamat Pagi_020_frame1.jpg,Selamat Pagi,BISINDO_Selamat Pagi_020,train
/content/extracted_images/train/Selamat Pagi/BISINDO_Selamat Pagi_020_frame2.jpg,Selamat Pagi,BISINDO_Selamat Pagi_020,train
/content/extracted_images/train/Selamat Pagi/BISINDO_Selamat Pagi_020_frame3.jpg,Selamat Pagi,BISINDO_Selamat Pagi_020,train
/content/extracted_images/train/Selamat Pagi/BISINDO_Selamat Pagi_044_frame1.jpg,Selamat Pagi,BISINDO_Selamat Pagi_044,train
/content/extracted_images/train/Selamat Pagi/BISINDO_Selamat Pagi_044_frame2.jpg,Selamat Pagi,BISINDO_Selamat Pagi_044,train
/content/extracted_images/train/Selamat Pagi/BISINDO_Selamat Pagi_044_frame3.jpg,Selamat Pagi,BISINDO_Selamat Pagi_044,train
/content/extracted_images/train/Selamat Pagi/BISINDO_Selamat Pagi_012_frame1.jpg,Selamat Pagi,BISINDO_Selamat Pagi_012,train
/content/extracted_images/train/Selamat Pagi/BISINDO_Selamat Pagi_012_frame2.jpg,Selamat Pagi,BISINDO_Selamat Pagi_012,train
/content/extracted_images/train/Selamat Pagi/BISINDO_Selamat Pagi_012_frame3.jpg,Selamat Pagi,BISINDO_Selamat Pagi_012,train
/content/extracted_images/train/Selamat Pagi/BISINDO_Selamat Pagi_043_frame1.jpg,Selamat Pagi,BISINDO_Selamat Pagi_043,train
/content/extracted_images/train/Selamat Pagi/BISINDO_Selamat Pagi_043_frame2.jpg,Selamat Pagi,BISINDO_Selamat Pagi_043,train
/content/extracted_images/train/Selamat Pagi/BISINDO_Selamat Pagi_043_frame3.jpg,Selamat Pagi,BISINDO_Selamat Pagi_043,train
/content/extracted_images/train/Selamat Pagi/BISINDO_Selamat Pagi_033_frame1.jpg,Selamat Pagi,BISINDO_Selamat Pagi_033,train
/content/extracted_images/train/Selamat Pagi/BISINDO_Selamat Pagi_033_frame2.jpg,Selamat Pagi,BISINDO_Selamat Pagi_033,train
/content/extracted_images/train/Selamat Pagi/BISINDO_Selamat Pagi_033_frame3.jpg,Selamat Pagi,BISINDO_Selamat Pagi_033,train
/content/extracted_images/train/Selamat Pagi/BISINDO_Selamat Pagi_034_frame1.jpg,Selamat Pagi,BISINDO_Selamat Pagi_034,train
/content/extracted_images/train/Selamat Pagi/BISINDO_Selamat Pagi_034_frame2.jpg,Selamat Pagi,BISINDO_Selamat Pagi_034,train
/content/extracted_images/train/Selamat Pagi/BISINDO_Selamat Pagi_034_frame3.jpg,Selamat Pagi,BISINDO_Selamat Pagi_034,train
/content/extracted_images/train/Selamat Pagi/BISINDO_Selamat Pagi_015_frame1.jpg,Selamat Pagi,BISINDO_Selamat Pagi_015,train
/content/extracted_images/train/Selamat Pagi/BISINDO_Selamat Pagi_015_frame2.jpg,Selamat Pagi,BISINDO_Selamat Pagi_015,train
/content/extracted_images/train/Selamat Pagi/BISINDO_Selamat Pagi_015_frame3.jpg,Selamat Pagi,BISINDO_Selamat Pagi_015,train
/content/extracted_images/train/Selamat Pagi/BISINDO_Selamat Pagi_021_frame1.jpg,Selamat Pagi,BISINDO_Selamat Pagi_021,train
/content/extracted_images/train/Selamat Pagi/BISINDO_Selamat Pagi_021_frame2.jpg,Selamat Pagi,BISINDO_Selamat Pagi_021,train
/content/extracted_images/train/Selamat Pagi/BISINDO_Selamat Pagi_021_frame3.jpg,Selamat Pagi,BISINDO_Selamat Pagi_021,train
/content/extracted_images/train/Selamat Pagi/BISINDO_Selamat Pagi_014_frame1.jpg,Selamat Pagi,BISINDO_Selamat Pagi_014,train
/content/extracted_images/train/Selamat Pagi/BISINDO_Selamat Pagi_014_frame2.jpg,Selamat Pagi,BISINDO_Selamat Pagi_014,train
/content/extracted_images/train/Selamat Pagi/BISINDO_Selamat Pagi_014_frame3.jpg,Selamat Pagi,BISINDO_Selamat Pagi_014,train
/content/extracted_images/train/Selamat Pagi/BISINDO_Selamat Pagi_018_frame1.jpg,Selamat Pagi,BISINDO_Selamat Pagi_018,train
/content/extracted_images/train/Selamat Pagi/BISINDO_Selamat Pagi_018_frame2.jpg,Selamat Pagi,BISINDO_Selamat Pagi_018,train
/content/extracted_images/train/Selamat Pagi/BISINDO_Selamat Pagi_018_frame3.jpg,Selamat Pagi,BISINDO_Selamat Pagi_018,train
/content/extracted_images/train/Selamat Pagi/BISINDO_Selamat Pagi_023_frame1.jpg,Selamat Pagi,BISINDO_Selamat Pagi_023,train
/content/extracted_images/train/Selamat Pagi/BISINDO_Selamat Pagi_023_frame2.jpg,Selamat Pagi,BISINDO_Selamat Pagi_023,train
/content/extracted_images/train/Selamat Pagi/BISINDO_Selamat Pagi_023_frame3.jpg,Selamat Pagi,BISINDO_Selamat Pagi_023,train
/content/extracted_images/train/Selamat Pagi/BISINDO_Selamat Pagi_028_frame1.jpg,Selamat Pagi,BISINDO_Selamat Pagi_028,train
/content/extracted_images/train/Selamat Pagi/BISINDO_Selamat Pagi_028_frame2.jpg,Selamat Pagi,BISINDO_Selamat Pagi_028,train
/content/extracted_images/train/Selamat Pagi/BISINDO_Selamat Pagi_028_frame3.jpg,Selamat Pagi,BISINDO_Selamat Pagi_028,train
/content/extracted_images/train/Selamat Pagi/BISINDO_Selamat Pagi_017_frame1.jpg,Selamat Pagi,BISINDO_Selamat Pagi_017,train
/content/extracted_images/train/Selamat Pagi/BISINDO_Selamat Pagi_017_frame2.jpg,Selamat Pagi,BISINDO_Selamat Pagi_017,train
/content/extracted_images/train/Selamat Pagi/BISINDO_Selamat Pagi_017_frame3.jpg,Selamat Pagi,BISINDO_Selamat Pagi_017,train
/content/extracted_images/train/Selamat Pagi/BISINDO_Selamat Pagi_045_frame1.jpg,Selamat Pagi,BISINDO_Selamat Pagi_045,train
/content/extracted_images/train/Selamat Pagi/BISINDO_Selamat Pagi_045_frame2.jpg,Selamat Pagi,BISINDO_Selamat Pagi_045,train
/content/extracted_images/train/Selamat Pagi/BISINDO_Selamat Pagi_045_frame3.jpg,Selamat Pagi,BISINDO_Selamat Pagi_045,train
/content/extracted_images/train/Selamat Pagi/BISINDO_Selamat Pagi_026_frame1.jpg,Selamat Pagi,BISINDO_Selamat Pagi_026,train
/content/extracted_images/train/Selamat Pagi/BISINDO_Selamat Pagi_026_frame2.jpg,Selamat Pagi,BISINDO_Selamat Pagi_026,train
/content/extracted_images/train/Selamat Pagi/BISINDO_Selamat Pagi_026_frame3.jpg,Selamat Pagi,BISINDO_Selamat Pagi_026,train
/content/extracted_images/train/Selamat Pagi/BISINDO_Selamat Pagi_032_frame1.jpg,Selamat Pagi,BISINDO_Selamat Pagi_032,train
/content/extracted_images/train/Selamat Pagi/BISINDO_Selamat Pagi_032_frame2.jpg,Selamat Pagi,BISINDO_Selamat Pagi_032,train
/content/extracted_images/train/Selamat Pagi/BISINDO_Selamat Pagi_032_frame3.jpg,Selamat Pagi,BISINDO_Selamat Pagi_032,train
/content/extracted_images/train/Selamat Pagi/BISINDO_Selamat Pagi_040_frame1.jpg,Selamat Pagi,BISINDO_Selamat Pagi_040,train
/content/extracted_images/train/Selamat Pagi/BISINDO_Selamat Pagi_040_frame2.jpg,Selamat Pagi,BISINDO_Selamat Pagi_040,train
/content/extracted_images/train/Selamat Pagi/BISINDO_Selamat Pagi_040_frame3.jpg,Selamat Pagi,BISINDO_Selamat Pagi_040,train
/content/extracted_images/train/Selamat Pagi/BISINDO_Selamat Pagi_046_frame1.jpg,Selamat Pagi,BISINDO_Selamat Pagi_046,train
/content/extracted_images/train/Selamat Pagi/BISINDO_Selamat Pagi_046_frame2.jpg,Selamat Pagi,BISINDO_Selamat Pagi_046,train
/content/extracted_images/train/Selamat Pagi/BISINDO_Selamat Pagi_046_frame3.jpg,Selamat Pagi,BISINDO_Selamat Pagi_046,train
/content/extracted_images/train/Selamat Pagi/BISINDO_Selamat Pagi_002_frame1.jpg,Selamat Pagi,BISINDO_Selamat Pagi_002,train
/content/extracted_images/train/Selamat Pagi/BISINDO_Selamat Pagi_002_frame2.jpg,Selamat Pagi,BISINDO_Selamat Pagi_002,train
/content/extracted_images/train/Selamat Pagi/BISINDO_Selamat Pagi_002_frame3.jpg,Selamat Pagi,BISINDO_Selamat Pagi_002,train
/content/extracted_images/train/Selamat Pagi/BISINDO_Selamat Pagi_005_frame1.jpg,Selamat Pagi,BISINDO_Selamat Pagi_005,train
/content/extracted_images/train/Selamat Pagi/BISINDO_Selamat Pagi_005_frame2.jpg,Selamat Pagi,BISINDO_Selamat Pagi_005,train
/content/extracted_images/train/Selamat Pagi/BISINDO_Selamat Pagi_005_frame3.jpg,Selamat Pagi,BISINDO_Selamat Pagi_005,train
/content/extracted_images/train/Selamat Pagi/BISINDO_Selamat Pagi_038_frame1.jpg,Selamat Pagi,BISINDO_Selamat Pagi_038,train
/content/extracted_images/train/Selamat Pagi/BISINDO_Selamat Pagi_038_frame2.jpg,Selamat Pagi,BISINDO_Selamat Pagi_038,train
/content/extracted_images/train/Selamat Pagi/BISINDO_Selamat Pagi_038_frame3.jpg,Selamat Pagi,BISINDO_Selamat Pagi_038,train
/content/extracted_images/train/Selamat Pagi/BISINDO_Selamat Pagi_030_frame1.jpg,Selamat Pagi,BISINDO_Selamat Pagi_030,train
/content/extracted_images/train/Selamat Pagi/BISINDO_Selamat Pagi_030_frame2.jpg,Selamat Pagi,BISINDO_Selamat Pagi_030,train
/content/extracted_images/train/Selamat Pagi/BISINDO_Selamat Pagi_030_frame3.jpg,Selamat Pagi,BISINDO_Selamat Pagi_030,train
/content/extracted_images/train/Selamat Pagi/BISINDO_Selamat Pagi_049_frame1.jpg,Selamat Pagi,BISINDO_Selamat Pagi_049,train
/content/extracted_images/train/Selamat Pagi/BISINDO_Selamat Pagi_049_frame2.jpg,Selamat Pagi,BISINDO_Selamat Pagi_049,train
/content/extracted_images/train/Selamat Pagi/BISINDO_Selamat Pagi_049_frame3.jpg,Selamat Pagi,BISINDO_Selamat Pagi_049,train
/content/extracted_images/train/Selamat Siang/BISINDO_Selamat Siang_023_frame1.jpg,Selamat Siang,BISINDO_Selamat Siang_023,train
/content/extracted_images/train/Selamat Siang/BISINDO_Selamat Siang_023_frame2.jpg,Selamat Siang,BISINDO_Selamat Siang_023,train
/content/extracted_images/train/Selamat Siang/BISINDO_Selamat Siang_023_frame3.jpg,Selamat Siang,BISINDO_Selamat Siang_023,train
/content/extracted_images/train/Selamat Siang/BISINDO_Selamat Siang_039_frame1.jpg,Selamat Siang,BISINDO_Selamat Siang_039,train
/content/extracted_images/train/Selamat Siang/BISINDO_Selamat Siang_039_frame2.jpg,Selamat Siang,BISINDO_Selamat Siang_039,train
/content/extracted_images/train/Selamat Siang/BISINDO_Selamat Siang_039_frame3.jpg,Selamat Siang,BISINDO_Selamat Siang_039,train
/content/extracted_images/train/Selamat Siang/BISINDO_Selamat Siang_040_frame1.jpg,Selamat Siang,BISINDO_Selamat Siang_040,train
/content/extracted_images/train/Selamat Siang/BISINDO_Selamat Siang_040_frame2.jpg,Selamat Siang,BISINDO_Selamat Siang_040,train
/content/extracted_images/train/Selamat Siang/BISINDO_Selamat Siang_040_frame3.jpg,Selamat Siang,BISINDO_Selamat Siang_040,train
/content/extracted_images/train/Selamat Siang/BISINDO_Selamat Siang_046_frame1.jpg,Selamat Siang,BISINDO_Selamat Siang_046,train
/content/extracted_images/train/Selamat Siang/BISINDO_Selamat Siang_046_frame2.jpg,Selamat Siang,BISINDO_Selamat Siang_046,train
/content/extracted_images/train/Selamat Siang/BISINDO_Selamat Siang_046_frame3.jpg,Selamat Siang,BISINDO_Selamat Siang_046,train
/content/extracted_images/train/Selamat Siang/BISINDO_Selamat Siang_045_frame1.jpg,Selamat Siang,BISINDO_Selamat Siang_045,train
/content/extracted_images/train/Selamat Siang/BISINDO_Selamat Siang_045_frame2.jpg,Selamat Siang,BISINDO_Selamat Siang_045,train
/content/extracted_images/train/Selamat Siang/BISINDO_Selamat Siang_045_frame3.jpg,Selamat Siang,BISINDO_Selamat Siang_045,train
/content/extracted_images/train/Selamat Siang/BISINDO_Selamat Siang_035_frame1.jpg,Selamat Siang,BISINDO_Selamat Siang_035,train
/content/extracted_images/train/Selamat Siang/BISINDO_Selamat Siang_035_frame2.jpg,Selamat Siang,BISINDO_Selamat Siang_035,train
/content/extracted_images/train/Selamat Siang/BISINDO_Selamat Siang_035_frame3.jpg,Selamat Siang,BISINDO_Selamat Siang_035,train
/content/extracted_images/train/Selamat Siang/BISINDO_Selamat Siang_021_frame1.jpg,Selamat Siang,BISINDO_Selamat Siang_021,train
/content/extracted_images/train/Selamat Siang/BISINDO_Selamat Siang_021_frame2.jpg,Selamat Siang,BISINDO_Selamat Siang_021,train
/content/extracted_images/train/Selamat Siang/BISINDO_Selamat Siang_021_frame3.jpg,Selamat Siang,BISINDO_Selamat Siang_021,train
/content/extracted_images/train/Selamat Siang/BISINDO_Selamat Siang_002_frame1.jpg,Selamat Siang,BISINDO_Selamat Siang_002,train
/content/extracted_images/train/Selamat Siang/BISINDO_Selamat Siang_002_frame2.jpg,Selamat Siang,BISINDO_Selamat Siang_002,train
/content/extracted_images/train/Selamat Siang/BISINDO_Selamat Siang_002_frame3.jpg,Selamat Siang,BISINDO_Selamat Siang_002,train
/content/extracted_images/train/Selamat Siang/BISINDO_Selamat Siang_018_frame1.jpg,Selamat Siang,BISINDO_Selamat Siang_018,train
/content/extracted_images/train/Selamat Siang/BISINDO_Selamat Siang_018_frame2.jpg,Selamat Siang,BISINDO_Selamat Siang_018,train
/content/extracted_images/train/Selamat Siang/BISINDO_Selamat Siang_018_frame3.jpg,Selamat Siang,BISINDO_Selamat Siang_018,train
/content/extracted_images/train/Selamat Siang/BISINDO_Selamat Siang_001_frame1.jpg,Selamat Siang,BISINDO_Selamat Siang_001,train
/content/extracted_images/train/Selamat Siang/BISINDO_Selamat Siang_001_frame2.jpg,Selamat Siang,BISINDO_Selamat Siang_001,train
/content/extracted_images/train/Selamat Siang/BISINDO_Selamat Siang_001_frame3.jpg,Selamat Siang,BISINDO_Selamat Siang_001,train
/content/extracted_images/train/Selamat Siang/BISINDO_Selamat Siang_041_frame1.jpg,Selamat Siang,BISINDO_Selamat Siang_041,train
/content/extracted_images/train/Selamat Siang/BISINDO_Selamat Siang_041_frame2.jpg,Selamat Siang,BISINDO_Selamat Siang_041,train
/content/extracted_images/train/Selamat Siang/BISINDO_Selamat Siang_041_frame3.jpg,Selamat Siang,BISINDO_Selamat Siang_041,train
/content/extracted_images/train/Selamat Siang/BISINDO_Selamat Siang_013_frame1.jpg,Selamat Siang,BISINDO_Selamat Siang_013,train
/content/extracted_images/train/Selamat Siang/BISINDO_Selamat Siang_013_frame2.jpg,Selamat Siang,BISINDO_Selamat Siang_013,train
/content/extracted_images/train/Selamat Siang/BISINDO_Selamat Siang_013_frame3.jpg,Selamat Siang,BISINDO_Selamat Siang_013,train
/content/extracted_images/train/Selamat Siang/BISINDO_Selamat Siang_006_frame1.jpg,Selamat Siang,BISINDO_Selamat Siang_006,train
/content/extracted_images/train/Selamat Siang/BISINDO_Selamat Siang_006_frame2.jpg,Selamat Siang,BISINDO_Selamat Siang_006,train
/content/extracted_images/train/Selamat Siang/BISINDO_Selamat Siang_006_frame3.jpg,Selamat Siang,BISINDO_Selamat Siang_006,train
/content/extracted_images/train/Selamat Siang/BISINDO_Selamat Siang_032_frame1.jpg,Selamat Siang,BISINDO_Selamat Siang_032,train
/content/extracted_images/train/Selamat Siang/BISINDO_Selamat Siang_032_frame2.jpg,Selamat Siang,BISINDO_Selamat Siang_032,train
/content/extracted_images/train/Selamat Siang/BISINDO_Selamat Siang_032_frame3.jpg,Selamat Siang,BISINDO_Selamat Siang_032,train
/content/extracted_images/train/Selamat Siang/BISINDO_Selamat Siang_036_frame1.jpg,Selamat Siang,BISINDO_Selamat Siang_036,train
/content/extracted_images/train/Selamat Siang/BISINDO_Selamat Siang_036_frame2.jpg,Selamat Siang,BISINDO_Selamat Siang_036,train
/content/extracted_images/train/Selamat Siang/BISINDO_Selamat Siang_036_frame3.jpg,Selamat Siang,BISINDO_Selamat Siang_036,train
/content/extracted_images/train/Selamat Siang/BISINDO_Selamat Siang_034_frame1.jpg,Selamat Siang,BISINDO_Selamat Siang_034,train
/content/extracted_images/train/Selamat Siang/BISINDO_Selamat Siang_034_frame2.jpg,Selamat Siang,BISINDO_Selamat Siang_034,train
/content/extracted_images/train/Selamat Siang/BISINDO_Selamat Siang_034_frame3.jpg,Selamat Siang,BISINDO_Selamat Siang_034,train
/content/extracted_images/train/Selamat Siang/BISINDO_Selamat Siang_033_frame1.jpg,Selamat Siang,BISINDO_Selamat Siang_033,train
/content/extracted_images/train/Selamat Siang/BISINDO_Selamat Siang_033_frame2.jpg,Selamat Siang,BISINDO_Selamat Siang_033,train
/content/extracted_images/train/Selamat Siang/BISINDO_Selamat Siang_033_frame3.jpg,Selamat Siang,BISINDO_Selamat Siang_033,train
/content/extracted_images/train/Selamat Siang/BISINDO_Selamat Siang_022_frame1.jpg,Selamat Siang,BISINDO_Selamat Siang_022,train
/content/extracted_images/train/Selamat Siang/BISINDO_Selamat Siang_022_frame2.jpg,Selamat Siang,BISINDO_Selamat Siang_022,train
/content/extracted_images/train/Selamat Siang/BISINDO_Selamat Siang_022_frame3.jpg,Selamat Siang,BISINDO_Selamat Siang_022,train
/content/extracted_images/train/Selamat Siang/BISINDO_Selamat Siang_030_frame1.jpg,Selamat Siang,BISINDO_Selamat Siang_030,train
/content/extracted_images/train/Selamat Siang/BISINDO_Selamat Siang_030_frame2.jpg,Selamat Siang,BISINDO_Selamat Siang_030,train
/content/extracted_images/train/Selamat Siang/BISINDO_Selamat Siang_030_frame3.jpg,Selamat Siang,BISINDO_Selamat Siang_030,train
/content/extracted_images/train/Selamat Siang/BISINDO_Selamat Siang_012_frame1.jpg,Selamat Siang,BISINDO_Selamat Siang_012,train
/content/extracted_images/train/Selamat Siang/BISINDO_Selamat Siang_012_frame2.jpg,Selamat Siang,BISINDO_Selamat Siang_012,train
/content/extracted_images/train/Selamat Siang/BISINDO_Selamat Siang_012_frame3.jpg,Selamat Siang,BISINDO_Selamat Siang_012,train
/content/extracted_images/train/Selamat Siang/BISINDO_Selamat Siang_031_frame1.jpg,Selamat Siang,BISINDO_Selamat Siang_031,train
/content/extracted_images/train/Selamat Siang/BISINDO_Selamat Siang_031_frame2.jpg,Selamat Siang,BISINDO_Selamat Siang_031,train
/content/extracted_images/train/Selamat Siang/BISINDO_Selamat Siang_031_frame3.jpg,Selamat Siang,BISINDO_Selamat Siang_031,train
/content/extracted_images/train/Selamat Siang/BISINDO_Selamat Siang_027_frame1.jpg,Selamat Siang,BISINDO_Selamat Siang_027,train
/content/extracted_images/train/Selamat Siang/BISINDO_Selamat Siang_027_frame2.jpg,Selamat Siang,BISINDO_Selamat Siang_027,train
/content/extracted_images/train/Selamat Siang/BISINDO_Selamat Siang_027_frame3.jpg,Selamat Siang,BISINDO_Selamat Siang_027,train
/content/extracted_images/train/Selamat Siang/BISINDO_Selamat Siang_049_frame1.jpg,Selamat Siang,BISINDO_Selamat Siang_049,train
/content/extracted_images/train/Selamat Siang/BISINDO_Selamat Siang_049_frame2.jpg,Selamat Siang,BISINDO_Selamat Siang_049,train
/content/extracted_images/train/Selamat Siang/BISINDO_Selamat Siang_049_frame3.jpg,Selamat Siang,BISINDO_Selamat Siang_049,train
/content/extracted_images/train/Selamat Siang/BISINDO_Selamat Siang_020_frame1.jpg,Selamat Siang,BISINDO_Selamat Siang_020,train
/content/extracted_images/train/Selamat Siang/BISINDO_Selamat Siang_020_frame2.jpg,Selamat Siang,BISINDO_Selamat Siang_020,train
/content/extracted_images/train/Selamat Siang/BISINDO_Selamat Siang_020_frame3.jpg,Selamat Siang,BISINDO_Selamat Siang_020,train
/content/extracted_images/train/Selamat Siang/BISINDO_Selamat Siang_043_frame1.jpg,Selamat Siang,BISINDO_Selamat Siang_043,train
/content/extracted_images/train/Selamat Siang/BISINDO_Selamat Siang_043_frame2.jpg,Selamat Siang,BISINDO_Selamat Siang_043,train
/content/extracted_images/train/Selamat Siang/BISINDO_Selamat Siang_043_frame3.jpg,Selamat Siang,BISINDO_Selamat Siang_043,train
/content/extracted_images/train/Selamat Siang/BISINDO_Selamat Siang_016_frame1.jpg,Selamat Siang,BISINDO_Selamat Siang_016,train
/content/extracted_images/train/Selamat Siang/BISINDO_Selamat Siang_016_frame2.jpg,Selamat Siang,BISINDO_Selamat Siang_016,train
/content/extracted_images/train/Selamat Siang/BISINDO_Selamat Siang_016_frame3.jpg,Selamat Siang,BISINDO_Selamat Siang_016,train
/content/extracted_images/train/Selamat Siang/BISINDO_Selamat Siang_044_frame1.jpg,Selamat Siang,BISINDO_Selamat Siang_044,train
/content/extracted_images/train/Selamat Siang/BISINDO_Selamat Siang_044_frame2.jpg,Selamat Siang,BISINDO_Selamat Siang_044,train
/content/extracted_images/train/Selamat Siang/BISINDO_Selamat Siang_044_frame3.jpg,Selamat Siang,BISINDO_Selamat Siang_044,train
/content/extracted_images/train/Selamat Siang/BISINDO_Selamat Siang_029_frame1.jpg,Selamat Siang,BISINDO_Selamat Siang_029,train
/content/extracted_images/train/Selamat Siang/BISINDO_Selamat Siang_029_frame2.jpg,Selamat Siang,BISINDO_Selamat Siang_029,train
/content/extracted_images/train/Selamat Siang/BISINDO_Selamat Siang_029_frame3.jpg,Selamat Siang,BISINDO_Selamat Siang_029,train
/content/extracted_images/train/Selamat Siang/BISINDO_Selamat Siang_011_frame1.jpg,Selamat Siang,BISINDO_Selamat Siang_011,train
/content/extracted_images/train/Selamat Siang/BISINDO_Selamat Siang_011_frame2.jpg,Selamat Siang,BISINDO_Selamat Siang_011,train
/content/extracted_images/train/Selamat Siang/BISINDO_Selamat Siang_011_frame3.jpg,Selamat Siang,BISINDO_Selamat Siang_011,train
/content/extracted_images/train/Selamat Siang/BISINDO_Selamat Siang_008_frame1.jpg,Selamat Siang,BISINDO_Selamat Siang_008,train
/content/extracted_images/train/Selamat Siang/BISINDO_Selamat Siang_008_frame2.jpg,Selamat Siang,BISINDO_Selamat Siang_008,train
/content/extracted_images/train/Selamat Siang/BISINDO_Selamat Siang_008_frame3.jpg,Selamat Siang,BISINDO_Selamat Siang_008,train
/content/extracted_images/train/Selamat Siang/BISINDO_Selamat Siang_019_frame1.jpg,Selamat Siang,BISINDO_Selamat Siang_019,train
/content/extracted_images/train/Selamat Siang/BISINDO_Selamat Siang_019_frame2.jpg,Selamat Siang,BISINDO_Selamat Siang_019,train
/content/extracted_images/train/Selamat Siang/BISINDO_Selamat Siang_019_frame3.jpg,Selamat Siang,BISINDO_Selamat Siang_019,train
/content/extracted_images/train/Selamat Siang/BISINDO_Selamat Siang_004_frame1.jpg,Selamat Siang,BISINDO_Selamat Siang_004,train
/content/extracted_images/train/Selamat Siang/BISINDO_Selamat Siang_004_frame2.jpg,Selamat Siang,BISINDO_Selamat Siang_004,train
/content/extracted_images/train/Selamat Siang/BISINDO_Selamat Siang_004_frame3.jpg,Selamat Siang,BISINDO_Selamat Siang_004,train
/content/extracted_images/train/Selamat Siang/BISINDO_Selamat Siang_028_frame1.jpg,Selamat Siang,BISINDO_Selamat Siang_028,train
/content/extracted_images/train/Selamat Siang/BISINDO_Selamat Siang_028_frame2.jpg,Selamat Siang,BISINDO_Selamat Siang_028,train
/content/extracted_images/train/Selamat Siang/BISINDO_Selamat Siang_028_frame3.jpg,Selamat Siang,BISINDO_Selamat Siang_028,train
/content/extracted_images/train/Selamat Siang/BISINDO_Selamat Siang_038_frame1.jpg,Selamat Siang,BISINDO_Selamat Siang_038,train
/content/extracted_images/train/Selamat Siang/BISINDO_Selamat Siang_038_frame2.jpg,Selamat Siang,BISINDO_Selamat Siang_038,train
/content/extracted_images/train/Selamat Siang/BISINDO_Selamat Siang_038_frame3.jpg,Selamat Siang,BISINDO_Selamat Siang_038,train
/content/extracted_images/train/Selamat Siang/BISINDO_Selamat Siang_014_frame1.jpg,Selamat Siang,BISINDO_Selamat Siang_014,train
/content/extracted_images/train/Selamat Siang/BISINDO_Selamat Siang_014_frame2.jpg,Selamat Siang,BISINDO_Selamat Siang_014,train
/content/extracted_images/train/Selamat Siang/BISINDO_Selamat Siang_014_frame3.jpg,Selamat Siang,BISINDO_Selamat Siang_014,train
/content/extracted_images/train/Selamat Siang/BISINDO_Selamat Siang_007_frame1.jpg,Selamat Siang,BISINDO_Selamat Siang_007,train
/content/extracted_images/train/Selamat Siang/BISINDO_Selamat Siang_007_frame2.jpg,Selamat Siang,BISINDO_Selamat Siang_007,train
/content/extracted_images/train/Selamat Siang/BISINDO_Selamat Siang_007_frame3.jpg,Selamat Siang,BISINDO_Selamat Siang_007,train
/content/extracted_images/train/Kapan/BISINDO_Kapan_020_frame1.jpg,Kapan,BISINDO_Kapan_020,train
/content/extracted_images/train/Kapan/BISINDO_Kapan_020_frame2.jpg,Kapan,BISINDO_Kapan_020,train
/content/extracted_images/train/Kapan/BISINDO_Kapan_020_frame3.jpg,Kapan,BISINDO_Kapan_020,train
/content/extracted_images/train/Kapan/BISINDO_Kapan_029_frame1.jpg,Kapan,BISINDO_Kapan_029,train
/content/extracted_images/train/Kapan/BISINDO_Kapan_029_frame2.jpg,Kapan,BISINDO_Kapan_029,train
/content/extracted_images/train/Kapan/BISINDO_Kapan_029_frame3.jpg,Kapan,BISINDO_Kapan_029,train
/content/extracted_images/train/Kapan/BISINDO_Kapan_049_frame1.jpg,Kapan,BISINDO_Kapan_049,train
/content/extracted_images/train/Kapan/BISINDO_Kapan_049_frame2.jpg,Kapan,BISINDO_Kapan_049,train
/content/extracted_images/train/Kapan/BISINDO_Kapan_049_frame3.jpg,Kapan,BISINDO_Kapan_049,train
/content/extracted_images/train/Kapan/BISINDO_Kapan_044_frame1.jpg,Kapan,BISINDO_Kapan_044,train
/content/extracted_images/train/Kapan/BISINDO_Kapan_044_frame2.jpg,Kapan,BISINDO_Kapan_044,train
/content/extracted_images/train/Kapan/BISINDO_Kapan_044_frame3.jpg,Kapan,BISINDO_Kapan_044,train
/content/extracted_images/train/Kapan/BISINDO_Kapan_048_frame1.jpg,Kapan,BISINDO_Kapan_048,train
/content/extracted_images/train/Kapan/BISINDO_Kapan_048_frame2.jpg,Kapan,BISINDO_Kapan_048,train
/content/extracted_images/train/Kapan/BISINDO_Kapan_048_frame3.jpg,Kapan,BISINDO_Kapan_048,train
/content/extracted_images/train/Kapan/BISINDO_Kapan_013_frame1.jpg,Kapan,BISINDO_Kapan_013,train
/content/extracted_images/train/Kapan/BISINDO_Kapan_013_frame2.jpg,Kapan,BISINDO_Kapan_013,train
/content/extracted_images/train/Kapan/BISINDO_Kapan_013_frame3.jpg,Kapan,BISINDO_Kapan_013,train
/content/extracted_images/train/Kapan/BISINDO_Kapan_019_frame1.jpg,Kapan,BISINDO_Kapan_019,train
/content/extracted_images/train/Kapan/BISINDO_Kapan_019_frame2.jpg,Kapan,BISINDO_Kapan_019,train
/content/extracted_images/train/Kapan/BISINDO_Kapan_019_frame3.jpg,Kapan,BISINDO_Kapan_019,train
/content/extracted_images/train/Kapan/BISINDO_Kapan_046_frame1.jpg,Kapan,BISINDO_Kapan_046,train
/content/extracted_images/train/Kapan/BISINDO_Kapan_046_frame2.jpg,Kapan,BISINDO_Kapan_046,train
/content/extracted_images/train/Kapan/BISINDO_Kapan_046_frame3.jpg,Kapan,BISINDO_Kapan_046,train
/content/extracted_images/train/Kapan/BISINDO_Kapan_030_frame1.jpg,Kapan,BISINDO_Kapan_030,train
/content/extracted_images/train/Kapan/BISINDO_Kapan_030_frame2.jpg,Kapan,BISINDO_Kapan_030,train
/content/extracted_images/train/Kapan/BISINDO_Kapan_030_frame3.jpg,Kapan,BISINDO_Kapan_030,train
/content/extracted_images/train/Kapan/BISINDO_Kapan_005_frame1.jpg,Kapan,BISINDO_Kapan_005,train
/content/extracted_images/train/Kapan/BISINDO_Kapan_005_frame2.jpg,Kapan,BISINDO_Kapan_005,train
/content/extracted_images/train/Kapan/BISINDO_Kapan_005_frame3.jpg,Kapan,BISINDO_Kapan_005,train
/content/extracted_images/train/Kapan/BISINDO_Kapan_032_frame1.jpg,Kapan,BISINDO_Kapan_032,train
/content/extracted_images/train/Kapan/BISINDO_Kapan_032_frame2.jpg,Kapan,BISINDO_Kapan_032,train
/content/extracted_images/train/Kapan/BISINDO_Kapan_032_frame3.jpg,Kapan,BISINDO_Kapan_032,train
/content/extracted_images/train/Kapan/BISINDO_Kapan_021_frame1.jpg,Kapan,BISINDO_Kapan_021,train
/content/extracted_images/train/Kapan/BISINDO_Kapan_021_frame2.jpg,Kapan,BISINDO_Kapan_021,train
/content/extracted_images/train/Kapan/BISINDO_Kapan_021_frame3.jpg,Kapan,BISINDO_Kapan_021,train
/content/extracted_images/train/Kapan/BISINDO_Kapan_023_frame1.jpg,Kapan,BISINDO_Kapan_023,train
/content/extracted_images/train/Kapan/BISINDO_Kapan_023_frame2.jpg,Kapan,BISINDO_Kapan_023,train
/content/extracted_images/train/Kapan/BISINDO_Kapan_023_frame3.jpg,Kapan,BISINDO_Kapan_023,train
/content/extracted_images/train/Kapan/BISINDO_Kapan_016_frame1.jpg,Kapan,BISINDO_Kapan_016,train
/content/extracted_images/train/Kapan/BISINDO_Kapan_016_frame2.jpg,Kapan,BISINDO_Kapan_016,train
/content/extracted_images/train/Kapan/BISINDO_Kapan_016_frame3.jpg,Kapan,BISINDO_Kapan_016,train
/content/extracted_images/train/Kapan/BISINDO_Kapan_018_frame1.jpg,Kapan,BISINDO_Kapan_018,train
/content/extracted_images/train/Kapan/BISINDO_Kapan_018_frame2.jpg,Kapan,BISINDO_Kapan_018,train
/content/extracted_images/train/Kapan/BISINDO_Kapan_018_frame3.jpg,Kapan,BISINDO_Kapan_018,train
/content/extracted_images/train/Kapan/BISINDO_Kapan_047_frame1.jpg,Kapan,BISINDO_Kapan_047,train
/content/extracted_images/train/Kapan/BISINDO_Kapan_047_frame2.jpg,Kapan,BISINDO_Kapan_047,train
/content/extracted_images/train/Kapan/BISINDO_Kapan_047_frame3.jpg,Kapan,BISINDO_Kapan_047,train
/content/extracted_images/train/Kapan/BISINDO_Kapan_041_frame1.jpg,Kapan,BISINDO_Kapan_041,train
/content/extracted_images/train/Kapan/BISINDO_Kapan_041_frame2.jpg,Kapan,BISINDO_Kapan_041,train
/content/extracted_images/train/Kapan/BISINDO_Kapan_041_frame3.jpg,Kapan,BISINDO_Kapan_041,train
/content/extracted_images/train/Kapan/BISINDO_Kapan_026_frame1.jpg,Kapan,BISINDO_Kapan_026,train
/content/extracted_images/train/Kapan/BISINDO_Kapan_026_frame2.jpg,Kapan,BISINDO_Kapan_026,train
/content/extracted_images/train/Kapan/BISINDO_Kapan_026_frame3.jpg,Kapan,BISINDO_Kapan_026,train
/content/extracted_images/train/Kapan/BISINDO_Kapan_040_frame1.jpg,Kapan,BISINDO_Kapan_040,train
/content/extracted_images/train/Kapan/BISINDO_Kapan_040_frame2.jpg,Kapan,BISINDO_Kapan_040,train
/content/extracted_images/train/Kapan/BISINDO_Kapan_040_frame3.jpg,Kapan,BISINDO_Kapan_040,train
/content/extracted_images/train/Kapan/BISINDO_Kapan_035_frame1.jpg,Kapan,BISINDO_Kapan_035,train
/content/extracted_images/train/Kapan/BISINDO_Kapan_035_frame2.jpg,Kapan,BISINDO_Kapan_035,train
/content/extracted_images/train/Kapan/BISINDO_Kapan_035_frame3.jpg,Kapan,BISINDO_Kapan_035,train
/content/extracted_images/train/Kapan/BISINDO_Kapan_024_frame1.jpg,Kapan,BISINDO_Kapan_024,train
/content/extracted_images/train/Kapan/BISINDO_Kapan_024_frame2.jpg,Kapan,BISINDO_Kapan_024,train
/content/extracted_images/train/Kapan/BISINDO_Kapan_024_frame3.jpg,Kapan,BISINDO_Kapan_024,train
/content/extracted_images/train/Kapan/BISINDO_Kapan_025_frame1.jpg,Kapan,BISINDO_Kapan_025,train
/content/extracted_images/train/Kapan/BISINDO_Kapan_025_frame2.jpg,Kapan,BISINDO_Kapan_025,train
/content/extracted_images/train/Kapan/BISINDO_Kapan_025_frame3.jpg,Kapan,BISINDO_Kapan_025,train
/content/extracted_images/train/Kapan/BISINDO_Kapan_014_frame1.jpg,Kapan,BISINDO_Kapan_014,train
/content/extracted_images/train/Kapan/BISINDO_Kapan_014_frame2.jpg,Kapan,BISINDO_Kapan_014,train
/content/extracted_images/train/Kapan/BISINDO_Kapan_014_frame3.jpg,Kapan,BISINDO_Kapan_014,train
/content/extracted_images/train/Kapan/BISINDO_Kapan_001_frame1.jpg,Kapan,BISINDO_Kapan_001,train
/content/extracted_images/train/Kapan/BISINDO_Kapan_001_frame2.jpg,Kapan,BISINDO_Kapan_001,train
/content/extracted_images/train/Kapan/BISINDO_Kapan_001_frame3.jpg,Kapan,BISINDO_Kapan_001,train
/content/extracted_images/train/Kapan/BISINDO_Kapan_050_frame1.jpg,Kapan,BISINDO_Kapan_050,train
/content/extracted_images/train/Kapan/BISINDO_Kapan_050_frame2.jpg,Kapan,BISINDO_Kapan_050,train
/content/extracted_images/train/Kapan/BISINDO_Kapan_050_frame3.jpg,Kapan,BISINDO_Kapan_050,train
/content/extracted_images/train/Kapan/BISINDO_Kapan_042_frame1.jpg,Kapan,BISINDO_Kapan_042,train
/content/extracted_images/train/Kapan/BISINDO_Kapan_042_frame2.jpg,Kapan,BISINDO_Kapan_042,train
/content/extracted_images/train/Kapan/BISINDO_Kapan_042_frame3.jpg,Kapan,BISINDO_Kapan_042,train
/content/extracted_images/train/Kapan/BISINDO_Kapan_028_frame1.jpg,Kapan,BISINDO_Kapan_028,train
/content/extracted_images/train/Kapan/BISINDO_Kapan_028_frame2.jpg,Kapan,BISINDO_Kapan_028,train
/content/extracted_images/train/Kapan/BISINDO_Kapan_028_frame3.jpg,Kapan,BISINDO_Kapan_028,train
/content/extracted_images/train/Kapan/BISINDO_Kapan_027_frame1.jpg,Kapan,BISINDO_Kapan_027,train
/content/extracted_images/train/Kapan/BISINDO_Kapan_027_frame2.jpg,Kapan,BISINDO_Kapan_027,train
/content/extracted_images/train/Kapan/BISINDO_Kapan_027_frame3.jpg,Kapan,BISINDO_Kapan_027,train
/content/extracted_images/train/Kapan/BISINDO_Kapan_034_frame1.jpg,Kapan,BISINDO_Kapan_034,train
/content/extracted_images/train/Kapan/BISINDO_Kapan_034_frame2.jpg,Kapan,BISINDO_Kapan_034,train
/content/extracted_images/train/Kapan/BISINDO_Kapan_034_frame3.jpg,Kapan,BISINDO_Kapan_034,train
/content/extracted_images/train/Kapan/BISINDO_Kapan_009_frame1.jpg,Kapan,BISINDO_Kapan_009,train
/content/extracted_images/train/Kapan/BISINDO_Kapan_009_frame2.jpg,Kapan,BISINDO_Kapan_009,train
/content/extracted_images/train/Kapan/BISINDO_Kapan_009_frame3.jpg,Kapan,BISINDO_Kapan_009,train
/content/extracted_images/train/Kapan/BISINDO_Kapan_003_frame1.jpg,Kapan,BISINDO_Kapan_003,train
/content/extracted_images/train/Kapan/BISINDO_Kapan_003_frame2.jpg,Kapan,BISINDO_Kapan_003,train
/content/extracted_images/train/Kapan/BISINDO_Kapan_003_frame3.jpg,Kapan,BISINDO_Kapan_003,train
/content/extracted_images/train/Kapan/BISINDO_Kapan_002_frame1.jpg,Kapan,BISINDO_Kapan_002,train
/content/extracted_images/train/Kapan/BISINDO_Kapan_002_frame2.jpg,Kapan,BISINDO_Kapan_002,train
/content/extracted_images/train/Kapan/BISINDO_Kapan_002_frame3.jpg,Kapan,BISINDO_Kapan_002,train
/content/extracted_images/train/Kapan/BISINDO_Kapan_007_frame1.jpg,Kapan,BISINDO_Kapan_007,train
/content/extracted_images/train/Kapan/BISINDO_Kapan_007_frame2.jpg,Kapan,BISINDO_Kapan_007,train
/content/extracted_images/train/Kapan/BISINDO_Kapan_007_frame3.jpg,Kapan,BISINDO_Kapan_007,train
/content/extracted_images/train/Kapan/BISINDO_Kapan_011_frame1.jpg,Kapan,BISINDO_Kapan_011,train
/content/extracted_images/train/Kapan/BISINDO_Kapan_011_frame2.jpg,Kapan,BISINDO_Kapan_011,train
/content/extracted_images/train/Kapan/BISINDO_Kapan_011_frame3.jpg,Kapan,BISINDO_Kapan_011,train
/content/extracted_images/train/Kapan/BISINDO_Kapan_017_frame1.jpg,Kapan,BISINDO_Kapan_017,train
/content/extracted_images/train/Kapan/BISINDO_Kapan_017_frame2.jpg,Kapan,BISINDO_Kapan_017,train
/content/extracted_images/train/Kapan/BISINDO_Kapan_017_frame3.jpg,Kapan,BISINDO_Kapan_017,train
/content/extracted_images/train/Kapan/BISINDO_Kapan_045_frame1.jpg,Kapan,BISINDO_Kapan_045,train
/content/extracted_images/train/Kapan/BISINDO_Kapan_045_frame2.jpg,Kapan,BISINDO_Kapan_045,train
/content/extracted_images/train/Kapan/BISINDO_Kapan_045_frame3.jpg,Kapan,BISINDO_Kapan_045,train
/content/extracted_images/train/Kapan/BISINDO_Kapan_037_frame1.jpg,Kapan,BISINDO_Kapan_037,train
/content/extracted_images/train/Kapan/BISINDO_Kapan_037_frame2.jpg,Kapan,BISINDO_Kapan_037,train
/content/extracted_images/train/Kapan/BISINDO_Kapan_037_frame3.jpg,Kapan,BISINDO_Kapan_037,train
/content/extracted_images/train/Kapan/BISINDO_Kapan_012_frame1.jpg,Kapan,BISINDO_Kapan_012,train
/content/extracted_images/train/Kapan/BISINDO_Kapan_012_frame2.jpg,Kapan,BISINDO_Kapan_012,train
/content/extracted_images/train/Kapan/BISINDO_Kapan_012_frame3.jpg,Kapan,BISINDO_Kapan_012,train
/content/extracted_images/train/Kapan/BISINDO_Kapan_004_frame1.jpg,Kapan,BISINDO_Kapan_004,train
/content/extracted_images/train/Kapan/BISINDO_Kapan_004_frame2.jpg,Kapan,BISINDO_Kapan_004,train
/content/extracted_images/train/Kapan/BISINDO_Kapan_004_frame3.jpg,Kapan,BISINDO_Kapan_004,train
/content/extracted_images/train/Berapa/BISINDO_Berapa_008_frame1.jpg,Berapa,BISINDO_Berapa_008,train
/content/extracted_images/train/Berapa/BISINDO_Berapa_008_frame2.jpg,Berapa,BISINDO_Berapa_008,train
/content/extracted_images/train/Berapa/BISINDO_Berapa_008_frame3.jpg,Berapa,BISINDO_Berapa_008,train
/content/extracted_images/train/Berapa/BISINDO_Berapa_023_frame1.jpg,Berapa,BISINDO_Berapa_023,train
/content/extracted_images/train/Berapa/BISINDO_Berapa_023_frame2.jpg,Berapa,BISINDO_Berapa_023,train
/content/extracted_images/train/Berapa/BISINDO_Berapa_023_frame3.jpg,Berapa,BISINDO_Berapa_023,train
/content/extracted_images/train/Berapa/BISINDO_Berapa_035_frame1.jpg,Berapa,BISINDO_Berapa_035,train
/content/extracted_images/train/Berapa/BISINDO_Berapa_035_frame2.jpg,Berapa,BISINDO_Berapa_035,train
/content/extracted_images/train/Berapa/BISINDO_Berapa_035_frame3.jpg,Berapa,BISINDO_Berapa_035,train
/content/extracted_images/train/Berapa/BISINDO_Berapa_028_frame1.jpg,Berapa,BISINDO_Berapa_028,train
/content/extracted_images/train/Berapa/BISINDO_Berapa_028_frame2.jpg,Berapa,BISINDO_Berapa_028,train
/content/extracted_images/train/Berapa/BISINDO_Berapa_028_frame3.jpg,Berapa,BISINDO_Berapa_028,train
/content/extracted_images/train/Berapa/BISINDO_Berapa_011_frame1.jpg,Berapa,BISINDO_Berapa_011,train
/content/extracted_images/train/Berapa/BISINDO_Berapa_011_frame2.jpg,Berapa,BISINDO_Berapa_011,train
/content/extracted_images/train/Berapa/BISINDO_Berapa_011_frame3.jpg,Berapa,BISINDO_Berapa_011,train
/content/extracted_images/train/Berapa/BISINDO_Berapa_019_frame1.jpg,Berapa,BISINDO_Berapa_019,train
/content/extracted_images/train/Berapa/BISINDO_Berapa_019_frame2.jpg,Berapa,BISINDO_Berapa_019,train
/content/extracted_images/train/Berapa/BISINDO_Berapa_019_frame3.jpg,Berapa,BISINDO_Berapa_019,train
/content/extracted_images/train/Berapa/BISINDO_Berapa_047_frame1.jpg,Berapa,BISINDO_Berapa_047,train
/content/extracted_images/train/Berapa/BISINDO_Berapa_047_frame2.jpg,Berapa,BISINDO_Berapa_047,train
/content/extracted_images/train/Berapa/BISINDO_Berapa_047_frame3.jpg,Berapa,BISINDO_Berapa_047,train
/content/extracted_images/train/Berapa/BISINDO_Berapa_004_frame1.jpg,Berapa,BISINDO_Berapa_004,train
/content/extracted_images/train/Berapa/BISINDO_Berapa_004_frame2.jpg,Berapa,BISINDO_Berapa_004,train
/content/extracted_images/train/Berapa/BISINDO_Berapa_004_frame3.jpg,Berapa,BISINDO_Berapa_004,train
/content/extracted_images/train/Berapa/BISINDO_Berapa_016_frame1.jpg,Berapa,BISINDO_Berapa_016,train
/content/extracted_images/train/Berapa/BISINDO_Berapa_016_frame2.jpg,Berapa,BISINDO_Berapa_016,train
/content/extracted_images/train/Berapa/BISINDO_Berapa_016_frame3.jpg,Berapa,BISINDO_Berapa_016,train
/content/extracted_images/train/Berapa/BISINDO_Berapa_018_frame1.jpg,Berapa,BISINDO_Berapa_018,train
/content/extracted_images/train/Berapa/BISINDO_Berapa_018_frame2.jpg,Berapa,BISINDO_Berapa_018,train
/content/extracted_images/train/Berapa/BISINDO_Berapa_018_frame3.jpg,Berapa,BISINDO_Berapa_018,train
/content/extracted_images/train/Berapa/BISINDO_Berapa_027_frame1.jpg,Berapa,BISINDO_Berapa_027,train
/content/extracted_images/train/Berapa/BISINDO_Berapa_027_frame2.jpg,Berapa,BISINDO_Berapa_027,train
/content/extracted_images/train/Berapa/BISINDO_Berapa_027_frame3.jpg,Berapa,BISINDO_Berapa_027,train
/content/extracted_images/train/Berapa/BISINDO_Berapa_020_frame1.jpg,Berapa,BISINDO_Berapa_020,train
/content/extracted_images/train/Berapa/BISINDO_Berapa_020_frame2.jpg,Berapa,BISINDO_Berapa_020,train
/content/extracted_images/train/Berapa/BISINDO_Berapa_020_frame3.jpg,Berapa,BISINDO_Berapa_020,train
/content/extracted_images/train/Berapa/BISINDO_Berapa_044_frame1.jpg,Berapa,BISINDO_Berapa_044,train
/content/extracted_images/train/Berapa/BISINDO_Berapa_044_frame2.jpg,Berapa,BISINDO_Berapa_044,train
/content/extracted_images/train/Berapa/BISINDO_Berapa_044_frame3.jpg,Berapa,BISINDO_Berapa_044,train
/content/extracted_images/train/Berapa/BISINDO_Berapa_029_frame1.jpg,Berapa,BISINDO_Berapa_029,train
/content/extracted_images/train/Berapa/BISINDO_Berapa_029_frame2.jpg,Berapa,BISINDO_Berapa_029,train
/content/extracted_images/train/Berapa/BISINDO_Berapa_029_frame3.jpg,Berapa,BISINDO_Berapa_029,train
/content/extracted_images/train/Berapa/BISINDO_Berapa_034_frame1.jpg,Berapa,BISINDO_Berapa_034,train
/content/extracted_images/train/Berapa/BISINDO_Berapa_034_frame2.jpg,Berapa,BISINDO_Berapa_034,train
/content/extracted_images/train/Berapa/BISINDO_Berapa_034_frame3.jpg,Berapa,BISINDO_Berapa_034,train
/content/extracted_images/train/Berapa/BISINDO_Berapa_003_frame1.jpg,Berapa,BISINDO_Berapa_003,train
/content/extracted_images/train/Berapa/BISINDO_Berapa_003_frame2.jpg,Berapa,BISINDO_Berapa_003,train
/content/extracted_images/train/Berapa/BISINDO_Berapa_003_frame3.jpg,Berapa,BISINDO_Berapa_003,train
/content/extracted_images/train/Berapa/BISINDO_Berapa_039_frame1.jpg,Berapa,BISINDO_Berapa_039,train
/content/extracted_images/train/Berapa/BISINDO_Berapa_039_frame2.jpg,Berapa,BISINDO_Berapa_039,train
/content/extracted_images/train/Berapa/BISINDO_Berapa_039_frame3.jpg,Berapa,BISINDO_Berapa_039,train
/content/extracted_images/train/Berapa/BISINDO_Berapa_046_frame1.jpg,Berapa,BISINDO_Berapa_046,train
/content/extracted_images/train/Berapa/BISINDO_Berapa_046_frame2.jpg,Berapa,BISINDO_Berapa_046,train
/content/extracted_images/train/Berapa/BISINDO_Berapa_046_frame3.jpg,Berapa,BISINDO_Berapa_046,train
/content/extracted_images/train/Berapa/BISINDO_Berapa_014_frame1.jpg,Berapa,BISINDO_Berapa_014,train
/content/extracted_images/train/Berapa/BISINDO_Berapa_014_frame2.jpg,Berapa,BISINDO_Berapa_014,train
/content/extracted_images/train/Berapa/BISINDO_Berapa_014_frame3.jpg,Berapa,BISINDO_Berapa_014,train
/content/extracted_images/train/Berapa/BISINDO_Berapa_015_frame1.jpg,Berapa,BISINDO_Berapa_015,train
/content/extracted_images/train/Berapa/BISINDO_Berapa_015_frame2.jpg,Berapa,BISINDO_Berapa_015,train
/content/extracted_images/train/Berapa/BISINDO_Berapa_015_frame3.jpg,Berapa,BISINDO_Berapa_015,train
/content/extracted_images/train/Berapa/BISINDO_Berapa_001_frame1.jpg,Berapa,BISINDO_Berapa_001,train
/content/extracted_images/train/Berapa/BISINDO_Berapa_001_frame2.jpg,Berapa,BISINDO_Berapa_001,train
/content/extracted_images/train/Berapa/BISINDO_Berapa_001_frame3.jpg,Berapa,BISINDO_Berapa_001,train
/content/extracted_images/train/Berapa/BISINDO_Berapa_050_frame1.jpg,Berapa,BISINDO_Berapa_050,train
/content/extracted_images/train/Berapa/BISINDO_Berapa_050_frame2.jpg,Berapa,BISINDO_Berapa_050,train
/content/extracted_images/train/Berapa/BISINDO_Berapa_050_frame3.jpg,Berapa,BISINDO_Berapa_050,train
/content/extracted_images/train/Berapa/BISINDO_Berapa_031_frame1.jpg,Berapa,BISINDO_Berapa_031,train
/content/extracted_images/train/Berapa/BISINDO_Berapa_031_frame2.jpg,Berapa,BISINDO_Berapa_031,train
/content/extracted_images/train/Berapa/BISINDO_Berapa_031_frame3.jpg,Berapa,BISINDO_Berapa_031,train
/content/extracted_images/train/Berapa/BISINDO_Berapa_030_frame1.jpg,Berapa,BISINDO_Berapa_030,train
/content/extracted_images/train/Berapa/BISINDO_Berapa_030_frame2.jpg,Berapa,BISINDO_Berapa_030,train
/content/extracted_images/train/Berapa/BISINDO_Berapa_030_frame3.jpg,Berapa,BISINDO_Berapa_030,train
/content/extracted_images/train/Berapa/BISINDO_Berapa_010_frame1.jpg,Berapa,BISINDO_Berapa_010,train
/content/extracted_images/train/Berapa/BISINDO_Berapa_010_frame2.jpg,Berapa,BISINDO_Berapa_010,train
/content/extracted_images/train/Berapa/BISINDO_Berapa_010_frame3.jpg,Berapa,BISINDO_Berapa_010,train
/content/extracted_images/train/Berapa/BISINDO_Berapa_041_frame1.jpg,Berapa,BISINDO_Berapa_041,train
/content/extracted_images/train/Berapa/BISINDO_Berapa_041_frame2.jpg,Berapa,BISINDO_Berapa_041,train
/content/extracted_images/train/Berapa/BISINDO_Berapa_041_frame3.jpg,Berapa,BISINDO_Berapa_041,train
/content/extracted_images/train/Berapa/BISINDO_Berapa_024_frame1.jpg,Berapa,BISINDO_Berapa_024,train
/content/extracted_images/train/Berapa/BISINDO_Berapa_024_frame2.jpg,Berapa,BISINDO_Berapa_024,train
/content/extracted_images/train/Berapa/BISINDO_Berapa_024_frame3.jpg,Berapa,BISINDO_Berapa_024,train
/content/extracted_images/train/Berapa/BISINDO_Berapa_043_frame1.jpg,Berapa,BISINDO_Berapa_043,train
/content/extracted_images/train/Berapa/BISINDO_Berapa_043_frame2.jpg,Berapa,BISINDO_Berapa_043,train
/content/extracted_images/train/Berapa/BISINDO_Berapa_043_frame3.jpg,Berapa,BISINDO_Berapa_043,train
/content/extracted_images/train/Berapa/BISINDO_Berapa_022_frame1.jpg,Berapa,BISINDO_Berapa_022,train
/content/extracted_images/train/Berapa/BISINDO_Berapa_022_frame2.jpg,Berapa,BISINDO_Berapa_022,train
/content/extracted_images/train/Berapa/BISINDO_Berapa_022_frame3.jpg,Berapa,BISINDO_Berapa_022,train
/content/extracted_images/train/Berapa/BISINDO_Berapa_013_frame1.jpg,Berapa,BISINDO_Berapa_013,train
/content/extracted_images/train/Berapa/BISINDO_Berapa_013_frame2.jpg,Berapa,BISINDO_Berapa_013,train
/content/extracted_images/train/Berapa/BISINDO_Berapa_013_frame3.jpg,Berapa,BISINDO_Berapa_013,train
/content/extracted_images/train/Berapa/BISINDO_Berapa_009_frame1.jpg,Berapa,BISINDO_Berapa_009,train
/content/extracted_images/train/Berapa/BISINDO_Berapa_009_frame2.jpg,Berapa,BISINDO_Berapa_009,train
/content/extracted_images/train/Berapa/BISINDO_Berapa_009_frame3.jpg,Berapa,BISINDO_Berapa_009,train
/content/extracted_images/train/Berapa/BISINDO_Berapa_045_frame1.jpg,Berapa,BISINDO_Berapa_045,train
/content/extracted_images/train/Berapa/BISINDO_Berapa_045_frame2.jpg,Berapa,BISINDO_Berapa_045,train
/content/extracted_images/train/Berapa/BISINDO_Berapa_045_frame3.jpg,Berapa,BISINDO_Berapa_045,train
/content/extracted_images/train/Berapa/BISINDO_Berapa_036_frame1.jpg,Berapa,BISINDO_Berapa_036,train
/content/extracted_images/train/Berapa/BISINDO_Berapa_036_frame2.jpg,Berapa,BISINDO_Berapa_036,train
/content/extracted_images/train/Berapa/BISINDO_Berapa_036_frame3.jpg,Berapa,BISINDO_Berapa_036,train
/content/extracted_images/train/Berapa/BISINDO_Berapa_006_frame1.jpg,Berapa,BISINDO_Berapa_006,train
/content/extracted_images/train/Berapa/BISINDO_Berapa_006_frame2.jpg,Berapa,BISINDO_Berapa_006,train
/content/extracted_images/train/Berapa/BISINDO_Berapa_006_frame3.jpg,Berapa,BISINDO_Berapa_006,train
/content/extracted_images/train/Berapa/BISINDO_Berapa_038_frame1.jpg,Berapa,BISINDO_Berapa_038,train
/content/extracted_images/train/Berapa/BISINDO_Berapa_038_frame2.jpg,Berapa,BISINDO_Berapa_038,train
/content/extracted_images/train/Berapa/BISINDO_Berapa_038_frame3.jpg,Berapa,BISINDO_Berapa_038,train
/content/extracted_images/train/Berapa/BISINDO_Berapa_033_frame1.jpg,Berapa,BISINDO_Berapa_033,train
/content/extracted_images/train/Berapa/BISINDO_Berapa_033_frame2.jpg,Berapa,BISINDO_Berapa_033,train
/content/extracted_images/train/Berapa/BISINDO_Berapa_033_frame3.jpg,Berapa,BISINDO_Berapa_033,train
/content/extracted_images/train/Berapa/BISINDO_Berapa_037_frame1.jpg,Berapa,BISINDO_Berapa_037,train
/content/extracted_images/train/Berapa/BISINDO_Berapa_037_frame2.jpg,Berapa,BISINDO_Berapa_037,train
/content/extracted_images/train/Berapa/BISINDO_Berapa_037_frame3.jpg,Berapa,BISINDO_Berapa_037,train
/content/extracted_images/train/Berapa/BISINDO_Berapa_042_frame1.jpg,Berapa,BISINDO_Berapa_042,train
/content/extracted_images/train/Berapa/BISINDO_Berapa_042_frame2.jpg,Berapa,BISINDO_Berapa_042,train
/content/extracted_images/train/Berapa/BISINDO_Berapa_042_frame3.jpg,Berapa,BISINDO_Berapa_042,train
/content/extracted_images/train/Berapa/BISINDO_Berapa_025_frame1.jpg,Berapa,BISINDO_Berapa_025,train
/content/extracted_images/train/Berapa/BISINDO_Berapa_025_frame2.jpg,Berapa,BISINDO_Berapa_025,train
/content/extracted_images/train/Berapa/BISINDO_Berapa_025_frame3.jpg,Berapa,BISINDO_Berapa_025,train
/content/extracted_images/train/Bagaimana/BISINDO_Bagaimana_039_frame1.jpg,Bagaimana,BISINDO_Bagaimana_039,train
/content/extracted_images/train/Bagaimana/BISINDO_Bagaimana_039_frame2.jpg,Bagaimana,BISINDO_Bagaimana_039,train
/content/extracted_images/train/Bagaimana/BISINDO_Bagaimana_039_frame3.jpg,Bagaimana,BISINDO_Bagaimana_039,train
/content/extracted_images/train/Bagaimana/BISINDO_Bagaimana_035_frame1.jpg,Bagaimana,BISINDO_Bagaimana_035,train
/content/extracted_images/train/Bagaimana/BISINDO_Bagaimana_035_frame2.jpg,Bagaimana,BISINDO_Bagaimana_035,train
/content/extracted_images/train/Bagaimana/BISINDO_Bagaimana_035_frame3.jpg,Bagaimana,BISINDO_Bagaimana_035,train
/content/extracted_images/train/Bagaimana/BISINDO_Bagaimana_043_frame1.jpg,Bagaimana,BISINDO_Bagaimana_043,train
/content/extracted_images/train/Bagaimana/BISINDO_Bagaimana_043_frame2.jpg,Bagaimana,BISINDO_Bagaimana_043,train
/content/extracted_images/train/Bagaimana/BISINDO_Bagaimana_043_frame3.jpg,Bagaimana,BISINDO_Bagaimana_043,train
/content/extracted_images/train/Bagaimana/BISINDO_Bagaimana_042_frame1.jpg,Bagaimana,BISINDO_Bagaimana_042,train
/content/extracted_images/train/Bagaimana/BISINDO_Bagaimana_042_frame2.jpg,Bagaimana,BISINDO_Bagaimana_042,train
/content/extracted_images/train/Bagaimana/BISINDO_Bagaimana_042_frame3.jpg,Bagaimana,BISINDO_Bagaimana_042,train
/content/extracted_images/train/Bagaimana/BISINDO_Bagaimana_030_frame1.jpg,Bagaimana,BISINDO_Bagaimana_030,train
/content/extracted_images/train/Bagaimana/BISINDO_Bagaimana_030_frame2.jpg,Bagaimana,BISINDO_Bagaimana_030,train
/content/extracted_images/train/Bagaimana/BISINDO_Bagaimana_030_frame3.jpg,Bagaimana,BISINDO_Bagaimana_030,train
/content/extracted_images/train/Bagaimana/BISINDO_Bagaimana_006_frame1.jpg,Bagaimana,BISINDO_Bagaimana_006,train
/content/extracted_images/train/Bagaimana/BISINDO_Bagaimana_006_frame2.jpg,Bagaimana,BISINDO_Bagaimana_006,train
/content/extracted_images/train/Bagaimana/BISINDO_Bagaimana_006_frame3.jpg,Bagaimana,BISINDO_Bagaimana_006,train
/content/extracted_images/train/Bagaimana/BISINDO_Bagaimana_014_frame1.jpg,Bagaimana,BISINDO_Bagaimana_014,train
/content/extracted_images/train/Bagaimana/BISINDO_Bagaimana_014_frame2.jpg,Bagaimana,BISINDO_Bagaimana_014,train
/content/extracted_images/train/Bagaimana/BISINDO_Bagaimana_014_frame3.jpg,Bagaimana,BISINDO_Bagaimana_014,train
/content/extracted_images/train/Bagaimana/BISINDO_Bagaimana_008_frame1.jpg,Bagaimana,BISINDO_Bagaimana_008,train
/content/extracted_images/train/Bagaimana/BISINDO_Bagaimana_008_frame2.jpg,Bagaimana,BISINDO_Bagaimana_008,train
/content/extracted_images/train/Bagaimana/BISINDO_Bagaimana_008_frame3.jpg,Bagaimana,BISINDO_Bagaimana_008,train
/content/extracted_images/train/Bagaimana/BISINDO_Bagaimana_048_frame1.jpg,Bagaimana,BISINDO_Bagaimana_048,train
/content/extracted_images/train/Bagaimana/BISINDO_Bagaimana_048_frame2.jpg,Bagaimana,BISINDO_Bagaimana_048,train
/content/extracted_images/train/Bagaimana/BISINDO_Bagaimana_048_frame3.jpg,Bagaimana,BISINDO_Bagaimana_048,train
/content/extracted_images/train/Bagaimana/BISINDO_Bagaimana_015_frame1.jpg,Bagaimana,BISINDO_Bagaimana_015,train
/content/extracted_images/train/Bagaimana/BISINDO_Bagaimana_015_frame2.jpg,Bagaimana,BISINDO_Bagaimana_015,train
/content/extracted_images/train/Bagaimana/BISINDO_Bagaimana_015_frame3.jpg,Bagaimana,BISINDO_Bagaimana_015,train
/content/extracted_images/train/Bagaimana/BISINDO_Bagaimana_034_frame1.jpg,Bagaimana,BISINDO_Bagaimana_034,train
/content/extracted_images/train/Bagaimana/BISINDO_Bagaimana_034_frame2.jpg,Bagaimana,BISINDO_Bagaimana_034,train
/content/extracted_images/train/Bagaimana/BISINDO_Bagaimana_034_frame3.jpg,Bagaimana,BISINDO_Bagaimana_034,train
/content/extracted_images/train/Bagaimana/BISINDO_Bagaimana_037_frame1.jpg,Bagaimana,BISINDO_Bagaimana_037,train
/content/extracted_images/train/Bagaimana/BISINDO_Bagaimana_037_frame2.jpg,Bagaimana,BISINDO_Bagaimana_037,train
/content/extracted_images/train/Bagaimana/BISINDO_Bagaimana_037_frame3.jpg,Bagaimana,BISINDO_Bagaimana_037,train
/content/extracted_images/train/Bagaimana/BISINDO_Bagaimana_032_frame1.jpg,Bagaimana,BISINDO_Bagaimana_032,train
/content/extracted_images/train/Bagaimana/BISINDO_Bagaimana_032_frame2.jpg,Bagaimana,BISINDO_Bagaimana_032,train
/content/extracted_images/train/Bagaimana/BISINDO_Bagaimana_032_frame3.jpg,Bagaimana,BISINDO_Bagaimana_032,train
/content/extracted_images/train/Bagaimana/BISINDO_Bagaimana_049_frame1.jpg,Bagaimana,BISINDO_Bagaimana_049,train
/content/extracted_images/train/Bagaimana/BISINDO_Bagaimana_049_frame2.jpg,Bagaimana,BISINDO_Bagaimana_049,train
/content/extracted_images/train/Bagaimana/BISINDO_Bagaimana_049_frame3.jpg,Bagaimana,BISINDO_Bagaimana_049,train
/content/extracted_images/train/Bagaimana/BISINDO_Bagaimana_009_frame1.jpg,Bagaimana,BISINDO_Bagaimana_009,train
/content/extracted_images/train/Bagaimana/BISINDO_Bagaimana_009_frame2.jpg,Bagaimana,BISINDO_Bagaimana_009,train
/content/extracted_images/train/Bagaimana/BISINDO_Bagaimana_009_frame3.jpg,Bagaimana,BISINDO_Bagaimana_009,train
/content/extracted_images/train/Bagaimana/BISINDO_Bagaimana_018_frame1.jpg,Bagaimana,BISINDO_Bagaimana_018,train
/content/extracted_images/train/Bagaimana/BISINDO_Bagaimana_018_frame2.jpg,Bagaimana,BISINDO_Bagaimana_018,train
/content/extracted_images/train/Bagaimana/BISINDO_Bagaimana_018_frame3.jpg,Bagaimana,BISINDO_Bagaimana_018,train
/content/extracted_images/train/Bagaimana/BISINDO_Bagaimana_007_frame1.jpg,Bagaimana,BISINDO_Bagaimana_007,train
/content/extracted_images/train/Bagaimana/BISINDO_Bagaimana_007_frame2.jpg,Bagaimana,BISINDO_Bagaimana_007,train
/content/extracted_images/train/Bagaimana/BISINDO_Bagaimana_007_frame3.jpg,Bagaimana,BISINDO_Bagaimana_007,train
/content/extracted_images/train/Bagaimana/BISINDO_Bagaimana_027_frame1.jpg,Bagaimana,BISINDO_Bagaimana_027,train
/content/extracted_images/train/Bagaimana/BISINDO_Bagaimana_027_frame2.jpg,Bagaimana,BISINDO_Bagaimana_027,train
/content/extracted_images/train/Bagaimana/BISINDO_Bagaimana_027_frame3.jpg,Bagaimana,BISINDO_Bagaimana_027,train
/content/extracted_images/train/Bagaimana/BISINDO_Bagaimana_046_frame1.jpg,Bagaimana,BISINDO_Bagaimana_046,train
/content/extracted_images/train/Bagaimana/BISINDO_Bagaimana_046_frame2.jpg,Bagaimana,BISINDO_Bagaimana_046,train
/content/extracted_images/train/Bagaimana/BISINDO_Bagaimana_046_frame3.jpg,Bagaimana,BISINDO_Bagaimana_046,train
/content/extracted_images/train/Bagaimana/BISINDO_Bagaimana_038_frame1.jpg,Bagaimana,BISINDO_Bagaimana_038,train
/content/extracted_images/train/Bagaimana/BISINDO_Bagaimana_038_frame2.jpg,Bagaimana,BISINDO_Bagaimana_038,train
/content/extracted_images/train/Bagaimana/BISINDO_Bagaimana_038_frame3.jpg,Bagaimana,BISINDO_Bagaimana_038,train
/content/extracted_images/train/Bagaimana/BISINDO_Bagaimana_017_frame1.jpg,Bagaimana,BISINDO_Bagaimana_017,train
/content/extracted_images/train/Bagaimana/BISINDO_Bagaimana_017_frame2.jpg,Bagaimana,BISINDO_Bagaimana_017,train
/content/extracted_images/train/Bagaimana/BISINDO_Bagaimana_017_frame3.jpg,Bagaimana,BISINDO_Bagaimana_017,train
/content/extracted_images/train/Bagaimana/BISINDO_Bagaimana_004_frame1.jpg,Bagaimana,BISINDO_Bagaimana_004,train
/content/extracted_images/train/Bagaimana/BISINDO_Bagaimana_004_frame2.jpg,Bagaimana,BISINDO_Bagaimana_004,train
/content/extracted_images/train/Bagaimana/BISINDO_Bagaimana_004_frame3.jpg,Bagaimana,BISINDO_Bagaimana_004,train
/content/extracted_images/train/Bagaimana/BISINDO_Bagaimana_050_frame1.jpg,Bagaimana,BISINDO_Bagaimana_050,train
/content/extracted_images/train/Bagaimana/BISINDO_Bagaimana_050_frame2.jpg,Bagaimana,BISINDO_Bagaimana_050,train
/content/extracted_images/train/Bagaimana/BISINDO_Bagaimana_050_frame3.jpg,Bagaimana,BISINDO_Bagaimana_050,train
/content/extracted_images/train/Bagaimana/BISINDO_Bagaimana_045_frame1.jpg,Bagaimana,BISINDO_Bagaimana_045,train
/content/extracted_images/train/Bagaimana/BISINDO_Bagaimana_045_frame2.jpg,Bagaimana,BISINDO_Bagaimana_045,train
/content/extracted_images/train/Bagaimana/BISINDO_Bagaimana_045_frame3.jpg,Bagaimana,BISINDO_Bagaimana_045,train
/content/extracted_images/train/Bagaimana/BISINDO_Bagaimana_019_frame1.jpg,Bagaimana,BISINDO_Bagaimana_019,train
/content/extracted_images/train/Bagaimana/BISINDO_Bagaimana_019_frame2.jpg,Bagaimana,BISINDO_Bagaimana_019,train
/content/extracted_images/train/Bagaimana/BISINDO_Bagaimana_019_frame3.jpg,Bagaimana,BISINDO_Bagaimana_019,train
/content/extracted_images/train/Bagaimana/BISINDO_Bagaimana_011_frame1.jpg,Bagaimana,BISINDO_Bagaimana_011,train
/content/extracted_images/train/Bagaimana/BISINDO_Bagaimana_011_frame2.jpg,Bagaimana,BISINDO_Bagaimana_011,train
/content/extracted_images/train/Bagaimana/BISINDO_Bagaimana_011_frame3.jpg,Bagaimana,BISINDO_Bagaimana_011,train
/content/extracted_images/train/Bagaimana/BISINDO_Bagaimana_022_frame1.jpg,Bagaimana,BISINDO_Bagaimana_022,train
/content/extracted_images/train/Bagaimana/BISINDO_Bagaimana_022_frame2.jpg,Bagaimana,BISINDO_Bagaimana_022,train
/content/extracted_images/train/Bagaimana/BISINDO_Bagaimana_022_frame3.jpg,Bagaimana,BISINDO_Bagaimana_022,train
/content/extracted_images/train/Bagaimana/BISINDO_Bagaimana_005_frame1.jpg,Bagaimana,BISINDO_Bagaimana_005,train
/content/extracted_images/train/Bagaimana/BISINDO_Bagaimana_005_frame2.jpg,Bagaimana,BISINDO_Bagaimana_005,train
/content/extracted_images/train/Bagaimana/BISINDO_Bagaimana_005_frame3.jpg,Bagaimana,BISINDO_Bagaimana_005,train
/content/extracted_images/train/Bagaimana/BISINDO_Bagaimana_041_frame1.jpg,Bagaimana,BISINDO_Bagaimana_041,train
/content/extracted_images/train/Bagaimana/BISINDO_Bagaimana_041_frame2.jpg,Bagaimana,BISINDO_Bagaimana_041,train
/content/extracted_images/train/Bagaimana/BISINDO_Bagaimana_041_frame3.jpg,Bagaimana,BISINDO_Bagaimana_041,train
/content/extracted_images/train/Bagaimana/BISINDO_Bagaimana_023_frame1.jpg,Bagaimana,BISINDO_Bagaimana_023,train
/content/extracted_images/train/Bagaimana/BISINDO_Bagaimana_023_frame2.jpg,Bagaimana,BISINDO_Bagaimana_023,train
/content/extracted_images/train/Bagaimana/BISINDO_Bagaimana_023_frame3.jpg,Bagaimana,BISINDO_Bagaimana_023,train
/content/extracted_images/train/Bagaimana/BISINDO_Bagaimana_028_frame1.jpg,Bagaimana,BISINDO_Bagaimana_028,train
/content/extracted_images/train/Bagaimana/BISINDO_Bagaimana_028_frame2.jpg,Bagaimana,BISINDO_Bagaimana_028,train
/content/extracted_images/train/Bagaimana/BISINDO_Bagaimana_028_frame3.jpg,Bagaimana,BISINDO_Bagaimana_028,train
/content/extracted_images/train/Bagaimana/BISINDO_Bagaimana_044_frame1.jpg,Bagaimana,BISINDO_Bagaimana_044,train
/content/extracted_images/train/Bagaimana/BISINDO_Bagaimana_044_frame2.jpg,Bagaimana,BISINDO_Bagaimana_044,train
/content/extracted_images/train/Bagaimana/BISINDO_Bagaimana_044_frame3.jpg,Bagaimana,BISINDO_Bagaimana_044,train
/content/extracted_images/train/Bagaimana/BISINDO_Bagaimana_020_frame1.jpg,Bagaimana,BISINDO_Bagaimana_020,train
/content/extracted_images/train/Bagaimana/BISINDO_Bagaimana_020_frame2.jpg,Bagaimana,BISINDO_Bagaimana_020,train
/content/extracted_images/train/Bagaimana/BISINDO_Bagaimana_020_frame3.jpg,Bagaimana,BISINDO_Bagaimana_020,train
/content/extracted_images/train/Bagaimana/BISINDO_Bagaimana_047_frame1.jpg,Bagaimana,BISINDO_Bagaimana_047,train
/content/extracted_images/train/Bagaimana/BISINDO_Bagaimana_047_frame2.jpg,Bagaimana,BISINDO_Bagaimana_047,train
/content/extracted_images/train/Bagaimana/BISINDO_Bagaimana_047_frame3.jpg,Bagaimana,BISINDO_Bagaimana_047,train
/content/extracted_images/train/Bagaimana/BISINDO_Bagaimana_002_frame1.jpg,Bagaimana,BISINDO_Bagaimana_002,train
/content/extracted_images/train/Bagaimana/BISINDO_Bagaimana_002_frame2.jpg,Bagaimana,BISINDO_Bagaimana_002,train
/content/extracted_images/train/Bagaimana/BISINDO_Bagaimana_002_frame3.jpg,Bagaimana,BISINDO_Bagaimana_002,train
/content/extracted_images/train/Bagaimana/BISINDO_Bagaimana_033_frame1.jpg,Bagaimana,BISINDO_Bagaimana_033,train
/content/extracted_images/train/Bagaimana/BISINDO_Bagaimana_033_frame2.jpg,Bagaimana,BISINDO_Bagaimana_033,train
/content/extracted_images/train/Bagaimana/BISINDO_Bagaimana_033_frame3.jpg,Bagaimana,BISINDO_Bagaimana_033,train
/content/extracted_images/train/Bagaimana/BISINDO_Bagaimana_040_frame1.jpg,Bagaimana,BISINDO_Bagaimana_040,train
/content/extracted_images/train/Bagaimana/BISINDO_Bagaimana_040_frame2.jpg,Bagaimana,BISINDO_Bagaimana_040,train
/content/extracted_images/train/Bagaimana/BISINDO_Bagaimana_040_frame3.jpg,Bagaimana,BISINDO_Bagaimana_040,train
/content/extracted_images/train/Bagaimana/BISINDO_Bagaimana_013_frame1.jpg,Bagaimana,BISINDO_Bagaimana_013,train
/content/extracted_images/train/Bagaimana/BISINDO_Bagaimana_013_frame2.jpg,Bagaimana,BISINDO_Bagaimana_013,train
/content/extracted_images/train/Bagaimana/BISINDO_Bagaimana_013_frame3.jpg,Bagaimana,BISINDO_Bagaimana_013,train
/content/extracted_images/train/Bagaimana/BISINDO_Bagaimana_003_frame1.jpg,Bagaimana,BISINDO_Bagaimana_003,train
/content/extracted_images/train/Bagaimana/BISINDO_Bagaimana_003_frame2.jpg,Bagaimana,BISINDO_Bagaimana_003,train
/content/extracted_images/train/Bagaimana/BISINDO_Bagaimana_003_frame3.jpg,Bagaimana,BISINDO_Bagaimana_003,train
/content/extracted_images/train/Bagaimana/BISINDO_Bagaimana_026_frame1.jpg,Bagaimana,BISINDO_Bagaimana_026,train
/content/extracted_images/train/Bagaimana/BISINDO_Bagaimana_026_frame2.jpg,Bagaimana,BISINDO_Bagaimana_026,train
/content/extracted_images/train/Bagaimana/BISINDO_Bagaimana_026_frame3.jpg,Bagaimana,BISINDO_Bagaimana_026,train
/content/extracted_images/train/Bagaimana/BISINDO_Bagaimana_031_frame1.jpg,Bagaimana,BISINDO_Bagaimana_031,train
/content/extracted_images/train/Bagaimana/BISINDO_Bagaimana_031_frame2.jpg,Bagaimana,BISINDO_Bagaimana_031,train
/content/extracted_images/train/Bagaimana/BISINDO_Bagaimana_031_frame3.jpg,Bagaimana,BISINDO_Bagaimana_031,train
/content/extracted_images/train/Selamat Sore/BISINDO_Selamat Sore_035_frame1.jpg,Selamat Sore,BISINDO_Selamat Sore_035,train
/content/extracted_images/train/Selamat Sore/BISINDO_Selamat Sore_035_frame2.jpg,Selamat Sore,BISINDO_Selamat Sore_035,train
/content/extracted_images/train/Selamat Sore/BISINDO_Selamat Sore_035_frame3.jpg,Selamat Sore,BISINDO_Selamat Sore_035,train
/content/extracted_images/train/Selamat Sore/BISINDO_Selamat Sore_001_frame1.jpg,Selamat Sore,BISINDO_Selamat Sore_001,train
/content/extracted_images/train/Selamat Sore/BISINDO_Selamat Sore_001_frame2.jpg,Selamat Sore,BISINDO_Selamat Sore_001,train
/content/extracted_images/train/Selamat Sore/BISINDO_Selamat Sore_001_frame3.jpg,Selamat Sore,BISINDO_Selamat Sore_001,train
/content/extracted_images/train/Selamat Sore/BISINDO_Selamat Sore_050_frame1.jpg,Selamat Sore,BISINDO_Selamat Sore_050,train
/content/extracted_images/train/Selamat Sore/BISINDO_Selamat Sore_050_frame2.jpg,Selamat Sore,BISINDO_Selamat Sore_050,train
/content/extracted_images/train/Selamat Sore/BISINDO_Selamat Sore_050_frame3.jpg,Selamat Sore,BISINDO_Selamat Sore_050,train
/content/extracted_images/train/Selamat Sore/BISINDO_Selamat Sore_028_frame1.jpg,Selamat Sore,BISINDO_Selamat Sore_028,train
/content/extracted_images/train/Selamat Sore/BISINDO_Selamat Sore_028_frame2.jpg,Selamat Sore,BISINDO_Selamat Sore_028,train
/content/extracted_images/train/Selamat Sore/BISINDO_Selamat Sore_028_frame3.jpg,Selamat Sore,BISINDO_Selamat Sore_028,train
/content/extracted_images/train/Selamat Sore/BISINDO_Selamat Sore_033_frame1.jpg,Selamat Sore,BISINDO_Selamat Sore_033,train
/content/extracted_images/train/Selamat Sore/BISINDO_Selamat Sore_033_frame2.jpg,Selamat Sore,BISINDO_Selamat Sore_033,train
/content/extracted_images/train/Selamat Sore/BISINDO_Selamat Sore_033_frame3.jpg,Selamat Sore,BISINDO_Selamat Sore_033,train
/content/extracted_images/train/Selamat Sore/BISINDO_Selamat Sore_044_frame1.jpg,Selamat Sore,BISINDO_Selamat Sore_044,train
/content/extracted_images/train/Selamat Sore/BISINDO_Selamat Sore_044_frame2.jpg,Selamat Sore,BISINDO_Selamat Sore_044,train
/content/extracted_images/train/Selamat Sore/BISINDO_Selamat Sore_044_frame3.jpg,Selamat Sore,BISINDO_Selamat Sore_044,train
/content/extracted_images/train/Selamat Sore/BISINDO_Selamat Sore_010_frame1.jpg,Selamat Sore,BISINDO_Selamat Sore_010,train
/content/extracted_images/train/Selamat Sore/BISINDO_Selamat Sore_010_frame2.jpg,Selamat Sore,BISINDO_Selamat Sore_010,train
/content/extracted_images/train/Selamat Sore/BISINDO_Selamat Sore_010_frame3.jpg,Selamat Sore,BISINDO_Selamat Sore_010,train
/content/extracted_images/train/Selamat Sore/BISINDO_Selamat Sore_021_frame1.jpg,Selamat Sore,BISINDO_Selamat Sore_021,train
/content/extracted_images/train/Selamat Sore/BISINDO_Selamat Sore_021_frame2.jpg,Selamat Sore,BISINDO_Selamat Sore_021,train
/content/extracted_images/train/Selamat Sore/BISINDO_Selamat Sore_021_frame3.jpg,Selamat Sore,BISINDO_Selamat Sore_021,train
/content/extracted_images/train/Selamat Sore/BISINDO_Selamat Sore_004_frame1.jpg,Selamat Sore,BISINDO_Selamat Sore_004,train
/content/extracted_images/train/Selamat Sore/BISINDO_Selamat Sore_004_frame2.jpg,Selamat Sore,BISINDO_Selamat Sore_004,train
/content/extracted_images/train/Selamat Sore/BISINDO_Selamat Sore_004_frame3.jpg,Selamat Sore,BISINDO_Selamat Sore_004,train
/content/extracted_images/train/Selamat Sore/BISINDO_Selamat Sore_018_frame1.jpg,Selamat Sore,BISINDO_Selamat Sore_018,train
/content/extracted_images/train/Selamat Sore/BISINDO_Selamat Sore_018_frame2.jpg,Selamat Sore,BISINDO_Selamat Sore_018,train
/content/extracted_images/train/Selamat Sore/BISINDO_Selamat Sore_018_frame3.jpg,Selamat Sore,BISINDO_Selamat Sore_018,train
/content/extracted_images/train/Selamat Sore/BISINDO_Selamat Sore_022_frame1.jpg,Selamat Sore,BISINDO_Selamat Sore_022,train
/content/extracted_images/train/Selamat Sore/BISINDO_Selamat Sore_022_frame2.jpg,Selamat Sore,BISINDO_Selamat Sore_022,train
/content/extracted_images/train/Selamat Sore/BISINDO_Selamat Sore_022_frame3.jpg,Selamat Sore,BISINDO_Selamat Sore_022,train
/content/extracted_images/train/Selamat Sore/BISINDO_Selamat Sore_005_frame1.jpg,Selamat Sore,BISINDO_Selamat Sore_005,train
/content/extracted_images/train/Selamat Sore/BISINDO_Selamat Sore_005_frame2.jpg,Selamat Sore,BISINDO_Selamat Sore_005,train
/content/extracted_images/train/Selamat Sore/BISINDO_Selamat Sore_005_frame3.jpg,Selamat Sore,BISINDO_Selamat Sore_005,train
/content/extracted_images/train/Selamat Sore/BISINDO_Selamat Sore_031_frame1.jpg,Selamat Sore,BISINDO_Selamat Sore_031,train
/content/extracted_images/train/Selamat Sore/BISINDO_Selamat Sore_031_frame2.jpg,Selamat Sore,BISINDO_Selamat Sore_031,train
/content/extracted_images/train/Selamat Sore/BISINDO_Selamat Sore_031_frame3.jpg,Selamat Sore,BISINDO_Selamat Sore_031,train
/content/extracted_images/train/Selamat Sore/BISINDO_Selamat Sore_009_frame1.jpg,Selamat Sore,BISINDO_Selamat Sore_009,train
/content/extracted_images/train/Selamat Sore/BISINDO_Selamat Sore_009_frame2.jpg,Selamat Sore,BISINDO_Selamat Sore_009,train
/content/extracted_images/train/Selamat Sore/BISINDO_Selamat Sore_009_frame3.jpg,Selamat Sore,BISINDO_Selamat Sore_009,train
/content/extracted_images/train/Selamat Sore/BISINDO_Selamat Sore_016_frame1.jpg,Selamat Sore,BISINDO_Selamat Sore_016,train
/content/extracted_images/train/Selamat Sore/BISINDO_Selamat Sore_016_frame2.jpg,Selamat Sore,BISINDO_Selamat Sore_016,train
/content/extracted_images/train/Selamat Sore/BISINDO_Selamat Sore_016_frame3.jpg,Selamat Sore,BISINDO_Selamat Sore_016,train
/content/extracted_images/train/Selamat Sore/BISINDO_Selamat Sore_039_frame1.jpg,Selamat Sore,BISINDO_Selamat Sore_039,train
/content/extracted_images/train/Selamat Sore/BISINDO_Selamat Sore_039_frame2.jpg,Selamat Sore,BISINDO_Selamat Sore_039,train
/content/extracted_images/train/Selamat Sore/BISINDO_Selamat Sore_039_frame3.jpg,Selamat Sore,BISINDO_Selamat Sore_039,train
/content/extracted_images/train/Selamat Sore/BISINDO_Selamat Sore_006_frame1.jpg,Selamat Sore,BISINDO_Selamat Sore_006,train
/content/extracted_images/train/Selamat Sore/BISINDO_Selamat Sore_006_frame2.jpg,Selamat Sore,BISINDO_Selamat Sore_006,train
/content/extracted_images/train/Selamat Sore/BISINDO_Selamat Sore_006_frame3.jpg,Selamat Sore,BISINDO_Selamat Sore_006,train
/content/extracted_images/train/Selamat Sore/BISINDO_Selamat Sore_008_frame1.jpg,Selamat Sore,BISINDO_Selamat Sore_008,train
/content/extracted_images/train/Selamat Sore/BISINDO_Selamat Sore_008_frame2.jpg,Selamat Sore,BISINDO_Selamat Sore_008,train
/content/extracted_images/train/Selamat Sore/BISINDO_Selamat Sore_008_frame3.jpg,Selamat Sore,BISINDO_Selamat Sore_008,train
/content/extracted_images/train/Selamat Sore/BISINDO_Selamat Sore_045_frame1.jpg,Selamat Sore,BISINDO_Selamat Sore_045,train
/content/extracted_images/train/Selamat Sore/BISINDO_Selamat Sore_045_frame2.jpg,Selamat Sore,BISINDO_Selamat Sore_045,train
/content/extracted_images/train/Selamat Sore/BISINDO_Selamat Sore_045_frame3.jpg,Selamat Sore,BISINDO_Selamat Sore_045,train
/content/extracted_images/train/Selamat Sore/BISINDO_Selamat Sore_043_frame1.jpg,Selamat Sore,BISINDO_Selamat Sore_043,train
/content/extracted_images/train/Selamat Sore/BISINDO_Selamat Sore_043_frame2.jpg,Selamat Sore,BISINDO_Selamat Sore_043,train
/content/extracted_images/train/Selamat Sore/BISINDO_Selamat Sore_043_frame3.jpg,Selamat Sore,BISINDO_Selamat Sore_043,train
/content/extracted_images/train/Selamat Sore/BISINDO_Selamat Sore_019_frame1.jpg,Selamat Sore,BISINDO_Selamat Sore_019,train
/content/extracted_images/train/Selamat Sore/BISINDO_Selamat Sore_019_frame2.jpg,Selamat Sore,BISINDO_Selamat Sore_019,train
/content/extracted_images/train/Selamat Sore/BISINDO_Selamat Sore_019_frame3.jpg,Selamat Sore,BISINDO_Selamat Sore_019,train
/content/extracted_images/train/Selamat Sore/BISINDO_Selamat Sore_017_frame1.jpg,Selamat Sore,BISINDO_Selamat Sore_017,train
/content/extracted_images/train/Selamat Sore/BISINDO_Selamat Sore_017_frame2.jpg,Selamat Sore,BISINDO_Selamat Sore_017,train
/content/extracted_images/train/Selamat Sore/BISINDO_Selamat Sore_017_frame3.jpg,Selamat Sore,BISINDO_Selamat Sore_017,train
/content/extracted_images/train/Selamat Sore/BISINDO_Selamat Sore_023_frame1.jpg,Selamat Sore,BISINDO_Selamat Sore_023,train
/content/extracted_images/train/Selamat Sore/BISINDO_Selamat Sore_023_frame2.jpg,Selamat Sore,BISINDO_Selamat Sore_023,train
/content/extracted_images/train/Selamat Sore/BISINDO_Selamat Sore_023_frame3.jpg,Selamat Sore,BISINDO_Selamat Sore_023,train
/content/extracted_images/train/Selamat Sore/BISINDO_Selamat Sore_013_frame1.jpg,Selamat Sore,BISINDO_Selamat Sore_013,train
/content/extracted_images/train/Selamat Sore/BISINDO_Selamat Sore_013_frame2.jpg,Selamat Sore,BISINDO_Selamat Sore_013,train
/content/extracted_images/train/Selamat Sore/BISINDO_Selamat Sore_013_frame3.jpg,Selamat Sore,BISINDO_Selamat Sore_013,train
/content/extracted_images/train/Selamat Sore/BISINDO_Selamat Sore_034_frame1.jpg,Selamat Sore,BISINDO_Selamat Sore_034,train
/content/extracted_images/train/Selamat Sore/BISINDO_Selamat Sore_034_frame2.jpg,Selamat Sore,BISINDO_Selamat Sore_034,train
/content/extracted_images/train/Selamat Sore/BISINDO_Selamat Sore_034_frame3.jpg,Selamat Sore,BISINDO_Selamat Sore_034,train
/content/extracted_images/train/Selamat Sore/BISINDO_Selamat Sore_007_frame1.jpg,Selamat Sore,BISINDO_Selamat Sore_007,train
/content/extracted_images/train/Selamat Sore/BISINDO_Selamat Sore_007_frame2.jpg,Selamat Sore,BISINDO_Selamat Sore_007,train
/content/extracted_images/train/Selamat Sore/BISINDO_Selamat Sore_007_frame3.jpg,Selamat Sore,BISINDO_Selamat Sore_007,train
/content/extracted_images/train/Selamat Sore/BISINDO_Selamat Sore_024_frame1.jpg,Selamat Sore,BISINDO_Selamat Sore_024,train
/content/extracted_images/train/Selamat Sore/BISINDO_Selamat Sore_024_frame2.jpg,Selamat Sore,BISINDO_Selamat Sore_024,train
/content/extracted_images/train/Selamat Sore/BISINDO_Selamat Sore_024_frame3.jpg,Selamat Sore,BISINDO_Selamat Sore_024,train
/content/extracted_images/train/Selamat Sore/BISINDO_Selamat Sore_049_frame1.jpg,Selamat Sore,BISINDO_Selamat Sore_049,train
/content/extracted_images/train/Selamat Sore/BISINDO_Selamat Sore_049_frame2.jpg,Selamat Sore,BISINDO_Selamat Sore_049,train
/content/extracted_images/train/Selamat Sore/BISINDO_Selamat Sore_049_frame3.jpg,Selamat Sore,BISINDO_Selamat Sore_049,train
/content/extracted_images/train/Selamat Sore/BISINDO_Selamat Sore_026_frame1.jpg,Selamat Sore,BISINDO_Selamat Sore_026,train
/content/extracted_images/train/Selamat Sore/BISINDO_Selamat Sore_026_frame2.jpg,Selamat Sore,BISINDO_Selamat Sore_026,train
/content/extracted_images/train/Selamat Sore/BISINDO_Selamat Sore_026_frame3.jpg,Selamat Sore,BISINDO_Selamat Sore_026,train
/content/extracted_images/train/Selamat Sore/BISINDO_Selamat Sore_027_frame1.jpg,Selamat Sore,BISINDO_Selamat Sore_027,train
/content/extracted_images/train/Selamat Sore/BISINDO_Selamat Sore_027_frame2.jpg,Selamat Sore,BISINDO_Selamat Sore_027,train
/content/extracted_images/train/Selamat Sore/BISINDO_Selamat Sore_027_frame3.jpg,Selamat Sore,BISINDO_Selamat Sore_027,train
/content/extracted_images/train/Selamat Sore/BISINDO_Selamat Sore_003_frame1.jpg,Selamat Sore,BISINDO_Selamat Sore_003,train
/content/extracted_images/train/Selamat Sore/BISINDO_Selamat Sore_003_frame2.jpg,Selamat Sore,BISINDO_Selamat Sore_003,train
/content/extracted_images/train/Selamat Sore/BISINDO_Selamat Sore_003_frame3.jpg,Selamat Sore,BISINDO_Selamat Sore_003,train
/content/extracted_images/train/Selamat Sore/BISINDO_Selamat Sore_015_frame1.jpg,Selamat Sore,BISINDO_Selamat Sore_015,train
/content/extracted_images/train/Selamat Sore/BISINDO_Selamat Sore_015_frame2.jpg,Selamat Sore,BISINDO_Selamat Sore_015,train
/content/extracted_images/train/Selamat Sore/BISINDO_Selamat Sore_015_frame3.jpg,Selamat Sore,BISINDO_Selamat Sore_015,train
/content/extracted_images/train/Selamat Sore/BISINDO_Selamat Sore_012_frame1.jpg,Selamat Sore,BISINDO_Selamat Sore_012,train
/content/extracted_images/train/Selamat Sore/BISINDO_Selamat Sore_012_frame2.jpg,Selamat Sore,BISINDO_Selamat Sore_012,train
/content/extracted_images/train/Selamat Sore/BISINDO_Selamat Sore_012_frame3.jpg,Selamat Sore,BISINDO_Selamat Sore_012,train
/content/extracted_images/train/Selamat Sore/BISINDO_Selamat Sore_047_frame1.jpg,Selamat Sore,BISINDO_Selamat Sore_047,train
/content/extracted_images/train/Selamat Sore/BISINDO_Selamat Sore_047_frame2.jpg,Selamat Sore,BISINDO_Selamat Sore_047,train
/content/extracted_images/train/Selamat Sore/BISINDO_Selamat Sore_047_frame3.jpg,Selamat Sore,BISINDO_Selamat Sore_047,train
/content/extracted_images/train/Selamat Sore/BISINDO_Selamat Sore_036_frame1.jpg,Selamat Sore,BISINDO_Selamat Sore_036,train
/content/extracted_images/train/Selamat Sore/BISINDO_Selamat Sore_036_frame2.jpg,Selamat Sore,BISINDO_Selamat Sore_036,train
/content/extracted_images/train/Selamat Sore/BISINDO_Selamat Sore_036_frame3.jpg,Selamat Sore,BISINDO_Selamat Sore_036,train
/content/extracted_images/train/Selamat Sore/BISINDO_Selamat Sore_025_frame1.jpg,Selamat Sore,BISINDO_Selamat Sore_025,train
/content/extracted_images/train/Selamat Sore/BISINDO_Selamat Sore_025_frame2.jpg,Selamat Sore,BISINDO_Selamat Sore_025,train
/content/extracted_images/train/Selamat Sore/BISINDO_Selamat Sore_025_frame3.jpg,Selamat Sore,BISINDO_Selamat Sore_025,train
/content/extracted_images/train/Selamat Sore/BISINDO_Selamat Sore_002_frame1.jpg,Selamat Sore,BISINDO_Selamat Sore_002,train
/content/extracted_images/train/Selamat Sore/BISINDO_Selamat Sore_002_frame2.jpg,Selamat Sore,BISINDO_Selamat Sore_002,train
/content/extracted_images/train/Selamat Sore/BISINDO_Selamat Sore_002_frame3.jpg,Selamat Sore,BISINDO_Selamat Sore_002,train
/content/extracted_images/train/Selamat Sore/BISINDO_Selamat Sore_041_frame1.jpg,Selamat Sore,BISINDO_Selamat Sore_041,train
/content/extracted_images/train/Selamat Sore/BISINDO_Selamat Sore_041_frame2.jpg,Selamat Sore,BISINDO_Selamat Sore_041,train
/content/extracted_images/train/Selamat Sore/BISINDO_Selamat Sore_041_frame3.jpg,Selamat Sore,BISINDO_Selamat Sore_041,train
/content/extracted_images/train/Selamat Sore/BISINDO_Selamat Sore_048_frame1.jpg,Selamat Sore,BISINDO_Selamat Sore_048,train
/content/extracted_images/train/Selamat Sore/BISINDO_Selamat Sore_048_frame2.jpg,Selamat Sore,BISINDO_Selamat Sore_048,train
/content/extracted_images/train/Selamat Sore/BISINDO_Selamat Sore_048_frame3.jpg,Selamat Sore,BISINDO_Selamat Sore_048,train
/content/extracted_images/train/Saya/BISINDO_Saya_020_frame1.jpg,Saya,BISINDO_Saya_020,train
/content/extracted_images/train/Saya/BISINDO_Saya_020_frame2.jpg,Saya,BISINDO_Saya_020,train
/content/extracted_images/train/Saya/BISINDO_Saya_020_frame3.jpg,Saya,BISINDO_Saya_020,train
/content/extracted_images/train/Saya/BISINDO_Saya_009_frame1.jpg,Saya,BISINDO_Saya_009,train
/content/extracted_images/train/Saya/BISINDO_Saya_009_frame2.jpg,Saya,BISINDO_Saya_009,train
/content/extracted_images/train/Saya/BISINDO_Saya_009_frame3.jpg,Saya,BISINDO_Saya_009,train
/content/extracted_images/train/Saya/BISINDO_Saya_014_frame1.jpg,Saya,BISINDO_Saya_014,train
/content/extracted_images/train/Saya/BISINDO_Saya_014_frame2.jpg,Saya,BISINDO_Saya_014,train
/content/extracted_images/train/Saya/BISINDO_Saya_014_frame3.jpg,Saya,BISINDO_Saya_014,train
/content/extracted_images/train/Saya/BISINDO_Saya_037_frame1.jpg,Saya,BISINDO_Saya_037,train
/content/extracted_images/train/Saya/BISINDO_Saya_037_frame2.jpg,Saya,BISINDO_Saya_037,train
/content/extracted_images/train/Saya/BISINDO_Saya_037_frame3.jpg,Saya,BISINDO_Saya_037,train
/content/extracted_images/train/Saya/BISINDO_Saya_003_frame1.jpg,Saya,BISINDO_Saya_003,train
/content/extracted_images/train/Saya/BISINDO_Saya_003_frame2.jpg,Saya,BISINDO_Saya_003,train
/content/extracted_images/train/Saya/BISINDO_Saya_003_frame3.jpg,Saya,BISINDO_Saya_003,train
/content/extracted_images/train/Saya/BISINDO_Saya_029_frame1.jpg,Saya,BISINDO_Saya_029,train
/content/extracted_images/train/Saya/BISINDO_Saya_029_frame2.jpg,Saya,BISINDO_Saya_029,train
/content/extracted_images/train/Saya/BISINDO_Saya_029_frame3.jpg,Saya,BISINDO_Saya_029,train
/content/extracted_images/train/Saya/BISINDO_Saya_005_frame1.jpg,Saya,BISINDO_Saya_005,train
/content/extracted_images/train/Saya/BISINDO_Saya_005_frame2.jpg,Saya,BISINDO_Saya_005,train
/content/extracted_images/train/Saya/BISINDO_Saya_005_frame3.jpg,Saya,BISINDO_Saya_005,train
/content/extracted_images/train/Saya/BISINDO_Saya_017_frame1.jpg,Saya,BISINDO_Saya_017,train
/content/extracted_images/train/Saya/BISINDO_Saya_017_frame2.jpg,Saya,BISINDO_Saya_017,train
/content/extracted_images/train/Saya/BISINDO_Saya_017_frame3.jpg,Saya,BISINDO_Saya_017,train
/content/extracted_images/train/Saya/BISINDO_Saya_045_frame1.jpg,Saya,BISINDO_Saya_045,train
/content/extracted_images/train/Saya/BISINDO_Saya_045_frame2.jpg,Saya,BISINDO_Saya_045,train
/content/extracted_images/train/Saya/BISINDO_Saya_045_frame3.jpg,Saya,BISINDO_Saya_045,train
/content/extracted_images/train/Saya/BISINDO_Saya_036_frame1.jpg,Saya,BISINDO_Saya_036,train
/content/extracted_images/train/Saya/BISINDO_Saya_036_frame2.jpg,Saya,BISINDO_Saya_036,train
/content/extracted_images/train/Saya/BISINDO_Saya_036_frame3.jpg,Saya,BISINDO_Saya_036,train
/content/extracted_images/train/Saya/BISINDO_Saya_022_frame1.jpg,Saya,BISINDO_Saya_022,train
/content/extracted_images/train/Saya/BISINDO_Saya_022_frame2.jpg,Saya,BISINDO_Saya_022,train
/content/extracted_images/train/Saya/BISINDO_Saya_022_frame3.jpg,Saya,BISINDO_Saya_022,train
/content/extracted_images/train/Saya/BISINDO_Saya_049_frame1.jpg,Saya,BISINDO_Saya_049,train
/content/extracted_images/train/Saya/BISINDO_Saya_049_frame2.jpg,Saya,BISINDO_Saya_049,train
/content/extracted_images/train/Saya/BISINDO_Saya_049_frame3.jpg,Saya,BISINDO_Saya_049,train
/content/extracted_images/train/Saya/BISINDO_Saya_030_frame1.jpg,Saya,BISINDO_Saya_030,train
/content/extracted_images/train/Saya/BISINDO_Saya_030_frame2.jpg,Saya,BISINDO_Saya_030,train
/content/extracted_images/train/Saya/BISINDO_Saya_030_frame3.jpg,Saya,BISINDO_Saya_030,train
/content/extracted_images/train/Saya/BISINDO_Saya_033_frame1.jpg,Saya,BISINDO_Saya_033,train
/content/extracted_images/train/Saya/BISINDO_Saya_033_frame2.jpg,Saya,BISINDO_Saya_033,train
/content/extracted_images/train/Saya/BISINDO_Saya_033_frame3.jpg,Saya,BISINDO_Saya_033,train
/content/extracted_images/train/Saya/BISINDO_Saya_012_frame1.jpg,Saya,BISINDO_Saya_012,train
/content/extracted_images/train/Saya/BISINDO_Saya_012_frame2.jpg,Saya,BISINDO_Saya_012,train
/content/extracted_images/train/Saya/BISINDO_Saya_012_frame3.jpg,Saya,BISINDO_Saya_012,train
/content/extracted_images/train/Saya/BISINDO_Saya_021_frame1.jpg,Saya,BISINDO_Saya_021,train
/content/extracted_images/train/Saya/BISINDO_Saya_021_frame2.jpg,Saya,BISINDO_Saya_021,train
/content/extracted_images/train/Saya/BISINDO_Saya_021_frame3.jpg,Saya,BISINDO_Saya_021,train
/content/extracted_images/train/Saya/BISINDO_Saya_008_frame1.jpg,Saya,BISINDO_Saya_008,train
/content/extracted_images/train/Saya/BISINDO_Saya_008_frame2.jpg,Saya,BISINDO_Saya_008,train
/content/extracted_images/train/Saya/BISINDO_Saya_008_frame3.jpg,Saya,BISINDO_Saya_008,train
/content/extracted_images/train/Saya/BISINDO_Saya_006_frame1.jpg,Saya,BISINDO_Saya_006,train
/content/extracted_images/train/Saya/BISINDO_Saya_006_frame2.jpg,Saya,BISINDO_Saya_006,train
/content/extracted_images/train/Saya/BISINDO_Saya_006_frame3.jpg,Saya,BISINDO_Saya_006,train
/content/extracted_images/train/Saya/BISINDO_Saya_039_frame1.jpg,Saya,BISINDO_Saya_039,train
/content/extracted_images/train/Saya/BISINDO_Saya_039_frame2.jpg,Saya,BISINDO_Saya_039,train
/content/extracted_images/train/Saya/BISINDO_Saya_039_frame3.jpg,Saya,BISINDO_Saya_039,train
/content/extracted_images/train/Saya/BISINDO_Saya_043_frame1.jpg,Saya,BISINDO_Saya_043,train
/content/extracted_images/train/Saya/BISINDO_Saya_043_frame2.jpg,Saya,BISINDO_Saya_043,train
/content/extracted_images/train/Saya/BISINDO_Saya_043_frame3.jpg,Saya,BISINDO_Saya_043,train
/content/extracted_images/train/Saya/BISINDO_Saya_040_frame1.jpg,Saya,BISINDO_Saya_040,train
/content/extracted_images/train/Saya/BISINDO_Saya_040_frame2.jpg,Saya,BISINDO_Saya_040,train
/content/extracted_images/train/Saya/BISINDO_Saya_040_frame3.jpg,Saya,BISINDO_Saya_040,train
/content/extracted_images/train/Saya/BISINDO_Saya_019_frame1.jpg,Saya,BISINDO_Saya_019,train
/content/extracted_images/train/Saya/BISINDO_Saya_019_frame2.jpg,Saya,BISINDO_Saya_019,train
/content/extracted_images/train/Saya/BISINDO_Saya_019_frame3.jpg,Saya,BISINDO_Saya_019,train
/content/extracted_images/train/Saya/BISINDO_Saya_013_frame1.jpg,Saya,BISINDO_Saya_013,train
/content/extracted_images/train/Saya/BISINDO_Saya_013_frame2.jpg,Saya,BISINDO_Saya_013,train
/content/extracted_images/train/Saya/BISINDO_Saya_013_frame3.jpg,Saya,BISINDO_Saya_013,train
/content/extracted_images/train/Saya/BISINDO_Saya_046_frame1.jpg,Saya,BISINDO_Saya_046,train
/content/extracted_images/train/Saya/BISINDO_Saya_046_frame2.jpg,Saya,BISINDO_Saya_046,train
/content/extracted_images/train/Saya/BISINDO_Saya_046_frame3.jpg,Saya,BISINDO_Saya_046,train
/content/extracted_images/train/Saya/BISINDO_Saya_026_frame1.jpg,Saya,BISINDO_Saya_026,train
/content/extracted_images/train/Saya/BISINDO_Saya_026_frame2.jpg,Saya,BISINDO_Saya_026,train
/content/extracted_images/train/Saya/BISINDO_Saya_026_frame3.jpg,Saya,BISINDO_Saya_026,train
/content/extracted_images/train/Saya/BISINDO_Saya_050_frame1.jpg,Saya,BISINDO_Saya_050,train
/content/extracted_images/train/Saya/BISINDO_Saya_050_frame2.jpg,Saya,BISINDO_Saya_050,train
/content/extracted_images/train/Saya/BISINDO_Saya_050_frame3.jpg,Saya,BISINDO_Saya_050,train
/content/extracted_images/train/Saya/BISINDO_Saya_035_frame1.jpg,Saya,BISINDO_Saya_035,train
/content/extracted_images/train/Saya/BISINDO_Saya_035_frame2.jpg,Saya,BISINDO_Saya_035,train
/content/extracted_images/train/Saya/BISINDO_Saya_035_frame3.jpg,Saya,BISINDO_Saya_035,train
/content/extracted_images/train/Saya/BISINDO_Saya_041_frame1.jpg,Saya,BISINDO_Saya_041,train
/content/extracted_images/train/Saya/BISINDO_Saya_041_frame2.jpg,Saya,BISINDO_Saya_041,train
/content/extracted_images/train/Saya/BISINDO_Saya_041_frame3.jpg,Saya,BISINDO_Saya_041,train
/content/extracted_images/train/Saya/BISINDO_Saya_032_frame1.jpg,Saya,BISINDO_Saya_032,train
/content/extracted_images/train/Saya/BISINDO_Saya_032_frame2.jpg,Saya,BISINDO_Saya_032,train
/content/extracted_images/train/Saya/BISINDO_Saya_032_frame3.jpg,Saya,BISINDO_Saya_032,train
/content/extracted_images/train/Saya/BISINDO_Saya_028_frame1.jpg,Saya,BISINDO_Saya_028,train
/content/extracted_images/train/Saya/BISINDO_Saya_028_frame2.jpg,Saya,BISINDO_Saya_028,train
/content/extracted_images/train/Saya/BISINDO_Saya_028_frame3.jpg,Saya,BISINDO_Saya_028,train
/content/extracted_images/train/Saya/BISINDO_Saya_027_frame1.jpg,Saya,BISINDO_Saya_027,train
/content/extracted_images/train/Saya/BISINDO_Saya_027_frame2.jpg,Saya,BISINDO_Saya_027,train
/content/extracted_images/train/Saya/BISINDO_Saya_027_frame3.jpg,Saya,BISINDO_Saya_027,train
/content/extracted_images/train/Saya/BISINDO_Saya_007_frame1.jpg,Saya,BISINDO_Saya_007,train
/content/extracted_images/train/Saya/BISINDO_Saya_007_frame2.jpg,Saya,BISINDO_Saya_007,train
/content/extracted_images/train/Saya/BISINDO_Saya_007_frame3.jpg,Saya,BISINDO_Saya_007,train
/content/extracted_images/train/Saya/BISINDO_Saya_002_frame1.jpg,Saya,BISINDO_Saya_002,train
/content/extracted_images/train/Saya/BISINDO_Saya_002_frame2.jpg,Saya,BISINDO_Saya_002,train
/content/extracted_images/train/Saya/BISINDO_Saya_002_frame3.jpg,Saya,BISINDO_Saya_002,train
/content/extracted_images/train/Saya/BISINDO_Saya_044_frame1.jpg,Saya,BISINDO_Saya_044,train
/content/extracted_images/train/Saya/BISINDO_Saya_044_frame2.jpg,Saya,BISINDO_Saya_044,train
/content/extracted_images/train/Saya/BISINDO_Saya_044_frame3.jpg,Saya,BISINDO_Saya_044,train
/content/extracted_images/train/Saya/BISINDO_Saya_010_frame1.jpg,Saya,BISINDO_Saya_010,train
/content/extracted_images/train/Saya/BISINDO_Saya_010_frame2.jpg,Saya,BISINDO_Saya_010,train
/content/extracted_images/train/Saya/BISINDO_Saya_010_frame3.jpg,Saya,BISINDO_Saya_010,train
/content/extracted_images/train/Saya/BISINDO_Saya_047_frame1.jpg,Saya,BISINDO_Saya_047,train
/content/extracted_images/train/Saya/BISINDO_Saya_047_frame2.jpg,Saya,BISINDO_Saya_047,train
/content/extracted_images/train/Saya/BISINDO_Saya_047_frame3.jpg,Saya,BISINDO_Saya_047,train
/content/extracted_images/train/Saya/BISINDO_Saya_031_frame1.jpg,Saya,BISINDO_Saya_031,train
/content/extracted_images/train/Saya/BISINDO_Saya_031_frame2.jpg,Saya,BISINDO_Saya_031,train
/content/extracted_images/train/Saya/BISINDO_Saya_031_frame3.jpg,Saya,BISINDO_Saya_031,train
/content/extracted_images/train/Saya/BISINDO_Saya_018_frame1.jpg,Saya,BISINDO_Saya_018,train
/content/extracted_images/train/Saya/BISINDO_Saya_018_frame2.jpg,Saya,BISINDO_Saya_018,train
/content/extracted_images/train/Saya/BISINDO_Saya_018_frame3.jpg,Saya,BISINDO_Saya_018,train
/content/extracted_images/train/Belajar/BISINDO_Belajar_033_frame1.jpg,Belajar,BISINDO_Belajar_033,train
/content/extracted_images/train/Belajar/BISINDO_Belajar_033_frame2.jpg,Belajar,BISINDO_Belajar_033,train
/content/extracted_images/train/Belajar/BISINDO_Belajar_033_frame3.jpg,Belajar,BISINDO_Belajar_033,train
/content/extracted_images/train/Belajar/BISINDO_Belajar_041_frame1.jpg,Belajar,BISINDO_Belajar_041,train
/content/extracted_images/train/Belajar/BISINDO_Belajar_041_frame2.jpg,Belajar,BISINDO_Belajar_041,train
/content/extracted_images/train/Belajar/BISINDO_Belajar_041_frame3.jpg,Belajar,BISINDO_Belajar_041,train
/content/extracted_images/train/Belajar/BISINDO_Belajar_035_frame1.jpg,Belajar,BISINDO_Belajar_035,train
/content/extracted_images/train/Belajar/BISINDO_Belajar_035_frame2.jpg,Belajar,BISINDO_Belajar_035,train
/content/extracted_images/train/Belajar/BISINDO_Belajar_035_frame3.jpg,Belajar,BISINDO_Belajar_035,train
/content/extracted_images/train/Belajar/BISINDO_Belajar_039_frame1.jpg,Belajar,BISINDO_Belajar_039,train
/content/extracted_images/train/Belajar/BISINDO_Belajar_039_frame2.jpg,Belajar,BISINDO_Belajar_039,train
/content/extracted_images/train/Belajar/BISINDO_Belajar_039_frame3.jpg,Belajar,BISINDO_Belajar_039,train
/content/extracted_images/train/Belajar/BISINDO_Belajar_002_frame1.jpg,Belajar,BISINDO_Belajar_002,train
/content/extracted_images/train/Belajar/BISINDO_Belajar_002_frame2.jpg,Belajar,BISINDO_Belajar_002,train
/content/extracted_images/train/Belajar/BISINDO_Belajar_002_frame3.jpg,Belajar,BISINDO_Belajar_002,train
/content/extracted_images/train/Belajar/BISINDO_Belajar_010_frame1.jpg,Belajar,BISINDO_Belajar_010,train
/content/extracted_images/train/Belajar/BISINDO_Belajar_010_frame2.jpg,Belajar,BISINDO_Belajar_010,train
/content/extracted_images/train/Belajar/BISINDO_Belajar_010_frame3.jpg,Belajar,BISINDO_Belajar_010,train
/content/extracted_images/train/Belajar/BISINDO_Belajar_037_frame1.jpg,Belajar,BISINDO_Belajar_037,train
/content/extracted_images/train/Belajar/BISINDO_Belajar_037_frame2.jpg,Belajar,BISINDO_Belajar_037,train
/content/extracted_images/train/Belajar/BISINDO_Belajar_037_frame3.jpg,Belajar,BISINDO_Belajar_037,train
/content/extracted_images/train/Belajar/BISINDO_Belajar_027_frame1.jpg,Belajar,BISINDO_Belajar_027,train
/content/extracted_images/train/Belajar/BISINDO_Belajar_027_frame2.jpg,Belajar,BISINDO_Belajar_027,train
/content/extracted_images/train/Belajar/BISINDO_Belajar_027_frame3.jpg,Belajar,BISINDO_Belajar_027,train
/content/extracted_images/train/Belajar/BISINDO_Belajar_024_frame1.jpg,Belajar,BISINDO_Belajar_024,train
/content/extracted_images/train/Belajar/BISINDO_Belajar_024_frame2.jpg,Belajar,BISINDO_Belajar_024,train
/content/extracted_images/train/Belajar/BISINDO_Belajar_024_frame3.jpg,Belajar,BISINDO_Belajar_024,train
/content/extracted_images/train/Belajar/BISINDO_Belajar_016_frame1.jpg,Belajar,BISINDO_Belajar_016,train
/content/extracted_images/train/Belajar/BISINDO_Belajar_016_frame2.jpg,Belajar,BISINDO_Belajar_016,train
/content/extracted_images/train/Belajar/BISINDO_Belajar_016_frame3.jpg,Belajar,BISINDO_Belajar_016,train
/content/extracted_images/train/Belajar/BISINDO_Belajar_044_frame1.jpg,Belajar,BISINDO_Belajar_044,train
/content/extracted_images/train/Belajar/BISINDO_Belajar_044_frame2.jpg,Belajar,BISINDO_Belajar_044,train
/content/extracted_images/train/Belajar/BISINDO_Belajar_044_frame3.jpg,Belajar,BISINDO_Belajar_044,train
/content/extracted_images/train/Belajar/BISINDO_Belajar_029_frame1.jpg,Belajar,BISINDO_Belajar_029,train
/content/extracted_images/train/Belajar/BISINDO_Belajar_029_frame2.jpg,Belajar,BISINDO_Belajar_029,train
/content/extracted_images/train/Belajar/BISINDO_Belajar_029_frame3.jpg,Belajar,BISINDO_Belajar_029,train
/content/extracted_images/train/Belajar/BISINDO_Belajar_030_frame1.jpg,Belajar,BISINDO_Belajar_030,train
/content/extracted_images/train/Belajar/BISINDO_Belajar_030_frame2.jpg,Belajar,BISINDO_Belajar_030,train
/content/extracted_images/train/Belajar/BISINDO_Belajar_030_frame3.jpg,Belajar,BISINDO_Belajar_030,train
/content/extracted_images/train/Belajar/BISINDO_Belajar_001_frame1.jpg,Belajar,BISINDO_Belajar_001,train
/content/extracted_images/train/Belajar/BISINDO_Belajar_001_frame2.jpg,Belajar,BISINDO_Belajar_001,train
/content/extracted_images/train/Belajar/BISINDO_Belajar_001_frame3.jpg,Belajar,BISINDO_Belajar_001,train
/content/extracted_images/train/Belajar/BISINDO_Belajar_031_frame1.jpg,Belajar,BISINDO_Belajar_031,train
/content/extracted_images/train/Belajar/BISINDO_Belajar_031_frame2.jpg,Belajar,BISINDO_Belajar_031,train
/content/extracted_images/train/Belajar/BISINDO_Belajar_031_frame3.jpg,Belajar,BISINDO_Belajar_031,train
/content/extracted_images/train/Belajar/BISINDO_Belajar_043_frame1.jpg,Belajar,BISINDO_Belajar_043,train
/content/extracted_images/train/Belajar/BISINDO_Belajar_043_frame2.jpg,Belajar,BISINDO_Belajar_043,train
/content/extracted_images/train/Belajar/BISINDO_Belajar_043_frame3.jpg,Belajar,BISINDO_Belajar_043,train
/content/extracted_images/train/Belajar/BISINDO_Belajar_045_frame1.jpg,Belajar,BISINDO_Belajar_045,train
/content/extracted_images/train/Belajar/BISINDO_Belajar_045_frame2.jpg,Belajar,BISINDO_Belajar_045,train
/content/extracted_images/train/Belajar/BISINDO_Belajar_045_frame3.jpg,Belajar,BISINDO_Belajar_045,train
/content/extracted_images/train/Belajar/BISINDO_Belajar_036_frame1.jpg,Belajar,BISINDO_Belajar_036,train
/content/extracted_images/train/Belajar/BISINDO_Belajar_036_frame2.jpg,Belajar,BISINDO_Belajar_036,train
/content/extracted_images/train/Belajar/BISINDO_Belajar_036_frame3.jpg,Belajar,BISINDO_Belajar_036,train
/content/extracted_images/train/Belajar/BISINDO_Belajar_023_frame1.jpg,Belajar,BISINDO_Belajar_023,train
/content/extracted_images/train/Belajar/BISINDO_Belajar_023_frame2.jpg,Belajar,BISINDO_Belajar_023,train
/content/extracted_images/train/Belajar/BISINDO_Belajar_023_frame3.jpg,Belajar,BISINDO_Belajar_023,train
/content/extracted_images/train/Belajar/BISINDO_Belajar_009_frame1.jpg,Belajar,BISINDO_Belajar_009,train
/content/extracted_images/train/Belajar/BISINDO_Belajar_009_frame2.jpg,Belajar,BISINDO_Belajar_009,train
/content/extracted_images/train/Belajar/BISINDO_Belajar_009_frame3.jpg,Belajar,BISINDO_Belajar_009,train
/content/extracted_images/train/Belajar/BISINDO_Belajar_017_frame1.jpg,Belajar,BISINDO_Belajar_017,train
/content/extracted_images/train/Belajar/BISINDO_Belajar_017_frame2.jpg,Belajar,BISINDO_Belajar_017,train
/content/extracted_images/train/Belajar/BISINDO_Belajar_017_frame3.jpg,Belajar,BISINDO_Belajar_017,train
/content/extracted_images/train/Belajar/BISINDO_Belajar_050_frame1.jpg,Belajar,BISINDO_Belajar_050,train
/content/extracted_images/train/Belajar/BISINDO_Belajar_050_frame2.jpg,Belajar,BISINDO_Belajar_050,train
/content/extracted_images/train/Belajar/BISINDO_Belajar_050_frame3.jpg,Belajar,BISINDO_Belajar_050,train
/content/extracted_images/train/Belajar/BISINDO_Belajar_028_frame1.jpg,Belajar,BISINDO_Belajar_028,train
/content/extracted_images/train/Belajar/BISINDO_Belajar_028_frame2.jpg,Belajar,BISINDO_Belajar_028,train
/content/extracted_images/train/Belajar/BISINDO_Belajar_028_frame3.jpg,Belajar,BISINDO_Belajar_028,train
/content/extracted_images/train/Belajar/BISINDO_Belajar_006_frame1.jpg,Belajar,BISINDO_Belajar_006,train
/content/extracted_images/train/Belajar/BISINDO_Belajar_006_frame2.jpg,Belajar,BISINDO_Belajar_006,train
/content/extracted_images/train/Belajar/BISINDO_Belajar_006_frame3.jpg,Belajar,BISINDO_Belajar_006,train
/content/extracted_images/train/Belajar/BISINDO_Belajar_014_frame1.jpg,Belajar,BISINDO_Belajar_014,train
/content/extracted_images/train/Belajar/BISINDO_Belajar_014_frame2.jpg,Belajar,BISINDO_Belajar_014,train
/content/extracted_images/train/Belajar/BISINDO_Belajar_014_frame3.jpg,Belajar,BISINDO_Belajar_014,train
/content/extracted_images/train/Belajar/BISINDO_Belajar_022_frame1.jpg,Belajar,BISINDO_Belajar_022,train
/content/extracted_images/train/Belajar/BISINDO_Belajar_022_frame2.jpg,Belajar,BISINDO_Belajar_022,train
/content/extracted_images/train/Belajar/BISINDO_Belajar_022_frame3.jpg,Belajar,BISINDO_Belajar_022,train
/content/extracted_images/train/Belajar/BISINDO_Belajar_049_frame1.jpg,Belajar,BISINDO_Belajar_049,train
/content/extracted_images/train/Belajar/BISINDO_Belajar_049_frame2.jpg,Belajar,BISINDO_Belajar_049,train
/content/extracted_images/train/Belajar/BISINDO_Belajar_049_frame3.jpg,Belajar,BISINDO_Belajar_049,train
/content/extracted_images/train/Belajar/BISINDO_Belajar_026_frame1.jpg,Belajar,BISINDO_Belajar_026,train
/content/extracted_images/train/Belajar/BISINDO_Belajar_026_frame2.jpg,Belajar,BISINDO_Belajar_026,train
/content/extracted_images/train/Belajar/BISINDO_Belajar_026_frame3.jpg,Belajar,BISINDO_Belajar_026,train
/content/extracted_images/train/Belajar/BISINDO_Belajar_018_frame1.jpg,Belajar,BISINDO_Belajar_018,train
/content/extracted_images/train/Belajar/BISINDO_Belajar_018_frame2.jpg,Belajar,BISINDO_Belajar_018,train
/content/extracted_images/train/Belajar/BISINDO_Belajar_018_frame3.jpg,Belajar,BISINDO_Belajar_018,train
/content/extracted_images/train/Belajar/BISINDO_Belajar_020_frame1.jpg,Belajar,BISINDO_Belajar_020,train
/content/extracted_images/train/Belajar/BISINDO_Belajar_020_frame2.jpg,Belajar,BISINDO_Belajar_020,train
/content/extracted_images/train/Belajar/BISINDO_Belajar_020_frame3.jpg,Belajar,BISINDO_Belajar_020,train
/content/extracted_images/train/Belajar/BISINDO_Belajar_003_frame1.jpg,Belajar,BISINDO_Belajar_003,train
/content/extracted_images/train/Belajar/BISINDO_Belajar_003_frame2.jpg,Belajar,BISINDO_Belajar_003,train
/content/extracted_images/train/Belajar/BISINDO_Belajar_003_frame3.jpg,Belajar,BISINDO_Belajar_003,train
/content/extracted_images/train/Belajar/BISINDO_Belajar_047_frame1.jpg,Belajar,BISINDO_Belajar_047,train
/content/extracted_images/train/Belajar/BISINDO_Belajar_047_frame2.jpg,Belajar,BISINDO_Belajar_047,train
/content/extracted_images/train/Belajar/BISINDO_Belajar_047_frame3.jpg,Belajar,BISINDO_Belajar_047,train
/content/extracted_images/train/Belajar/BISINDO_Belajar_025_frame1.jpg,Belajar,BISINDO_Belajar_025,train
/content/extracted_images/train/Belajar/BISINDO_Belajar_025_frame2.jpg,Belajar,BISINDO_Belajar_025,train
/content/extracted_images/train/Belajar/BISINDO_Belajar_025_frame3.jpg,Belajar,BISINDO_Belajar_025,train
/content/extracted_images/train/Belajar/BISINDO_Belajar_005_frame1.jpg,Belajar,BISINDO_Belajar_005,train
/content/extracted_images/train/Belajar/BISINDO_Belajar_005_frame2.jpg,Belajar,BISINDO_Belajar_005,train
/content/extracted_images/train/Belajar/BISINDO_Belajar_005_frame3.jpg,Belajar,BISINDO_Belajar_005,train
/content/extracted_images/train/Belajar/BISINDO_Belajar_046_frame1.jpg,Belajar,BISINDO_Belajar_046,train
/content/extracted_images/train/Belajar/BISINDO_Belajar_046_frame2.jpg,Belajar,BISINDO_Belajar_046,train
/content/extracted_images/train/Belajar/BISINDO_Belajar_046_frame3.jpg,Belajar,BISINDO_Belajar_046,train
/content/extracted_images/train/Belajar/BISINDO_Belajar_015_frame1.jpg,Belajar,BISINDO_Belajar_015,train
/content/extracted_images/train/Belajar/BISINDO_Belajar_015_frame2.jpg,Belajar,BISINDO_Belajar_015,train
/content/extracted_images/train/Belajar/BISINDO_Belajar_015_frame3.jpg,Belajar,BISINDO_Belajar_015,train
/content/extracted_images/train/Belajar/BISINDO_Belajar_008_frame1.jpg,Belajar,BISINDO_Belajar_008,train
/content/extracted_images/train/Belajar/BISINDO_Belajar_008_frame2.jpg,Belajar,BISINDO_Belajar_008,train
/content/extracted_images/train/Belajar/BISINDO_Belajar_008_frame3.jpg,Belajar,BISINDO_Belajar_008,train
/content/extracted_images/train/Belajar/BISINDO_Belajar_007_frame1.jpg,Belajar,BISINDO_Belajar_007,train
/content/extracted_images/train/Belajar/BISINDO_Belajar_007_frame2.jpg,Belajar,BISINDO_Belajar_007,train
/content/extracted_images/train/Belajar/BISINDO_Belajar_007_frame3.jpg,Belajar,BISINDO_Belajar_007,train
/content/extracted_images/train/Belajar/BISINDO_Belajar_042_frame1.jpg,Belajar,BISINDO_Belajar_042,train
/content/extracted_images/train/Belajar/BISINDO_Belajar_042_frame2.jpg,Belajar,BISINDO_Belajar_042,train
/content/extracted_images/train/Belajar/BISINDO_Belajar_042_frame3.jpg,Belajar,BISINDO_Belajar_042,train
/content/extracted_images/train/Minum/BISINDO_Minum_048_frame1.jpg,Minum,BISINDO_Minum_048,train
/content/extracted_images/train/Minum/BISINDO_Minum_048_frame2.jpg,Minum,BISINDO_Minum_048,train
/content/extracted_images/train/Minum/BISINDO_Minum_048_frame3.jpg,Minum,BISINDO_Minum_048,train
/content/extracted_images/train/Minum/BISINDO_Minum_044_frame1.jpg,Minum,BISINDO_Minum_044,train
/content/extracted_images/train/Minum/BISINDO_Minum_044_frame2.jpg,Minum,BISINDO_Minum_044,train
/content/extracted_images/train/Minum/BISINDO_Minum_044_frame3.jpg,Minum,BISINDO_Minum_044,train
/content/extracted_images/train/Minum/BISINDO_Minum_042_frame1.jpg,Minum,BISINDO_Minum_042,train
/content/extracted_images/train/Minum/BISINDO_Minum_042_frame2.jpg,Minum,BISINDO_Minum_042,train
/content/extracted_images/train/Minum/BISINDO_Minum_042_frame3.jpg,Minum,BISINDO_Minum_042,train
/content/extracted_images/train/Minum/BISINDO_Minum_003_frame1.jpg,Minum,BISINDO_Minum_003,train
/content/extracted_images/train/Minum/BISINDO_Minum_003_frame2.jpg,Minum,BISINDO_Minum_003,train
/content/extracted_images/train/Minum/BISINDO_Minum_003_frame3.jpg,Minum,BISINDO_Minum_003,train
/content/extracted_images/train/Minum/BISINDO_Minum_015_frame1.jpg,Minum,BISINDO_Minum_015,train
/content/extracted_images/train/Minum/BISINDO_Minum_015_frame2.jpg,Minum,BISINDO_Minum_015,train
/content/extracted_images/train/Minum/BISINDO_Minum_015_frame3.jpg,Minum,BISINDO_Minum_015,train
/content/extracted_images/train/Minum/BISINDO_Minum_014_frame1.jpg,Minum,BISINDO_Minum_014,train
/content/extracted_images/train/Minum/BISINDO_Minum_014_frame2.jpg,Minum,BISINDO_Minum_014,train
/content/extracted_images/train/Minum/BISINDO_Minum_014_frame3.jpg,Minum,BISINDO_Minum_014,train
/content/extracted_images/train/Minum/BISINDO_Minum_037_frame1.jpg,Minum,BISINDO_Minum_037,train
/content/extracted_images/train/Minum/BISINDO_Minum_037_frame2.jpg,Minum,BISINDO_Minum_037,train
/content/extracted_images/train/Minum/BISINDO_Minum_037_frame3.jpg,Minum,BISINDO_Minum_037,train
/content/extracted_images/train/Minum/BISINDO_Minum_030_frame1.jpg,Minum,BISINDO_Minum_030,train
/content/extracted_images/train/Minum/BISINDO_Minum_030_frame2.jpg,Minum,BISINDO_Minum_030,train
/content/extracted_images/train/Minum/BISINDO_Minum_030_frame3.jpg,Minum,BISINDO_Minum_030,train
/content/extracted_images/train/Minum/BISINDO_Minum_001_frame1.jpg,Minum,BISINDO_Minum_001,train
/content/extracted_images/train/Minum/BISINDO_Minum_001_frame2.jpg,Minum,BISINDO_Minum_001,train
/content/extracted_images/train/Minum/BISINDO_Minum_001_frame3.jpg,Minum,BISINDO_Minum_001,train
/content/extracted_images/train/Minum/BISINDO_Minum_036_frame1.jpg,Minum,BISINDO_Minum_036,train
/content/extracted_images/train/Minum/BISINDO_Minum_036_frame2.jpg,Minum,BISINDO_Minum_036,train
/content/extracted_images/train/Minum/BISINDO_Minum_036_frame3.jpg,Minum,BISINDO_Minum_036,train
/content/extracted_images/train/Minum/BISINDO_Minum_021_frame1.jpg,Minum,BISINDO_Minum_021,train
/content/extracted_images/train/Minum/BISINDO_Minum_021_frame2.jpg,Minum,BISINDO_Minum_021,train
/content/extracted_images/train/Minum/BISINDO_Minum_021_frame3.jpg,Minum,BISINDO_Minum_021,train
/content/extracted_images/train/Minum/BISINDO_Minum_004_frame1.jpg,Minum,BISINDO_Minum_004,train
/content/extracted_images/train/Minum/BISINDO_Minum_004_frame2.jpg,Minum,BISINDO_Minum_004,train
/content/extracted_images/train/Minum/BISINDO_Minum_004_frame3.jpg,Minum,BISINDO_Minum_004,train
/content/extracted_images/train/Minum/BISINDO_Minum_034_frame1.jpg,Minum,BISINDO_Minum_034,train
/content/extracted_images/train/Minum/BISINDO_Minum_034_frame2.jpg,Minum,BISINDO_Minum_034,train
/content/extracted_images/train/Minum/BISINDO_Minum_034_frame3.jpg,Minum,BISINDO_Minum_034,train
/content/extracted_images/train/Minum/BISINDO_Minum_026_frame1.jpg,Minum,BISINDO_Minum_026,train
/content/extracted_images/train/Minum/BISINDO_Minum_026_frame2.jpg,Minum,BISINDO_Minum_026,train
/content/extracted_images/train/Minum/BISINDO_Minum_026_frame3.jpg,Minum,BISINDO_Minum_026,train
/content/extracted_images/train/Minum/BISINDO_Minum_017_frame1.jpg,Minum,BISINDO_Minum_017,train
/content/extracted_images/train/Minum/BISINDO_Minum_017_frame2.jpg,Minum,BISINDO_Minum_017,train
/content/extracted_images/train/Minum/BISINDO_Minum_017_frame3.jpg,Minum,BISINDO_Minum_017,train
/content/extracted_images/train/Minum/BISINDO_Minum_031_frame1.jpg,Minum,BISINDO_Minum_031,train
/content/extracted_images/train/Minum/BISINDO_Minum_031_frame2.jpg,Minum,BISINDO_Minum_031,train
/content/extracted_images/train/Minum/BISINDO_Minum_031_frame3.jpg,Minum,BISINDO_Minum_031,train
/content/extracted_images/train/Minum/BISINDO_Minum_022_frame1.jpg,Minum,BISINDO_Minum_022,train
/content/extracted_images/train/Minum/BISINDO_Minum_022_frame2.jpg,Minum,BISINDO_Minum_022,train
/content/extracted_images/train/Minum/BISINDO_Minum_022_frame3.jpg,Minum,BISINDO_Minum_022,train
/content/extracted_images/train/Minum/BISINDO_Minum_050_frame1.jpg,Minum,BISINDO_Minum_050,train
/content/extracted_images/train/Minum/BISINDO_Minum_050_frame2.jpg,Minum,BISINDO_Minum_050,train
/content/extracted_images/train/Minum/BISINDO_Minum_050_frame3.jpg,Minum,BISINDO_Minum_050,train
/content/extracted_images/train/Minum/BISINDO_Minum_045_frame1.jpg,Minum,BISINDO_Minum_045,train
/content/extracted_images/train/Minum/BISINDO_Minum_045_frame2.jpg,Minum,BISINDO_Minum_045,train
/content/extracted_images/train/Minum/BISINDO_Minum_045_frame3.jpg,Minum,BISINDO_Minum_045,train
/content/extracted_images/train/Minum/BISINDO_Minum_006_frame1.jpg,Minum,BISINDO_Minum_006,train
/content/extracted_images/train/Minum/BISINDO_Minum_006_frame2.jpg,Minum,BISINDO_Minum_006,train
/content/extracted_images/train/Minum/BISINDO_Minum_006_frame3.jpg,Minum,BISINDO_Minum_006,train
/content/extracted_images/train/Minum/BISINDO_Minum_013_frame1.jpg,Minum,BISINDO_Minum_013,train
/content/extracted_images/train/Minum/BISINDO_Minum_013_frame2.jpg,Minum,BISINDO_Minum_013,train
/content/extracted_images/train/Minum/BISINDO_Minum_013_frame3.jpg,Minum,BISINDO_Minum_013,train
/content/extracted_images/train/Minum/BISINDO_Minum_039_frame1.jpg,Minum,BISINDO_Minum_039,train
/content/extracted_images/train/Minum/BISINDO_Minum_039_frame2.jpg,Minum,BISINDO_Minum_039,train
/content/extracted_images/train/Minum/BISINDO_Minum_039_frame3.jpg,Minum,BISINDO_Minum_039,train
/content/extracted_images/train/Minum/BISINDO_Minum_009_frame1.jpg,Minum,BISINDO_Minum_009,train
/content/extracted_images/train/Minum/BISINDO_Minum_009_frame2.jpg,Minum,BISINDO_Minum_009,train
/content/extracted_images/train/Minum/BISINDO_Minum_009_frame3.jpg,Minum,BISINDO_Minum_009,train
/content/extracted_images/train/Minum/BISINDO_Minum_019_frame1.jpg,Minum,BISINDO_Minum_019,train
/content/extracted_images/train/Minum/BISINDO_Minum_019_frame2.jpg,Minum,BISINDO_Minum_019,train
/content/extracted_images/train/Minum/BISINDO_Minum_019_frame3.jpg,Minum,BISINDO_Minum_019,train
/content/extracted_images/train/Minum/BISINDO_Minum_011_frame1.jpg,Minum,BISINDO_Minum_011,train
/content/extracted_images/train/Minum/BISINDO_Minum_011_frame2.jpg,Minum,BISINDO_Minum_011,train
/content/extracted_images/train/Minum/BISINDO_Minum_011_frame3.jpg,Minum,BISINDO_Minum_011,train
/content/extracted_images/train/Minum/BISINDO_Minum_002_frame1.jpg,Minum,BISINDO_Minum_002,train
/content/extracted_images/train/Minum/BISINDO_Minum_002_frame2.jpg,Minum,BISINDO_Minum_002,train
/content/extracted_images/train/Minum/BISINDO_Minum_002_frame3.jpg,Minum,BISINDO_Minum_002,train
/content/extracted_images/train/Minum/BISINDO_Minum_033_frame1.jpg,Minum,BISINDO_Minum_033,train
/content/extracted_images/train/Minum/BISINDO_Minum_033_frame2.jpg,Minum,BISINDO_Minum_033,train
/content/extracted_images/train/Minum/BISINDO_Minum_033_frame3.jpg,Minum,BISINDO_Minum_033,train
/content/extracted_images/train/Minum/BISINDO_Minum_008_frame1.jpg,Minum,BISINDO_Minum_008,train
/content/extracted_images/train/Minum/BISINDO_Minum_008_frame2.jpg,Minum,BISINDO_Minum_008,train
/content/extracted_images/train/Minum/BISINDO_Minum_008_frame3.jpg,Minum,BISINDO_Minum_008,train
/content/extracted_images/train/Minum/BISINDO_Minum_020_frame1.jpg,Minum,BISINDO_Minum_020,train
/content/extracted_images/train/Minum/BISINDO_Minum_020_frame2.jpg,Minum,BISINDO_Minum_020,train
/content/extracted_images/train/Minum/BISINDO_Minum_020_frame3.jpg,Minum,BISINDO_Minum_020,train
/content/extracted_images/train/Minum/BISINDO_Minum_005_frame1.jpg,Minum,BISINDO_Minum_005,train
/content/extracted_images/train/Minum/BISINDO_Minum_005_frame2.jpg,Minum,BISINDO_Minum_005,train
/content/extracted_images/train/Minum/BISINDO_Minum_005_frame3.jpg,Minum,BISINDO_Minum_005,train
/content/extracted_images/train/Minum/BISINDO_Minum_032_frame1.jpg,Minum,BISINDO_Minum_032,train
/content/extracted_images/train/Minum/BISINDO_Minum_032_frame2.jpg,Minum,BISINDO_Minum_032,train
/content/extracted_images/train/Minum/BISINDO_Minum_032_frame3.jpg,Minum,BISINDO_Minum_032,train
/content/extracted_images/train/Minum/BISINDO_Minum_038_frame1.jpg,Minum,BISINDO_Minum_038,train
/content/extracted_images/train/Minum/BISINDO_Minum_038_frame2.jpg,Minum,BISINDO_Minum_038,train
/content/extracted_images/train/Minum/BISINDO_Minum_038_frame3.jpg,Minum,BISINDO_Minum_038,train
/content/extracted_images/train/Minum/BISINDO_Minum_018_frame1.jpg,Minum,BISINDO_Minum_018,train
/content/extracted_images/train/Minum/BISINDO_Minum_018_frame2.jpg,Minum,BISINDO_Minum_018,train
/content/extracted_images/train/Minum/BISINDO_Minum_018_frame3.jpg,Minum,BISINDO_Minum_018,train
/content/extracted_images/train/Minum/BISINDO_Minum_023_frame1.jpg,Minum,BISINDO_Minum_023,train
/content/extracted_images/train/Minum/BISINDO_Minum_023_frame2.jpg,Minum,BISINDO_Minum_023,train
/content/extracted_images/train/Minum/BISINDO_Minum_023_frame3.jpg,Minum,BISINDO_Minum_023,train
/content/extracted_images/train/Minum/BISINDO_Minum_047_frame1.jpg,Minum,BISINDO_Minum_047,train
/content/extracted_images/train/Minum/BISINDO_Minum_047_frame2.jpg,Minum,BISINDO_Minum_047,train
/content/extracted_images/train/Minum/BISINDO_Minum_047_frame3.jpg,Minum,BISINDO_Minum_047,train
/content/extracted_images/train/Minum/BISINDO_Minum_028_frame1.jpg,Minum,BISINDO_Minum_028,train
/content/extracted_images/train/Minum/BISINDO_Minum_028_frame2.jpg,Minum,BISINDO_Minum_028,train
/content/extracted_images/train/Minum/BISINDO_Minum_028_frame3.jpg,Minum,BISINDO_Minum_028,train
/content/extracted_images/train/Minum/BISINDO_Minum_027_frame1.jpg,Minum,BISINDO_Minum_027,train
/content/extracted_images/train/Minum/BISINDO_Minum_027_frame2.jpg,Minum,BISINDO_Minum_027,train
/content/extracted_images/train/Minum/BISINDO_Minum_027_frame3.jpg,Minum,BISINDO_Minum_027,train
/content/extracted_images/train/Minum/BISINDO_Minum_007_frame1.jpg,Minum,BISINDO_Minum_007,train
/content/extracted_images/train/Minum/BISINDO_Minum_007_frame2.jpg,Minum,BISINDO_Minum_007,train
/content/extracted_images/train/Minum/BISINDO_Minum_007_frame3.jpg,Minum,BISINDO_Minum_007,train
/content/extracted_images/train/Minum/BISINDO_Minum_046_frame1.jpg,Minum,BISINDO_Minum_046,train
/content/extracted_images/train/Minum/BISINDO_Minum_046_frame2.jpg,Minum,BISINDO_Minum_046,train
/content/extracted_images/train/Minum/BISINDO_Minum_046_frame3.jpg,Minum,BISINDO_Minum_046,train
/content/extracted_images/train/Minum/BISINDO_Minum_049_frame1.jpg,Minum,BISINDO_Minum_049,train
/content/extracted_images/train/Minum/BISINDO_Minum_049_frame2.jpg,Minum,BISINDO_Minum_049,train
/content/extracted_images/train/Minum/BISINDO_Minum_049_frame3.jpg,Minum,BISINDO_Minum_049,train
/content/extracted_images/train/Minum/BISINDO_Minum_012_frame1.jpg,Minum,BISINDO_Minum_012,train
/content/extracted_images/train/Minum/BISINDO_Minum_012_frame2.jpg,Minum,BISINDO_Minum_012,train
/content/extracted_images/train/Minum/BISINDO_Minum_012_frame3.jpg,Minum,BISINDO_Minum_012,train
/content/extracted_images/train/Kami/BISINDO_Kami_013_frame1.jpg,Kami,BISINDO_Kami_013,train
/content/extracted_images/train/Kami/BISINDO_Kami_013_frame2.jpg,Kami,BISINDO_Kami_013,train
/content/extracted_images/train/Kami/BISINDO_Kami_013_frame3.jpg,Kami,BISINDO_Kami_013,train
/content/extracted_images/train/Kami/BISINDO_Kami_048_frame1.jpg,Kami,BISINDO_Kami_048,train
/content/extracted_images/train/Kami/BISINDO_Kami_048_frame2.jpg,Kami,BISINDO_Kami_048,train
/content/extracted_images/train/Kami/BISINDO_Kami_048_frame3.jpg,Kami,BISINDO_Kami_048,train
/content/extracted_images/train/Kami/BISINDO_Kami_039_frame1.jpg,Kami,BISINDO_Kami_039,train
/content/extracted_images/train/Kami/BISINDO_Kami_039_frame2.jpg,Kami,BISINDO_Kami_039,train
/content/extracted_images/train/Kami/BISINDO_Kami_039_frame3.jpg,Kami,BISINDO_Kami_039,train
/content/extracted_images/train/Kami/BISINDO_Kami_031_frame1.jpg,Kami,BISINDO_Kami_031,train
/content/extracted_images/train/Kami/BISINDO_Kami_031_frame2.jpg,Kami,BISINDO_Kami_031,train
/content/extracted_images/train/Kami/BISINDO_Kami_031_frame3.jpg,Kami,BISINDO_Kami_031,train
/content/extracted_images/train/Kami/BISINDO_Kami_036_frame1.jpg,Kami,BISINDO_Kami_036,train
/content/extracted_images/train/Kami/BISINDO_Kami_036_frame2.jpg,Kami,BISINDO_Kami_036,train
/content/extracted_images/train/Kami/BISINDO_Kami_036_frame3.jpg,Kami,BISINDO_Kami_036,train
/content/extracted_images/train/Kami/BISINDO_Kami_014_frame1.jpg,Kami,BISINDO_Kami_014,train
/content/extracted_images/train/Kami/BISINDO_Kami_014_frame2.jpg,Kami,BISINDO_Kami_014,train
/content/extracted_images/train/Kami/BISINDO_Kami_014_frame3.jpg,Kami,BISINDO_Kami_014,train
/content/extracted_images/train/Kami/BISINDO_Kami_007_frame1.jpg,Kami,BISINDO_Kami_007,train
/content/extracted_images/train/Kami/BISINDO_Kami_007_frame2.jpg,Kami,BISINDO_Kami_007,train
/content/extracted_images/train/Kami/BISINDO_Kami_007_frame3.jpg,Kami,BISINDO_Kami_007,train
/content/extracted_images/train/Kami/BISINDO_Kami_011_frame1.jpg,Kami,BISINDO_Kami_011,train
/content/extracted_images/train/Kami/BISINDO_Kami_011_frame2.jpg,Kami,BISINDO_Kami_011,train
/content/extracted_images/train/Kami/BISINDO_Kami_011_frame3.jpg,Kami,BISINDO_Kami_011,train
/content/extracted_images/train/Kami/BISINDO_Kami_040_frame1.jpg,Kami,BISINDO_Kami_040,train
/content/extracted_images/train/Kami/BISINDO_Kami_040_frame2.jpg,Kami,BISINDO_Kami_040,train
/content/extracted_images/train/Kami/BISINDO_Kami_040_frame3.jpg,Kami,BISINDO_Kami_040,train
/content/extracted_images/train/Kami/BISINDO_Kami_004_frame1.jpg,Kami,BISINDO_Kami_004,train
/content/extracted_images/train/Kami/BISINDO_Kami_004_frame2.jpg,Kami,BISINDO_Kami_004,train
/content/extracted_images/train/Kami/BISINDO_Kami_004_frame3.jpg,Kami,BISINDO_Kami_004,train
/content/extracted_images/train/Kami/BISINDO_Kami_008_frame1.jpg,Kami,BISINDO_Kami_008,train
/content/extracted_images/train/Kami/BISINDO_Kami_008_frame2.jpg,Kami,BISINDO_Kami_008,train
/content/extracted_images/train/Kami/BISINDO_Kami_008_frame3.jpg,Kami,BISINDO_Kami_008,train
/content/extracted_images/train/Kami/BISINDO_Kami_017_frame1.jpg,Kami,BISINDO_Kami_017,train
/content/extracted_images/train/Kami/BISINDO_Kami_017_frame2.jpg,Kami,BISINDO_Kami_017,train
/content/extracted_images/train/Kami/BISINDO_Kami_017_frame3.jpg,Kami,BISINDO_Kami_017,train
/content/extracted_images/train/Kami/BISINDO_Kami_047_frame1.jpg,Kami,BISINDO_Kami_047,train
/content/extracted_images/train/Kami/BISINDO_Kami_047_frame2.jpg,Kami,BISINDO_Kami_047,train
/content/extracted_images/train/Kami/BISINDO_Kami_047_frame3.jpg,Kami,BISINDO_Kami_047,train
/content/extracted_images/train/Kami/BISINDO_Kami_043_frame1.jpg,Kami,BISINDO_Kami_043,train
/content/extracted_images/train/Kami/BISINDO_Kami_043_frame2.jpg,Kami,BISINDO_Kami_043,train
/content/extracted_images/train/Kami/BISINDO_Kami_043_frame3.jpg,Kami,BISINDO_Kami_043,train
/content/extracted_images/train/Kami/BISINDO_Kami_041_frame1.jpg,Kami,BISINDO_Kami_041,train
/content/extracted_images/train/Kami/BISINDO_Kami_041_frame2.jpg,Kami,BISINDO_Kami_041,train
/content/extracted_images/train/Kami/BISINDO_Kami_041_frame3.jpg,Kami,BISINDO_Kami_041,train
/content/extracted_images/train/Kami/BISINDO_Kami_027_frame1.jpg,Kami,BISINDO_Kami_027,train
/content/extracted_images/train/Kami/BISINDO_Kami_027_frame2.jpg,Kami,BISINDO_Kami_027,train
/content/extracted_images/train/Kami/BISINDO_Kami_027_frame3.jpg,Kami,BISINDO_Kami_027,train
/content/extracted_images/train/Kami/BISINDO_Kami_015_frame1.jpg,Kami,BISINDO_Kami_015,train
/content/extracted_images/train/Kami/BISINDO_Kami_015_frame2.jpg,Kami,BISINDO_Kami_015,train
/content/extracted_images/train/Kami/BISINDO_Kami_015_frame3.jpg,Kami,BISINDO_Kami_015,train
/content/extracted_images/train/Kami/BISINDO_Kami_038_frame1.jpg,Kami,BISINDO_Kami_038,train
/content/extracted_images/train/Kami/BISINDO_Kami_038_frame2.jpg,Kami,BISINDO_Kami_038,train
/content/extracted_images/train/Kami/BISINDO_Kami_038_frame3.jpg,Kami,BISINDO_Kami_038,train
/content/extracted_images/train/Kami/BISINDO_Kami_042_frame1.jpg,Kami,BISINDO_Kami_042,train
/content/extracted_images/train/Kami/BISINDO_Kami_042_frame2.jpg,Kami,BISINDO_Kami_042,train
/content/extracted_images/train/Kami/BISINDO_Kami_042_frame3.jpg,Kami,BISINDO_Kami_042,train
/content/extracted_images/train/Kami/BISINDO_Kami_028_frame1.jpg,Kami,BISINDO_Kami_028,train
/content/extracted_images/train/Kami/BISINDO_Kami_028_frame2.jpg,Kami,BISINDO_Kami_028,train
/content/extracted_images/train/Kami/BISINDO_Kami_028_frame3.jpg,Kami,BISINDO_Kami_028,train
/content/extracted_images/train/Kami/BISINDO_Kami_003_frame1.jpg,Kami,BISINDO_Kami_003,train
/content/extracted_images/train/Kami/BISINDO_Kami_003_frame2.jpg,Kami,BISINDO_Kami_003,train
/content/extracted_images/train/Kami/BISINDO_Kami_003_frame3.jpg,Kami,BISINDO_Kami_003,train
/content/extracted_images/train/Kami/BISINDO_Kami_034_frame1.jpg,Kami,BISINDO_Kami_034,train
/content/extracted_images/train/Kami/BISINDO_Kami_034_frame2.jpg,Kami,BISINDO_Kami_034,train
/content/extracted_images/train/Kami/BISINDO_Kami_034_frame3.jpg,Kami,BISINDO_Kami_034,train
/content/extracted_images/train/Kami/BISINDO_Kami_049_frame1.jpg,Kami,BISINDO_Kami_049,train
/content/extracted_images/train/Kami/BISINDO_Kami_049_frame2.jpg,Kami,BISINDO_Kami_049,train
/content/extracted_images/train/Kami/BISINDO_Kami_049_frame3.jpg,Kami,BISINDO_Kami_049,train
/content/extracted_images/train/Kami/BISINDO_Kami_009_frame1.jpg,Kami,BISINDO_Kami_009,train
/content/extracted_images/train/Kami/BISINDO_Kami_009_frame2.jpg,Kami,BISINDO_Kami_009,train
/content/extracted_images/train/Kami/BISINDO_Kami_009_frame3.jpg,Kami,BISINDO_Kami_009,train
/content/extracted_images/train/Kami/BISINDO_Kami_001_frame1.jpg,Kami,BISINDO_Kami_001,train
/content/extracted_images/train/Kami/BISINDO_Kami_001_frame2.jpg,Kami,BISINDO_Kami_001,train
/content/extracted_images/train/Kami/BISINDO_Kami_001_frame3.jpg,Kami,BISINDO_Kami_001,train
/content/extracted_images/train/Kami/BISINDO_Kami_020_frame1.jpg,Kami,BISINDO_Kami_020,train
/content/extracted_images/train/Kami/BISINDO_Kami_020_frame2.jpg,Kami,BISINDO_Kami_020,train
/content/extracted_images/train/Kami/BISINDO_Kami_020_frame3.jpg,Kami,BISINDO_Kami_020,train
/content/extracted_images/train/Kami/BISINDO_Kami_050_frame1.jpg,Kami,BISINDO_Kami_050,train
/content/extracted_images/train/Kami/BISINDO_Kami_050_frame2.jpg,Kami,BISINDO_Kami_050,train
/content/extracted_images/train/Kami/BISINDO_Kami_050_frame3.jpg,Kami,BISINDO_Kami_050,train
/content/extracted_images/train/Kami/BISINDO_Kami_046_frame1.jpg,Kami,BISINDO_Kami_046,train
/content/extracted_images/train/Kami/BISINDO_Kami_046_frame2.jpg,Kami,BISINDO_Kami_046,train
/content/extracted_images/train/Kami/BISINDO_Kami_046_frame3.jpg,Kami,BISINDO_Kami_046,train
/content/extracted_images/train/Kami/BISINDO_Kami_019_frame1.jpg,Kami,BISINDO_Kami_019,train
/content/extracted_images/train/Kami/BISINDO_Kami_019_frame2.jpg,Kami,BISINDO_Kami_019,train
/content/extracted_images/train/Kami/BISINDO_Kami_019_frame3.jpg,Kami,BISINDO_Kami_019,train
/content/extracted_images/train/Kami/BISINDO_Kami_037_frame1.jpg,Kami,BISINDO_Kami_037,train
/content/extracted_images/train/Kami/BISINDO_Kami_037_frame2.jpg,Kami,BISINDO_Kami_037,train
/content/extracted_images/train/Kami/BISINDO_Kami_037_frame3.jpg,Kami,BISINDO_Kami_037,train
/content/extracted_images/train/Kami/BISINDO_Kami_023_frame1.jpg,Kami,BISINDO_Kami_023,train
/content/extracted_images/train/Kami/BISINDO_Kami_023_frame2.jpg,Kami,BISINDO_Kami_023,train
/content/extracted_images/train/Kami/BISINDO_Kami_023_frame3.jpg,Kami,BISINDO_Kami_023,train
/content/extracted_images/train/Kami/BISINDO_Kami_018_frame1.jpg,Kami,BISINDO_Kami_018,train
/content/extracted_images/train/Kami/BISINDO_Kami_018_frame2.jpg,Kami,BISINDO_Kami_018,train
/content/extracted_images/train/Kami/BISINDO_Kami_018_frame3.jpg,Kami,BISINDO_Kami_018,train
/content/extracted_images/train/Kami/BISINDO_Kami_024_frame1.jpg,Kami,BISINDO_Kami_024,train
/content/extracted_images/train/Kami/BISINDO_Kami_024_frame2.jpg,Kami,BISINDO_Kami_024,train
/content/extracted_images/train/Kami/BISINDO_Kami_024_frame3.jpg,Kami,BISINDO_Kami_024,train
/content/extracted_images/train/Kami/BISINDO_Kami_006_frame1.jpg,Kami,BISINDO_Kami_006,train
/content/extracted_images/train/Kami/BISINDO_Kami_006_frame2.jpg,Kami,BISINDO_Kami_006,train
/content/extracted_images/train/Kami/BISINDO_Kami_006_frame3.jpg,Kami,BISINDO_Kami_006,train
/content/extracted_images/train/Kami/BISINDO_Kami_026_frame1.jpg,Kami,BISINDO_Kami_026,train
/content/extracted_images/train/Kami/BISINDO_Kami_026_frame2.jpg,Kami,BISINDO_Kami_026,train
/content/extracted_images/train/Kami/BISINDO_Kami_026_frame3.jpg,Kami,BISINDO_Kami_026,train
/content/extracted_images/train/Kami/BISINDO_Kami_032_frame1.jpg,Kami,BISINDO_Kami_032,train
/content/extracted_images/train/Kami/BISINDO_Kami_032_frame2.jpg,Kami,BISINDO_Kami_032,train
/content/extracted_images/train/Kami/BISINDO_Kami_032_frame3.jpg,Kami,BISINDO_Kami_032,train
/content/extracted_images/train/Kami/BISINDO_Kami_033_frame1.jpg,Kami,BISINDO_Kami_033,train
/content/extracted_images/train/Kami/BISINDO_Kami_033_frame2.jpg,Kami,BISINDO_Kami_033,train
/content/extracted_images/train/Kami/BISINDO_Kami_033_frame3.jpg,Kami,BISINDO_Kami_033,train
/content/extracted_images/train/Kami/BISINDO_Kami_045_frame1.jpg,Kami,BISINDO_Kami_045,train
/content/extracted_images/train/Kami/BISINDO_Kami_045_frame2.jpg,Kami,BISINDO_Kami_045,train
/content/extracted_images/train/Kami/BISINDO_Kami_045_frame3.jpg,Kami,BISINDO_Kami_045,train
/content/extracted_images/train/Kami/BISINDO_Kami_035_frame1.jpg,Kami,BISINDO_Kami_035,train
/content/extracted_images/train/Kami/BISINDO_Kami_035_frame2.jpg,Kami,BISINDO_Kami_035,train
/content/extracted_images/train/Kami/BISINDO_Kami_035_frame3.jpg,Kami,BISINDO_Kami_035,train
/content/extracted_images/train/Kami/BISINDO_Kami_016_frame1.jpg,Kami,BISINDO_Kami_016,train
/content/extracted_images/train/Kami/BISINDO_Kami_016_frame2.jpg,Kami,BISINDO_Kami_016,train
/content/extracted_images/train/Kami/BISINDO_Kami_016_frame3.jpg,Kami,BISINDO_Kami_016,train
/content/extracted_images/train/Kami/BISINDO_Kami_010_frame1.jpg,Kami,BISINDO_Kami_010,train
/content/extracted_images/train/Kami/BISINDO_Kami_010_frame2.jpg,Kami,BISINDO_Kami_010,train
/content/extracted_images/train/Kami/BISINDO_Kami_010_frame3.jpg,Kami,BISINDO_Kami_010,train
/content/extracted_images/train/Kami/BISINDO_Kami_022_frame1.jpg,Kami,BISINDO_Kami_022,train
/content/extracted_images/train/Kami/BISINDO_Kami_022_frame2.jpg,Kami,BISINDO_Kami_022,train
/content/extracted_images/train/Kami/BISINDO_Kami_022_frame3.jpg,Kami,BISINDO_Kami_022,train
/content/extracted_images/train/Kami/BISINDO_Kami_012_frame1.jpg,Kami,BISINDO_Kami_012,train
/content/extracted_images/train/Kami/BISINDO_Kami_012_frame2.jpg,Kami,BISINDO_Kami_012,train
/content/extracted_images/train/Kami/BISINDO_Kami_012_frame3.jpg,Kami,BISINDO_Kami_012,train
/content/extracted_images/train/Bingung/BISINDO_Bingung_047_frame1.jpg,Bingung,BISINDO_Bingung_047,train
/content/extracted_images/train/Bingung/BISINDO_Bingung_047_frame2.jpg,Bingung,BISINDO_Bingung_047,train
/content/extracted_images/train/Bingung/BISINDO_Bingung_047_frame3.jpg,Bingung,BISINDO_Bingung_047,train
/content/extracted_images/train/Bingung/BISINDO_Bingung_048_frame1.jpg,Bingung,BISINDO_Bingung_048,train
/content/extracted_images/train/Bingung/BISINDO_Bingung_048_frame2.jpg,Bingung,BISINDO_Bingung_048,train
/content/extracted_images/train/Bingung/BISINDO_Bingung_048_frame3.jpg,Bingung,BISINDO_Bingung_048,train
/content/extracted_images/train/Bingung/BISINDO_Bingung_011_frame1.jpg,Bingung,BISINDO_Bingung_011,train
/content/extracted_images/train/Bingung/BISINDO_Bingung_011_frame2.jpg,Bingung,BISINDO_Bingung_011,train
/content/extracted_images/train/Bingung/BISINDO_Bingung_011_frame3.jpg,Bingung,BISINDO_Bingung_011,train
/content/extracted_images/train/Bingung/BISINDO_Bingung_049_frame1.jpg,Bingung,BISINDO_Bingung_049,train
/content/extracted_images/train/Bingung/BISINDO_Bingung_049_frame2.jpg,Bingung,BISINDO_Bingung_049,train
/content/extracted_images/train/Bingung/BISINDO_Bingung_049_frame3.jpg,Bingung,BISINDO_Bingung_049,train
/content/extracted_images/train/Bingung/BISINDO_Bingung_015_frame1.jpg,Bingung,BISINDO_Bingung_015,train
/content/extracted_images/train/Bingung/BISINDO_Bingung_015_frame2.jpg,Bingung,BISINDO_Bingung_015,train
/content/extracted_images/train/Bingung/BISINDO_Bingung_015_frame3.jpg,Bingung,BISINDO_Bingung_015,train
/content/extracted_images/train/Bingung/BISINDO_Bingung_010_frame1.jpg,Bingung,BISINDO_Bingung_010,train
/content/extracted_images/train/Bingung/BISINDO_Bingung_010_frame2.jpg,Bingung,BISINDO_Bingung_010,train
/content/extracted_images/train/Bingung/BISINDO_Bingung_010_frame3.jpg,Bingung,BISINDO_Bingung_010,train
/content/extracted_images/train/Bingung/BISINDO_Bingung_024_frame1.jpg,Bingung,BISINDO_Bingung_024,train
/content/extracted_images/train/Bingung/BISINDO_Bingung_024_frame2.jpg,Bingung,BISINDO_Bingung_024,train
/content/extracted_images/train/Bingung/BISINDO_Bingung_024_frame3.jpg,Bingung,BISINDO_Bingung_024,train
/content/extracted_images/train/Bingung/BISINDO_Bingung_027_frame1.jpg,Bingung,BISINDO_Bingung_027,train
/content/extracted_images/train/Bingung/BISINDO_Bingung_027_frame2.jpg,Bingung,BISINDO_Bingung_027,train
/content/extracted_images/train/Bingung/BISINDO_Bingung_027_frame3.jpg,Bingung,BISINDO_Bingung_027,train
/content/extracted_images/train/Bingung/BISINDO_Bingung_022_frame1.jpg,Bingung,BISINDO_Bingung_022,train
/content/extracted_images/train/Bingung/BISINDO_Bingung_022_frame2.jpg,Bingung,BISINDO_Bingung_022,train
/content/extracted_images/train/Bingung/BISINDO_Bingung_022_frame3.jpg,Bingung,BISINDO_Bingung_022,train
/content/extracted_images/train/Bingung/BISINDO_Bingung_029_frame1.jpg,Bingung,BISINDO_Bingung_029,train
/content/extracted_images/train/Bingung/BISINDO_Bingung_029_frame2.jpg,Bingung,BISINDO_Bingung_029,train
/content/extracted_images/train/Bingung/BISINDO_Bingung_029_frame3.jpg,Bingung,BISINDO_Bingung_029,train
/content/extracted_images/train/Bingung/BISINDO_Bingung_050_frame1.jpg,Bingung,BISINDO_Bingung_050,train
/content/extracted_images/train/Bingung/BISINDO_Bingung_050_frame2.jpg,Bingung,BISINDO_Bingung_050,train
/content/extracted_images/train/Bingung/BISINDO_Bingung_050_frame3.jpg,Bingung,BISINDO_Bingung_050,train
/content/extracted_images/train/Bingung/BISINDO_Bingung_038_frame1.jpg,Bingung,BISINDO_Bingung_038,train
/content/extracted_images/train/Bingung/BISINDO_Bingung_038_frame2.jpg,Bingung,BISINDO_Bingung_038,train
/content/extracted_images/train/Bingung/BISINDO_Bingung_038_frame3.jpg,Bingung,BISINDO_Bingung_038,train
/content/extracted_images/train/Bingung/BISINDO_Bingung_030_frame1.jpg,Bingung,BISINDO_Bingung_030,train
/content/extracted_images/train/Bingung/BISINDO_Bingung_030_frame2.jpg,Bingung,BISINDO_Bingung_030,train
/content/extracted_images/train/Bingung/BISINDO_Bingung_030_frame3.jpg,Bingung,BISINDO_Bingung_030,train
/content/extracted_images/train/Bingung/BISINDO_Bingung_007_frame1.jpg,Bingung,BISINDO_Bingung_007,train
/content/extracted_images/train/Bingung/BISINDO_Bingung_007_frame2.jpg,Bingung,BISINDO_Bingung_007,train
/content/extracted_images/train/Bingung/BISINDO_Bingung_007_frame3.jpg,Bingung,BISINDO_Bingung_007,train
/content/extracted_images/train/Bingung/BISINDO_Bingung_016_frame1.jpg,Bingung,BISINDO_Bingung_016,train
/content/extracted_images/train/Bingung/BISINDO_Bingung_016_frame2.jpg,Bingung,BISINDO_Bingung_016,train
/content/extracted_images/train/Bingung/BISINDO_Bingung_016_frame3.jpg,Bingung,BISINDO_Bingung_016,train
/content/extracted_images/train/Bingung/BISINDO_Bingung_008_frame1.jpg,Bingung,BISINDO_Bingung_008,train
/content/extracted_images/train/Bingung/BISINDO_Bingung_008_frame2.jpg,Bingung,BISINDO_Bingung_008,train
/content/extracted_images/train/Bingung/BISINDO_Bingung_008_frame3.jpg,Bingung,BISINDO_Bingung_008,train
/content/extracted_images/train/Bingung/BISINDO_Bingung_041_frame1.jpg,Bingung,BISINDO_Bingung_041,train
/content/extracted_images/train/Bingung/BISINDO_Bingung_041_frame2.jpg,Bingung,BISINDO_Bingung_041,train
/content/extracted_images/train/Bingung/BISINDO_Bingung_041_frame3.jpg,Bingung,BISINDO_Bingung_041,train
/content/extracted_images/train/Bingung/BISINDO_Bingung_036_frame1.jpg,Bingung,BISINDO_Bingung_036,train
/content/extracted_images/train/Bingung/BISINDO_Bingung_036_frame2.jpg,Bingung,BISINDO_Bingung_036,train
/content/extracted_images/train/Bingung/BISINDO_Bingung_036_frame3.jpg,Bingung,BISINDO_Bingung_036,train
/content/extracted_images/train/Bingung/BISINDO_Bingung_040_frame1.jpg,Bingung,BISINDO_Bingung_040,train
/content/extracted_images/train/Bingung/BISINDO_Bingung_040_frame2.jpg,Bingung,BISINDO_Bingung_040,train
/content/extracted_images/train/Bingung/BISINDO_Bingung_040_frame3.jpg,Bingung,BISINDO_Bingung_040,train
/content/extracted_images/train/Bingung/BISINDO_Bingung_028_frame1.jpg,Bingung,BISINDO_Bingung_028,train
/content/extracted_images/train/Bingung/BISINDO_Bingung_028_frame2.jpg,Bingung,BISINDO_Bingung_028,train
/content/extracted_images/train/Bingung/BISINDO_Bingung_028_frame3.jpg,Bingung,BISINDO_Bingung_028,train
/content/extracted_images/train/Bingung/BISINDO_Bingung_013_frame1.jpg,Bingung,BISINDO_Bingung_013,train
/content/extracted_images/train/Bingung/BISINDO_Bingung_013_frame2.jpg,Bingung,BISINDO_Bingung_013,train
/content/extracted_images/train/Bingung/BISINDO_Bingung_013_frame3.jpg,Bingung,BISINDO_Bingung_013,train
/content/extracted_images/train/Bingung/BISINDO_Bingung_039_frame1.jpg,Bingung,BISINDO_Bingung_039,train
/content/extracted_images/train/Bingung/BISINDO_Bingung_039_frame2.jpg,Bingung,BISINDO_Bingung_039,train
/content/extracted_images/train/Bingung/BISINDO_Bingung_039_frame3.jpg,Bingung,BISINDO_Bingung_039,train
/content/extracted_images/train/Bingung/BISINDO_Bingung_020_frame1.jpg,Bingung,BISINDO_Bingung_020,train
/content/extracted_images/train/Bingung/BISINDO_Bingung_020_frame2.jpg,Bingung,BISINDO_Bingung_020,train
/content/extracted_images/train/Bingung/BISINDO_Bingung_020_frame3.jpg,Bingung,BISINDO_Bingung_020,train
/content/extracted_images/train/Bingung/BISINDO_Bingung_032_frame1.jpg,Bingung,BISINDO_Bingung_032,train
/content/extracted_images/train/Bingung/BISINDO_Bingung_032_frame2.jpg,Bingung,BISINDO_Bingung_032,train
/content/extracted_images/train/Bingung/BISINDO_Bingung_032_frame3.jpg,Bingung,BISINDO_Bingung_032,train
/content/extracted_images/train/Bingung/BISINDO_Bingung_009_frame1.jpg,Bingung,BISINDO_Bingung_009,train
/content/extracted_images/train/Bingung/BISINDO_Bingung_009_frame2.jpg,Bingung,BISINDO_Bingung_009,train
/content/extracted_images/train/Bingung/BISINDO_Bingung_009_frame3.jpg,Bingung,BISINDO_Bingung_009,train
/content/extracted_images/train/Bingung/BISINDO_Bingung_014_frame1.jpg,Bingung,BISINDO_Bingung_014,train
/content/extracted_images/train/Bingung/BISINDO_Bingung_014_frame2.jpg,Bingung,BISINDO_Bingung_014,train
/content/extracted_images/train/Bingung/BISINDO_Bingung_014_frame3.jpg,Bingung,BISINDO_Bingung_014,train
/content/extracted_images/train/Bingung/BISINDO_Bingung_031_frame1.jpg,Bingung,BISINDO_Bingung_031,train
/content/extracted_images/train/Bingung/BISINDO_Bingung_031_frame2.jpg,Bingung,BISINDO_Bingung_031,train
/content/extracted_images/train/Bingung/BISINDO_Bingung_031_frame3.jpg,Bingung,BISINDO_Bingung_031,train
/content/extracted_images/train/Bingung/BISINDO_Bingung_006_frame1.jpg,Bingung,BISINDO_Bingung_006,train
/content/extracted_images/train/Bingung/BISINDO_Bingung_006_frame2.jpg,Bingung,BISINDO_Bingung_006,train
/content/extracted_images/train/Bingung/BISINDO_Bingung_006_frame3.jpg,Bingung,BISINDO_Bingung_006,train
/content/extracted_images/train/Bingung/BISINDO_Bingung_035_frame1.jpg,Bingung,BISINDO_Bingung_035,train
/content/extracted_images/train/Bingung/BISINDO_Bingung_035_frame2.jpg,Bingung,BISINDO_Bingung_035,train
/content/extracted_images/train/Bingung/BISINDO_Bingung_035_frame3.jpg,Bingung,BISINDO_Bingung_035,train
/content/extracted_images/train/Bingung/BISINDO_Bingung_026_frame1.jpg,Bingung,BISINDO_Bingung_026,train
/content/extracted_images/train/Bingung/BISINDO_Bingung_026_frame2.jpg,Bingung,BISINDO_Bingung_026,train
/content/extracted_images/train/Bingung/BISINDO_Bingung_026_frame3.jpg,Bingung,BISINDO_Bingung_026,train
/content/extracted_images/train/Bingung/BISINDO_Bingung_043_frame1.jpg,Bingung,BISINDO_Bingung_043,train
/content/extracted_images/train/Bingung/BISINDO_Bingung_043_frame2.jpg,Bingung,BISINDO_Bingung_043,train
/content/extracted_images/train/Bingung/BISINDO_Bingung_043_frame3.jpg,Bingung,BISINDO_Bingung_043,train
/content/extracted_images/train/Bingung/BISINDO_Bingung_023_frame1.jpg,Bingung,BISINDO_Bingung_023,train
/content/extracted_images/train/Bingung/BISINDO_Bingung_023_frame2.jpg,Bingung,BISINDO_Bingung_023,train
/content/extracted_images/train/Bingung/BISINDO_Bingung_023_frame3.jpg,Bingung,BISINDO_Bingung_023,train
/content/extracted_images/train/Bingung/BISINDO_Bingung_021_frame1.jpg,Bingung,BISINDO_Bingung_021,train
/content/extracted_images/train/Bingung/BISINDO_Bingung_021_frame2.jpg,Bingung,BISINDO_Bingung_021,train
/content/extracted_images/train/Bingung/BISINDO_Bingung_021_frame3.jpg,Bingung,BISINDO_Bingung_021,train
/content/extracted_images/train/Bingung/BISINDO_Bingung_042_frame1.jpg,Bingung,BISINDO_Bingung_042,train
/content/extracted_images/train/Bingung/BISINDO_Bingung_042_frame2.jpg,Bingung,BISINDO_Bingung_042,train
/content/extracted_images/train/Bingung/BISINDO_Bingung_042_frame3.jpg,Bingung,BISINDO_Bingung_042,train
/content/extracted_images/train/Bingung/BISINDO_Bingung_037_frame1.jpg,Bingung,BISINDO_Bingung_037,train
/content/extracted_images/train/Bingung/BISINDO_Bingung_037_frame2.jpg,Bingung,BISINDO_Bingung_037,train
/content/extracted_images/train/Bingung/BISINDO_Bingung_037_frame3.jpg,Bingung,BISINDO_Bingung_037,train
/content/extracted_images/train/Bingung/BISINDO_Bingung_046_frame1.jpg,Bingung,BISINDO_Bingung_046,train
/content/extracted_images/train/Bingung/BISINDO_Bingung_046_frame2.jpg,Bingung,BISINDO_Bingung_046,train
/content/extracted_images/train/Bingung/BISINDO_Bingung_046_frame3.jpg,Bingung,BISINDO_Bingung_046,train
/content/extracted_images/train/Sedih/BISINDO_Sedih_041_frame1.jpg,Sedih,BISINDO_Sedih_041,train
/content/extracted_images/train/Sedih/BISINDO_Sedih_041_frame2.jpg,Sedih,BISINDO_Sedih_041,train
/content/extracted_images/train/Sedih/BISINDO_Sedih_041_frame3.jpg,Sedih,BISINDO_Sedih_041,train
/content/extracted_images/train/Sedih/BISINDO_Sedih_027_frame1.jpg,Sedih,BISINDO_Sedih_027,train
/content/extracted_images/train/Sedih/BISINDO_Sedih_027_frame2.jpg,Sedih,BISINDO_Sedih_027,train
/content/extracted_images/train/Sedih/BISINDO_Sedih_027_frame3.jpg,Sedih,BISINDO_Sedih_027,train
/content/extracted_images/train/Sedih/BISINDO_Sedih_015_frame1.jpg,Sedih,BISINDO_Sedih_015,train
/content/extracted_images/train/Sedih/BISINDO_Sedih_015_frame2.jpg,Sedih,BISINDO_Sedih_015,train
/content/extracted_images/train/Sedih/BISINDO_Sedih_015_frame3.jpg,Sedih,BISINDO_Sedih_015,train
/content/extracted_images/train/Sedih/BISINDO_Sedih_022_frame1.jpg,Sedih,BISINDO_Sedih_022,train
/content/extracted_images/train/Sedih/BISINDO_Sedih_022_frame2.jpg,Sedih,BISINDO_Sedih_022,train
/content/extracted_images/train/Sedih/BISINDO_Sedih_022_frame3.jpg,Sedih,BISINDO_Sedih_022,train
/content/extracted_images/train/Sedih/BISINDO_Sedih_021_frame1.jpg,Sedih,BISINDO_Sedih_021,train
/content/extracted_images/train/Sedih/BISINDO_Sedih_021_frame2.jpg,Sedih,BISINDO_Sedih_021,train
/content/extracted_images/train/Sedih/BISINDO_Sedih_021_frame3.jpg,Sedih,BISINDO_Sedih_021,train
/content/extracted_images/train/Sedih/BISINDO_Sedih_014_frame1.jpg,Sedih,BISINDO_Sedih_014,train
/content/extracted_images/train/Sedih/BISINDO_Sedih_014_frame2.jpg,Sedih,BISINDO_Sedih_014,train
/content/extracted_images/train/Sedih/BISINDO_Sedih_014_frame3.jpg,Sedih,BISINDO_Sedih_014,train
/content/extracted_images/train/Sedih/BISINDO_Sedih_029_frame1.jpg,Sedih,BISINDO_Sedih_029,train
/content/extracted_images/train/Sedih/BISINDO_Sedih_029_frame2.jpg,Sedih,BISINDO_Sedih_029,train
/content/extracted_images/train/Sedih/BISINDO_Sedih_029_frame3.jpg,Sedih,BISINDO_Sedih_029,train
/content/extracted_images/train/Sedih/BISINDO_Sedih_028_frame1.jpg,Sedih,BISINDO_Sedih_028,train
/content/extracted_images/train/Sedih/BISINDO_Sedih_028_frame2.jpg,Sedih,BISINDO_Sedih_028,train
/content/extracted_images/train/Sedih/BISINDO_Sedih_028_frame3.jpg,Sedih,BISINDO_Sedih_028,train
/content/extracted_images/train/Sedih/BISINDO_Sedih_050_frame1.jpg,Sedih,BISINDO_Sedih_050,train
/content/extracted_images/train/Sedih/BISINDO_Sedih_050_frame2.jpg,Sedih,BISINDO_Sedih_050,train
/content/extracted_images/train/Sedih/BISINDO_Sedih_050_frame3.jpg,Sedih,BISINDO_Sedih_050,train
/content/extracted_images/train/Sedih/BISINDO_Sedih_048_frame1.jpg,Sedih,BISINDO_Sedih_048,train
/content/extracted_images/train/Sedih/BISINDO_Sedih_048_frame2.jpg,Sedih,BISINDO_Sedih_048,train
/content/extracted_images/train/Sedih/BISINDO_Sedih_048_frame3.jpg,Sedih,BISINDO_Sedih_048,train
/content/extracted_images/train/Sedih/BISINDO_Sedih_049_frame1.jpg,Sedih,BISINDO_Sedih_049,train
/content/extracted_images/train/Sedih/BISINDO_Sedih_049_frame2.jpg,Sedih,BISINDO_Sedih_049,train
/content/extracted_images/train/Sedih/BISINDO_Sedih_049_frame3.jpg,Sedih,BISINDO_Sedih_049,train
/content/extracted_images/train/Sedih/BISINDO_Sedih_036_frame1.jpg,Sedih,BISINDO_Sedih_036,train
/content/extracted_images/train/Sedih/BISINDO_Sedih_036_frame2.jpg,Sedih,BISINDO_Sedih_036,train
/content/extracted_images/train/Sedih/BISINDO_Sedih_036_frame3.jpg,Sedih,BISINDO_Sedih_036,train
/content/extracted_images/train/Sedih/BISINDO_Sedih_024_frame1.jpg,Sedih,BISINDO_Sedih_024,train
/content/extracted_images/train/Sedih/BISINDO_Sedih_024_frame2.jpg,Sedih,BISINDO_Sedih_024,train
/content/extracted_images/train/Sedih/BISINDO_Sedih_024_frame3.jpg,Sedih,BISINDO_Sedih_024,train
/content/extracted_images/train/Sedih/BISINDO_Sedih_017_frame1.jpg,Sedih,BISINDO_Sedih_017,train
/content/extracted_images/train/Sedih/BISINDO_Sedih_017_frame2.jpg,Sedih,BISINDO_Sedih_017,train
/content/extracted_images/train/Sedih/BISINDO_Sedih_017_frame3.jpg,Sedih,BISINDO_Sedih_017,train
/content/extracted_images/train/Sedih/BISINDO_Sedih_035_frame1.jpg,Sedih,BISINDO_Sedih_035,train
/content/extracted_images/train/Sedih/BISINDO_Sedih_035_frame2.jpg,Sedih,BISINDO_Sedih_035,train
/content/extracted_images/train/Sedih/BISINDO_Sedih_035_frame3.jpg,Sedih,BISINDO_Sedih_035,train
/content/extracted_images/train/Sedih/BISINDO_Sedih_002_frame1.jpg,Sedih,BISINDO_Sedih_002,train
/content/extracted_images/train/Sedih/BISINDO_Sedih_002_frame2.jpg,Sedih,BISINDO_Sedih_002,train
/content/extracted_images/train/Sedih/BISINDO_Sedih_002_frame3.jpg,Sedih,BISINDO_Sedih_002,train
/content/extracted_images/train/Sedih/BISINDO_Sedih_039_frame1.jpg,Sedih,BISINDO_Sedih_039,train
/content/extracted_images/train/Sedih/BISINDO_Sedih_039_frame2.jpg,Sedih,BISINDO_Sedih_039,train
/content/extracted_images/train/Sedih/BISINDO_Sedih_039_frame3.jpg,Sedih,BISINDO_Sedih_039,train
/content/extracted_images/train/Sedih/BISINDO_Sedih_012_frame1.jpg,Sedih,BISINDO_Sedih_012,train
/content/extracted_images/train/Sedih/BISINDO_Sedih_012_frame2.jpg,Sedih,BISINDO_Sedih_012,train
/content/extracted_images/train/Sedih/BISINDO_Sedih_012_frame3.jpg,Sedih,BISINDO_Sedih_012,train
/content/extracted_images/train/Sedih/BISINDO_Sedih_006_frame1.jpg,Sedih,BISINDO_Sedih_006,train
/content/extracted_images/train/Sedih/BISINDO_Sedih_006_frame2.jpg,Sedih,BISINDO_Sedih_006,train
/content/extracted_images/train/Sedih/BISINDO_Sedih_006_frame3.jpg,Sedih,BISINDO_Sedih_006,train
/content/extracted_images/train/Sedih/BISINDO_Sedih_037_frame1.jpg,Sedih,BISINDO_Sedih_037,train
/content/extracted_images/train/Sedih/BISINDO_Sedih_037_frame2.jpg,Sedih,BISINDO_Sedih_037,train
/content/extracted_images/train/Sedih/BISINDO_Sedih_037_frame3.jpg,Sedih,BISINDO_Sedih_037,train
/content/extracted_images/train/Sedih/BISINDO_Sedih_004_frame1.jpg,Sedih,BISINDO_Sedih_004,train
/content/extracted_images/train/Sedih/BISINDO_Sedih_004_frame2.jpg,Sedih,BISINDO_Sedih_004,train
/content/extracted_images/train/Sedih/BISINDO_Sedih_004_frame3.jpg,Sedih,BISINDO_Sedih_004,train
/content/extracted_images/train/Sedih/BISINDO_Sedih_018_frame1.jpg,Sedih,BISINDO_Sedih_018,train
/content/extracted_images/train/Sedih/BISINDO_Sedih_018_frame2.jpg,Sedih,BISINDO_Sedih_018,train
/content/extracted_images/train/Sedih/BISINDO_Sedih_018_frame3.jpg,Sedih,BISINDO_Sedih_018,train
/content/extracted_images/train/Sedih/BISINDO_Sedih_007_frame1.jpg,Sedih,BISINDO_Sedih_007,train
/content/extracted_images/train/Sedih/BISINDO_Sedih_007_frame2.jpg,Sedih,BISINDO_Sedih_007,train
/content/extracted_images/train/Sedih/BISINDO_Sedih_007_frame3.jpg,Sedih,BISINDO_Sedih_007,train
/content/extracted_images/train/Sedih/BISINDO_Sedih_023_frame1.jpg,Sedih,BISINDO_Sedih_023,train
/content/extracted_images/train/Sedih/BISINDO_Sedih_023_frame2.jpg,Sedih,BISINDO_Sedih_023,train
/content/extracted_images/train/Sedih/BISINDO_Sedih_023_frame3.jpg,Sedih,BISINDO_Sedih_023,train
/content/extracted_images/train/Sedih/BISINDO_Sedih_046_frame1.jpg,Sedih,BISINDO_Sedih_046,train
/content/extracted_images/train/Sedih/BISINDO_Sedih_046_frame2.jpg,Sedih,BISINDO_Sedih_046,train
/content/extracted_images/train/Sedih/BISINDO_Sedih_046_frame3.jpg,Sedih,BISINDO_Sedih_046,train
/content/extracted_images/train/Sedih/BISINDO_Sedih_026_frame1.jpg,Sedih,BISINDO_Sedih_026,train
/content/extracted_images/train/Sedih/BISINDO_Sedih_026_frame2.jpg,Sedih,BISINDO_Sedih_026,train
/content/extracted_images/train/Sedih/BISINDO_Sedih_026_frame3.jpg,Sedih,BISINDO_Sedih_026,train
/content/extracted_images/train/Sedih/BISINDO_Sedih_020_frame1.jpg,Sedih,BISINDO_Sedih_020,train
/content/extracted_images/train/Sedih/BISINDO_Sedih_020_frame2.jpg,Sedih,BISINDO_Sedih_020,train
/content/extracted_images/train/Sedih/BISINDO_Sedih_020_frame3.jpg,Sedih,BISINDO_Sedih_020,train
/content/extracted_images/train/Sedih/BISINDO_Sedih_040_frame1.jpg,Sedih,BISINDO_Sedih_040,train
/content/extracted_images/train/Sedih/BISINDO_Sedih_040_frame2.jpg,Sedih,BISINDO_Sedih_040,train
/content/extracted_images/train/Sedih/BISINDO_Sedih_040_frame3.jpg,Sedih,BISINDO_Sedih_040,train
/content/extracted_images/train/Sedih/BISINDO_Sedih_009_frame1.jpg,Sedih,BISINDO_Sedih_009,train
/content/extracted_images/train/Sedih/BISINDO_Sedih_009_frame2.jpg,Sedih,BISINDO_Sedih_009,train
/content/extracted_images/train/Sedih/BISINDO_Sedih_009_frame3.jpg,Sedih,BISINDO_Sedih_009,train
/content/extracted_images/train/Sedih/BISINDO_Sedih_005_frame1.jpg,Sedih,BISINDO_Sedih_005,train
/content/extracted_images/train/Sedih/BISINDO_Sedih_005_frame2.jpg,Sedih,BISINDO_Sedih_005,train
/content/extracted_images/train/Sedih/BISINDO_Sedih_005_frame3.jpg,Sedih,BISINDO_Sedih_005,train
/content/extracted_images/train/Sedih/BISINDO_Sedih_001_frame1.jpg,Sedih,BISINDO_Sedih_001,train
/content/extracted_images/train/Sedih/BISINDO_Sedih_001_frame2.jpg,Sedih,BISINDO_Sedih_001,train
/content/extracted_images/train/Sedih/BISINDO_Sedih_001_frame3.jpg,Sedih,BISINDO_Sedih_001,train
/content/extracted_images/train/Sedih/BISINDO_Sedih_025_frame1.jpg,Sedih,BISINDO_Sedih_025,train
/content/extracted_images/train/Sedih/BISINDO_Sedih_025_frame2.jpg,Sedih,BISINDO_Sedih_025,train
/content/extracted_images/train/Sedih/BISINDO_Sedih_025_frame3.jpg,Sedih,BISINDO_Sedih_025,train
/content/extracted_images/train/Sedih/BISINDO_Sedih_034_frame1.jpg,Sedih,BISINDO_Sedih_034,train
/content/extracted_images/train/Sedih/BISINDO_Sedih_034_frame2.jpg,Sedih,BISINDO_Sedih_034,train
/content/extracted_images/train/Sedih/BISINDO_Sedih_034_frame3.jpg,Sedih,BISINDO_Sedih_034,train
/content/extracted_images/train/Sedih/BISINDO_Sedih_043_frame1.jpg,Sedih,BISINDO_Sedih_043,train
/content/extracted_images/train/Sedih/BISINDO_Sedih_043_frame2.jpg,Sedih,BISINDO_Sedih_043,train
/content/extracted_images/train/Sedih/BISINDO_Sedih_043_frame3.jpg,Sedih,BISINDO_Sedih_043,train
/content/extracted_images/train/Sedih/BISINDO_Sedih_016_frame1.jpg,Sedih,BISINDO_Sedih_016,train
/content/extracted_images/train/Sedih/BISINDO_Sedih_016_frame2.jpg,Sedih,BISINDO_Sedih_016,train
/content/extracted_images/train/Sedih/BISINDO_Sedih_016_frame3.jpg,Sedih,BISINDO_Sedih_016,train
/content/extracted_images/train/Sedih/BISINDO_Sedih_010_frame1.jpg,Sedih,BISINDO_Sedih_010,train
/content/extracted_images/train/Sedih/BISINDO_Sedih_010_frame2.jpg,Sedih,BISINDO_Sedih_010,train
/content/extracted_images/train/Sedih/BISINDO_Sedih_010_frame3.jpg,Sedih,BISINDO_Sedih_010,train
/content/extracted_images/train/Sedih/BISINDO_Sedih_032_frame1.jpg,Sedih,BISINDO_Sedih_032,train
/content/extracted_images/train/Sedih/BISINDO_Sedih_032_frame2.jpg,Sedih,BISINDO_Sedih_032,train
/content/extracted_images/train/Sedih/BISINDO_Sedih_032_frame3.jpg,Sedih,BISINDO_Sedih_032,train
/content/extracted_images/train/Sedih/BISINDO_Sedih_030_frame1.jpg,Sedih,BISINDO_Sedih_030,train
/content/extracted_images/train/Sedih/BISINDO_Sedih_030_frame2.jpg,Sedih,BISINDO_Sedih_030,train
/content/extracted_images/train/Sedih/BISINDO_Sedih_030_frame3.jpg,Sedih,BISINDO_Sedih_030,train
/content/extracted_images/train/Sedih/BISINDO_Sedih_008_frame1.jpg,Sedih,BISINDO_Sedih_008,train
/content/extracted_images/train/Sedih/BISINDO_Sedih_008_frame2.jpg,Sedih,BISINDO_Sedih_008,train
/content/extracted_images/train/Sedih/BISINDO_Sedih_008_frame3.jpg,Sedih,BISINDO_Sedih_008,train
/content/extracted_images/train/Siapa/BISINDO_Siapa_035_frame1.jpg,Siapa,BISINDO_Siapa_035,train
/content/extracted_images/train/Siapa/BISINDO_Siapa_035_frame2.jpg,Siapa,BISINDO_Siapa_035,train
/content/extracted_images/train/Siapa/BISINDO_Siapa_035_frame3.jpg,Siapa,BISINDO_Siapa_035,train
/content/extracted_images/train/Siapa/BISINDO_Siapa_008_frame1.jpg,Siapa,BISINDO_Siapa_008,train
/content/extracted_images/train/Siapa/BISINDO_Siapa_008_frame2.jpg,Siapa,BISINDO_Siapa_008,train
/content/extracted_images/train/Siapa/BISINDO_Siapa_008_frame3.jpg,Siapa,BISINDO_Siapa_008,train
/content/extracted_images/train/Siapa/BISINDO_Siapa_017_frame1.jpg,Siapa,BISINDO_Siapa_017,train
/content/extracted_images/train/Siapa/BISINDO_Siapa_017_frame2.jpg,Siapa,BISINDO_Siapa_017,train
/content/extracted_images/train/Siapa/BISINDO_Siapa_017_frame3.jpg,Siapa,BISINDO_Siapa_017,train
/content/extracted_images/train/Siapa/BISINDO_Siapa_043_frame1.jpg,Siapa,BISINDO_Siapa_043,train
/content/extracted_images/train/Siapa/BISINDO_Siapa_043_frame2.jpg,Siapa,BISINDO_Siapa_043,train
/content/extracted_images/train/Siapa/BISINDO_Siapa_043_frame3.jpg,Siapa,BISINDO_Siapa_043,train
/content/extracted_images/train/Siapa/BISINDO_Siapa_041_frame1.jpg,Siapa,BISINDO_Siapa_041,train
/content/extracted_images/train/Siapa/BISINDO_Siapa_041_frame2.jpg,Siapa,BISINDO_Siapa_041,train
/content/extracted_images/train/Siapa/BISINDO_Siapa_041_frame3.jpg,Siapa,BISINDO_Siapa_041,train
/content/extracted_images/train/Siapa/BISINDO_Siapa_031_frame1.jpg,Siapa,BISINDO_Siapa_031,train
/content/extracted_images/train/Siapa/BISINDO_Siapa_031_frame2.jpg,Siapa,BISINDO_Siapa_031,train
/content/extracted_images/train/Siapa/BISINDO_Siapa_031_frame3.jpg,Siapa,BISINDO_Siapa_031,train
/content/extracted_images/train/Siapa/BISINDO_Siapa_013_frame1.jpg,Siapa,BISINDO_Siapa_013,train
/content/extracted_images/train/Siapa/BISINDO_Siapa_013_frame2.jpg,Siapa,BISINDO_Siapa_013,train
/content/extracted_images/train/Siapa/BISINDO_Siapa_013_frame3.jpg,Siapa,BISINDO_Siapa_013,train
/content/extracted_images/train/Siapa/BISINDO_Siapa_021_frame1.jpg,Siapa,BISINDO_Siapa_021,train
/content/extracted_images/train/Siapa/BISINDO_Siapa_021_frame2.jpg,Siapa,BISINDO_Siapa_021,train
/content/extracted_images/train/Siapa/BISINDO_Siapa_021_frame3.jpg,Siapa,BISINDO_Siapa_021,train
/content/extracted_images/train/Siapa/BISINDO_Siapa_047_frame1.jpg,Siapa,BISINDO_Siapa_047,train
/content/extracted_images/train/Siapa/BISINDO_Siapa_047_frame2.jpg,Siapa,BISINDO_Siapa_047,train
/content/extracted_images/train/Siapa/BISINDO_Siapa_047_frame3.jpg,Siapa,BISINDO_Siapa_047,train
/content/extracted_images/train/Siapa/BISINDO_Siapa_040_frame1.jpg,Siapa,BISINDO_Siapa_040,train
/content/extracted_images/train/Siapa/BISINDO_Siapa_040_frame2.jpg,Siapa,BISINDO_Siapa_040,train
/content/extracted_images/train/Siapa/BISINDO_Siapa_040_frame3.jpg,Siapa,BISINDO_Siapa_040,train
/content/extracted_images/train/Siapa/BISINDO_Siapa_003_frame1.jpg,Siapa,BISINDO_Siapa_003,train
/content/extracted_images/train/Siapa/BISINDO_Siapa_003_frame2.jpg,Siapa,BISINDO_Siapa_003,train
/content/extracted_images/train/Siapa/BISINDO_Siapa_003_frame3.jpg,Siapa,BISINDO_Siapa_003,train
/content/extracted_images/train/Siapa/BISINDO_Siapa_002_frame1.jpg,Siapa,BISINDO_Siapa_002,train
/content/extracted_images/train/Siapa/BISINDO_Siapa_002_frame2.jpg,Siapa,BISINDO_Siapa_002,train
/content/extracted_images/train/Siapa/BISINDO_Siapa_002_frame3.jpg,Siapa,BISINDO_Siapa_002,train
/content/extracted_images/train/Siapa/BISINDO_Siapa_042_frame1.jpg,Siapa,BISINDO_Siapa_042,train
/content/extracted_images/train/Siapa/BISINDO_Siapa_042_frame2.jpg,Siapa,BISINDO_Siapa_042,train
/content/extracted_images/train/Siapa/BISINDO_Siapa_042_frame3.jpg,Siapa,BISINDO_Siapa_042,train
/content/extracted_images/train/Siapa/BISINDO_Siapa_037_frame1.jpg,Siapa,BISINDO_Siapa_037,train
/content/extracted_images/train/Siapa/BISINDO_Siapa_037_frame2.jpg,Siapa,BISINDO_Siapa_037,train
/content/extracted_images/train/Siapa/BISINDO_Siapa_037_frame3.jpg,Siapa,BISINDO_Siapa_037,train
/content/extracted_images/train/Siapa/BISINDO_Siapa_050_frame1.jpg,Siapa,BISINDO_Siapa_050,train
/content/extracted_images/train/Siapa/BISINDO_Siapa_050_frame2.jpg,Siapa,BISINDO_Siapa_050,train
/content/extracted_images/train/Siapa/BISINDO_Siapa_050_frame3.jpg,Siapa,BISINDO_Siapa_050,train
/content/extracted_images/train/Siapa/BISINDO_Siapa_025_frame1.jpg,Siapa,BISINDO_Siapa_025,train
/content/extracted_images/train/Siapa/BISINDO_Siapa_025_frame2.jpg,Siapa,BISINDO_Siapa_025,train
/content/extracted_images/train/Siapa/BISINDO_Siapa_025_frame3.jpg,Siapa,BISINDO_Siapa_025,train
/content/extracted_images/train/Siapa/BISINDO_Siapa_027_frame1.jpg,Siapa,BISINDO_Siapa_027,train
/content/extracted_images/train/Siapa/BISINDO_Siapa_027_frame2.jpg,Siapa,BISINDO_Siapa_027,train
/content/extracted_images/train/Siapa/BISINDO_Siapa_027_frame3.jpg,Siapa,BISINDO_Siapa_027,train
/content/extracted_images/train/Siapa/BISINDO_Siapa_036_frame1.jpg,Siapa,BISINDO_Siapa_036,train
/content/extracted_images/train/Siapa/BISINDO_Siapa_036_frame2.jpg,Siapa,BISINDO_Siapa_036,train
/content/extracted_images/train/Siapa/BISINDO_Siapa_036_frame3.jpg,Siapa,BISINDO_Siapa_036,train
/content/extracted_images/train/Siapa/BISINDO_Siapa_038_frame1.jpg,Siapa,BISINDO_Siapa_038,train
/content/extracted_images/train/Siapa/BISINDO_Siapa_038_frame2.jpg,Siapa,BISINDO_Siapa_038,train
/content/extracted_images/train/Siapa/BISINDO_Siapa_038_frame3.jpg,Siapa,BISINDO_Siapa_038,train
/content/extracted_images/train/Siapa/BISINDO_Siapa_006_frame1.jpg,Siapa,BISINDO_Siapa_006,train
/content/extracted_images/train/Siapa/BISINDO_Siapa_006_frame2.jpg,Siapa,BISINDO_Siapa_006,train
/content/extracted_images/train/Siapa/BISINDO_Siapa_006_frame3.jpg,Siapa,BISINDO_Siapa_006,train
/content/extracted_images/train/Siapa/BISINDO_Siapa_005_frame1.jpg,Siapa,BISINDO_Siapa_005,train
/content/extracted_images/train/Siapa/BISINDO_Siapa_005_frame2.jpg,Siapa,BISINDO_Siapa_005,train
/content/extracted_images/train/Siapa/BISINDO_Siapa_005_frame3.jpg,Siapa,BISINDO_Siapa_005,train
/content/extracted_images/train/Siapa/BISINDO_Siapa_029_frame1.jpg,Siapa,BISINDO_Siapa_029,train
/content/extracted_images/train/Siapa/BISINDO_Siapa_029_frame2.jpg,Siapa,BISINDO_Siapa_029,train
/content/extracted_images/train/Siapa/BISINDO_Siapa_029_frame3.jpg,Siapa,BISINDO_Siapa_029,train
/content/extracted_images/train/Siapa/BISINDO_Siapa_023_frame1.jpg,Siapa,BISINDO_Siapa_023,train
/content/extracted_images/train/Siapa/BISINDO_Siapa_023_frame2.jpg,Siapa,BISINDO_Siapa_023,train
/content/extracted_images/train/Siapa/BISINDO_Siapa_023_frame3.jpg,Siapa,BISINDO_Siapa_023,train
/content/extracted_images/train/Siapa/BISINDO_Siapa_049_frame1.jpg,Siapa,BISINDO_Siapa_049,train
/content/extracted_images/train/Siapa/BISINDO_Siapa_049_frame2.jpg,Siapa,BISINDO_Siapa_049,train
/content/extracted_images/train/Siapa/BISINDO_Siapa_049_frame3.jpg,Siapa,BISINDO_Siapa_049,train
/content/extracted_images/train/Siapa/BISINDO_Siapa_016_frame1.jpg,Siapa,BISINDO_Siapa_016,train
/content/extracted_images/train/Siapa/BISINDO_Siapa_016_frame2.jpg,Siapa,BISINDO_Siapa_016,train
/content/extracted_images/train/Siapa/BISINDO_Siapa_016_frame3.jpg,Siapa,BISINDO_Siapa_016,train
/content/extracted_images/train/Siapa/BISINDO_Siapa_009_frame1.jpg,Siapa,BISINDO_Siapa_009,train
/content/extracted_images/train/Siapa/BISINDO_Siapa_009_frame2.jpg,Siapa,BISINDO_Siapa_009,train
/content/extracted_images/train/Siapa/BISINDO_Siapa_009_frame3.jpg,Siapa,BISINDO_Siapa_009,train
/content/extracted_images/train/Siapa/BISINDO_Siapa_012_frame1.jpg,Siapa,BISINDO_Siapa_012,train
/content/extracted_images/train/Siapa/BISINDO_Siapa_012_frame2.jpg,Siapa,BISINDO_Siapa_012,train
/content/extracted_images/train/Siapa/BISINDO_Siapa_012_frame3.jpg,Siapa,BISINDO_Siapa_012,train
/content/extracted_images/train/Siapa/BISINDO_Siapa_044_frame1.jpg,Siapa,BISINDO_Siapa_044,train
/content/extracted_images/train/Siapa/BISINDO_Siapa_044_frame2.jpg,Siapa,BISINDO_Siapa_044,train
/content/extracted_images/train/Siapa/BISINDO_Siapa_044_frame3.jpg,Siapa,BISINDO_Siapa_044,train
/content/extracted_images/train/Siapa/BISINDO_Siapa_030_frame1.jpg,Siapa,BISINDO_Siapa_030,train
/content/extracted_images/train/Siapa/BISINDO_Siapa_030_frame2.jpg,Siapa,BISINDO_Siapa_030,train
/content/extracted_images/train/Siapa/BISINDO_Siapa_030_frame3.jpg,Siapa,BISINDO_Siapa_030,train
/content/extracted_images/train/Siapa/BISINDO_Siapa_024_frame1.jpg,Siapa,BISINDO_Siapa_024,train
/content/extracted_images/train/Siapa/BISINDO_Siapa_024_frame2.jpg,Siapa,BISINDO_Siapa_024,train
/content/extracted_images/train/Siapa/BISINDO_Siapa_024_frame3.jpg,Siapa,BISINDO_Siapa_024,train
/content/extracted_images/train/Siapa/BISINDO_Siapa_007_frame1.jpg,Siapa,BISINDO_Siapa_007,train
/content/extracted_images/train/Siapa/BISINDO_Siapa_007_frame2.jpg,Siapa,BISINDO_Siapa_007,train
/content/extracted_images/train/Siapa/BISINDO_Siapa_007_frame3.jpg,Siapa,BISINDO_Siapa_007,train
/content/extracted_images/train/Siapa/BISINDO_Siapa_018_frame1.jpg,Siapa,BISINDO_Siapa_018,train
/content/extracted_images/train/Siapa/BISINDO_Siapa_018_frame2.jpg,Siapa,BISINDO_Siapa_018,train
/content/extracted_images/train/Siapa/BISINDO_Siapa_018_frame3.jpg,Siapa,BISINDO_Siapa_018,train
/content/extracted_images/train/Siapa/BISINDO_Siapa_028_frame1.jpg,Siapa,BISINDO_Siapa_028,train
/content/extracted_images/train/Siapa/BISINDO_Siapa_028_frame2.jpg,Siapa,BISINDO_Siapa_028,train
/content/extracted_images/train/Siapa/BISINDO_Siapa_028_frame3.jpg,Siapa,BISINDO_Siapa_028,train
/content/extracted_images/train/Siapa/BISINDO_Siapa_045_frame1.jpg,Siapa,BISINDO_Siapa_045,train
/content/extracted_images/train/Siapa/BISINDO_Siapa_045_frame2.jpg,Siapa,BISINDO_Siapa_045,train
/content/extracted_images/train/Siapa/BISINDO_Siapa_045_frame3.jpg,Siapa,BISINDO_Siapa_045,train
/content/extracted_images/train/Siapa/BISINDO_Siapa_046_frame1.jpg,Siapa,BISINDO_Siapa_046,train
/content/extracted_images/train/Siapa/BISINDO_Siapa_046_frame2.jpg,Siapa,BISINDO_Siapa_046,train
/content/extracted_images/train/Siapa/BISINDO_Siapa_046_frame3.jpg,Siapa,BISINDO_Siapa_046,train
/content/extracted_images/train/Siapa/BISINDO_Siapa_033_frame1.jpg,Siapa,BISINDO_Siapa_033,train
/content/extracted_images/train/Siapa/BISINDO_Siapa_033_frame2.jpg,Siapa,BISINDO_Siapa_033,train
/content/extracted_images/train/Siapa/BISINDO_Siapa_033_frame3.jpg,Siapa,BISINDO_Siapa_033,train
/content/extracted_images/train/Siapa/BISINDO_Siapa_022_frame1.jpg,Siapa,BISINDO_Siapa_022,train
/content/extracted_images/train/Siapa/BISINDO_Siapa_022_frame2.jpg,Siapa,BISINDO_Siapa_022,train
/content/extracted_images/train/Siapa/BISINDO_Siapa_022_frame3.jpg,Siapa,BISINDO_Siapa_022,train
/content/extracted_images/train/Siapa/BISINDO_Siapa_010_frame1.jpg,Siapa,BISINDO_Siapa_010,train
/content/extracted_images/train/Siapa/BISINDO_Siapa_010_frame2.jpg,Siapa,BISINDO_Siapa_010,train
/content/extracted_images/train/Siapa/BISINDO_Siapa_010_frame3.jpg,Siapa,BISINDO_Siapa_010,train
/content/extracted_images/train/Siapa/BISINDO_Siapa_001_frame1.jpg,Siapa,BISINDO_Siapa_001,train
/content/extracted_images/train/Siapa/BISINDO_Siapa_001_frame2.jpg,Siapa,BISINDO_Siapa_001,train
/content/extracted_images/train/Siapa/BISINDO_Siapa_001_frame3.jpg,Siapa,BISINDO_Siapa_001,train
/content/extracted_images/train/Berdiri/BISINDO_Berdiri_018_frame1.jpg,Berdiri,BISINDO_Berdiri_018,train
/content/extracted_images/train/Berdiri/BISINDO_Berdiri_018_frame2.jpg,Berdiri,BISINDO_Berdiri_018,train
/content/extracted_images/train/Berdiri/BISINDO_Berdiri_018_frame3.jpg,Berdiri,BISINDO_Berdiri_018,train
/content/extracted_images/train/Berdiri/BISINDO_Berdiri_034_frame1.jpg,Berdiri,BISINDO_Berdiri_034,train
/content/extracted_images/train/Berdiri/BISINDO_Berdiri_034_frame2.jpg,Berdiri,BISINDO_Berdiri_034,train
/content/extracted_images/train/Berdiri/BISINDO_Berdiri_034_frame3.jpg,Berdiri,BISINDO_Berdiri_034,train
/content/extracted_images/train/Berdiri/BISINDO_Berdiri_013_frame1.jpg,Berdiri,BISINDO_Berdiri_013,train
/content/extracted_images/train/Berdiri/BISINDO_Berdiri_013_frame2.jpg,Berdiri,BISINDO_Berdiri_013,train
/content/extracted_images/train/Berdiri/BISINDO_Berdiri_013_frame3.jpg,Berdiri,BISINDO_Berdiri_013,train
/content/extracted_images/train/Berdiri/BISINDO_Berdiri_014_frame1.jpg,Berdiri,BISINDO_Berdiri_014,train
/content/extracted_images/train/Berdiri/BISINDO_Berdiri_014_frame2.jpg,Berdiri,BISINDO_Berdiri_014,train
/content/extracted_images/train/Berdiri/BISINDO_Berdiri_014_frame3.jpg,Berdiri,BISINDO_Berdiri_014,train
/content/extracted_images/train/Berdiri/BISINDO_Berdiri_027_frame1.jpg,Berdiri,BISINDO_Berdiri_027,train
/content/extracted_images/train/Berdiri/BISINDO_Berdiri_027_frame2.jpg,Berdiri,BISINDO_Berdiri_027,train
/content/extracted_images/train/Berdiri/BISINDO_Berdiri_027_frame3.jpg,Berdiri,BISINDO_Berdiri_027,train
/content/extracted_images/train/Berdiri/BISINDO_Berdiri_044_frame1.jpg,Berdiri,BISINDO_Berdiri_044,train
/content/extracted_images/train/Berdiri/BISINDO_Berdiri_044_frame2.jpg,Berdiri,BISINDO_Berdiri_044,train
/content/extracted_images/train/Berdiri/BISINDO_Berdiri_044_frame3.jpg,Berdiri,BISINDO_Berdiri_044,train
/content/extracted_images/train/Berdiri/BISINDO_Berdiri_016_frame1.jpg,Berdiri,BISINDO_Berdiri_016,train
/content/extracted_images/train/Berdiri/BISINDO_Berdiri_016_frame2.jpg,Berdiri,BISINDO_Berdiri_016,train
/content/extracted_images/train/Berdiri/BISINDO_Berdiri_016_frame3.jpg,Berdiri,BISINDO_Berdiri_016,train
/content/extracted_images/train/Berdiri/BISINDO_Berdiri_037_frame1.jpg,Berdiri,BISINDO_Berdiri_037,train
/content/extracted_images/train/Berdiri/BISINDO_Berdiri_037_frame2.jpg,Berdiri,BISINDO_Berdiri_037,train
/content/extracted_images/train/Berdiri/BISINDO_Berdiri_037_frame3.jpg,Berdiri,BISINDO_Berdiri_037,train
/content/extracted_images/train/Berdiri/BISINDO_Berdiri_009_frame1.jpg,Berdiri,BISINDO_Berdiri_009,train
/content/extracted_images/train/Berdiri/BISINDO_Berdiri_009_frame2.jpg,Berdiri,BISINDO_Berdiri_009,train
/content/extracted_images/train/Berdiri/BISINDO_Berdiri_009_frame3.jpg,Berdiri,BISINDO_Berdiri_009,train
/content/extracted_images/train/Berdiri/BISINDO_Berdiri_039_frame1.jpg,Berdiri,BISINDO_Berdiri_039,train
/content/extracted_images/train/Berdiri/BISINDO_Berdiri_039_frame2.jpg,Berdiri,BISINDO_Berdiri_039,train
/content/extracted_images/train/Berdiri/BISINDO_Berdiri_039_frame3.jpg,Berdiri,BISINDO_Berdiri_039,train
/content/extracted_images/train/Berdiri/BISINDO_Berdiri_024_frame1.jpg,Berdiri,BISINDO_Berdiri_024,train
/content/extracted_images/train/Berdiri/BISINDO_Berdiri_024_frame2.jpg,Berdiri,BISINDO_Berdiri_024,train
/content/extracted_images/train/Berdiri/BISINDO_Berdiri_024_frame3.jpg,Berdiri,BISINDO_Berdiri_024,train
/content/extracted_images/train/Berdiri/BISINDO_Berdiri_021_frame1.jpg,Berdiri,BISINDO_Berdiri_021,train
/content/extracted_images/train/Berdiri/BISINDO_Berdiri_021_frame2.jpg,Berdiri,BISINDO_Berdiri_021,train
/content/extracted_images/train/Berdiri/BISINDO_Berdiri_021_frame3.jpg,Berdiri,BISINDO_Berdiri_021,train
/content/extracted_images/train/Berdiri/BISINDO_Berdiri_026_frame1.jpg,Berdiri,BISINDO_Berdiri_026,train
/content/extracted_images/train/Berdiri/BISINDO_Berdiri_026_frame2.jpg,Berdiri,BISINDO_Berdiri_026,train
/content/extracted_images/train/Berdiri/BISINDO_Berdiri_026_frame3.jpg,Berdiri,BISINDO_Berdiri_026,train
/content/extracted_images/train/Berdiri/BISINDO_Berdiri_005_frame1.jpg,Berdiri,BISINDO_Berdiri_005,train
/content/extracted_images/train/Berdiri/BISINDO_Berdiri_005_frame2.jpg,Berdiri,BISINDO_Berdiri_005,train
/content/extracted_images/train/Berdiri/BISINDO_Berdiri_005_frame3.jpg,Berdiri,BISINDO_Berdiri_005,train
/content/extracted_images/train/Berdiri/BISINDO_Berdiri_020_frame1.jpg,Berdiri,BISINDO_Berdiri_020,train
/content/extracted_images/train/Berdiri/BISINDO_Berdiri_020_frame2.jpg,Berdiri,BISINDO_Berdiri_020,train
/content/extracted_images/train/Berdiri/BISINDO_Berdiri_020_frame3.jpg,Berdiri,BISINDO_Berdiri_020,train
/content/extracted_images/train/Berdiri/BISINDO_Berdiri_033_frame1.jpg,Berdiri,BISINDO_Berdiri_033,train
/content/extracted_images/train/Berdiri/BISINDO_Berdiri_033_frame2.jpg,Berdiri,BISINDO_Berdiri_033,train
/content/extracted_images/train/Berdiri/BISINDO_Berdiri_033_frame3.jpg,Berdiri,BISINDO_Berdiri_033,train
/content/extracted_images/train/Berdiri/BISINDO_Berdiri_050_frame1.jpg,Berdiri,BISINDO_Berdiri_050,train
/content/extracted_images/train/Berdiri/BISINDO_Berdiri_050_frame2.jpg,Berdiri,BISINDO_Berdiri_050,train
/content/extracted_images/train/Berdiri/BISINDO_Berdiri_050_frame3.jpg,Berdiri,BISINDO_Berdiri_050,train
/content/extracted_images/train/Berdiri/BISINDO_Berdiri_049_frame1.jpg,Berdiri,BISINDO_Berdiri_049,train
/content/extracted_images/train/Berdiri/BISINDO_Berdiri_049_frame2.jpg,Berdiri,BISINDO_Berdiri_049,train
/content/extracted_images/train/Berdiri/BISINDO_Berdiri_049_frame3.jpg,Berdiri,BISINDO_Berdiri_049,train
/content/extracted_images/train/Berdiri/BISINDO_Berdiri_047_frame1.jpg,Berdiri,BISINDO_Berdiri_047,train
/content/extracted_images/train/Berdiri/BISINDO_Berdiri_047_frame2.jpg,Berdiri,BISINDO_Berdiri_047,train
/content/extracted_images/train/Berdiri/BISINDO_Berdiri_047_frame3.jpg,Berdiri,BISINDO_Berdiri_047,train
/content/extracted_images/train/Berdiri/BISINDO_Berdiri_035_frame1.jpg,Berdiri,BISINDO_Berdiri_035,train
/content/extracted_images/train/Berdiri/BISINDO_Berdiri_035_frame2.jpg,Berdiri,BISINDO_Berdiri_035,train
/content/extracted_images/train/Berdiri/BISINDO_Berdiri_035_frame3.jpg,Berdiri,BISINDO_Berdiri_035,train
/content/extracted_images/train/Berdiri/BISINDO_Berdiri_042_frame1.jpg,Berdiri,BISINDO_Berdiri_042,train
/content/extracted_images/train/Berdiri/BISINDO_Berdiri_042_frame2.jpg,Berdiri,BISINDO_Berdiri_042,train
/content/extracted_images/train/Berdiri/BISINDO_Berdiri_042_frame3.jpg,Berdiri,BISINDO_Berdiri_042,train
/content/extracted_images/train/Berdiri/BISINDO_Berdiri_012_frame1.jpg,Berdiri,BISINDO_Berdiri_012,train
/content/extracted_images/train/Berdiri/BISINDO_Berdiri_012_frame2.jpg,Berdiri,BISINDO_Berdiri_012,train
/content/extracted_images/train/Berdiri/BISINDO_Berdiri_012_frame3.jpg,Berdiri,BISINDO_Berdiri_012,train
/content/extracted_images/train/Berdiri/BISINDO_Berdiri_011_frame1.jpg,Berdiri,BISINDO_Berdiri_011,train
/content/extracted_images/train/Berdiri/BISINDO_Berdiri_011_frame2.jpg,Berdiri,BISINDO_Berdiri_011,train
/content/extracted_images/train/Berdiri/BISINDO_Berdiri_011_frame3.jpg,Berdiri,BISINDO_Berdiri_011,train
/content/extracted_images/train/Berdiri/BISINDO_Berdiri_036_frame1.jpg,Berdiri,BISINDO_Berdiri_036,train
/content/extracted_images/train/Berdiri/BISINDO_Berdiri_036_frame2.jpg,Berdiri,BISINDO_Berdiri_036,train
/content/extracted_images/train/Berdiri/BISINDO_Berdiri_036_frame3.jpg,Berdiri,BISINDO_Berdiri_036,train
/content/extracted_images/train/Berdiri/BISINDO_Berdiri_019_frame1.jpg,Berdiri,BISINDO_Berdiri_019,train
/content/extracted_images/train/Berdiri/BISINDO_Berdiri_019_frame2.jpg,Berdiri,BISINDO_Berdiri_019,train
/content/extracted_images/train/Berdiri/BISINDO_Berdiri_019_frame3.jpg,Berdiri,BISINDO_Berdiri_019,train
/content/extracted_images/train/Berdiri/BISINDO_Berdiri_010_frame1.jpg,Berdiri,BISINDO_Berdiri_010,train
/content/extracted_images/train/Berdiri/BISINDO_Berdiri_010_frame2.jpg,Berdiri,BISINDO_Berdiri_010,train
/content/extracted_images/train/Berdiri/BISINDO_Berdiri_010_frame3.jpg,Berdiri,BISINDO_Berdiri_010,train
/content/extracted_images/train/Berdiri/BISINDO_Berdiri_041_frame1.jpg,Berdiri,BISINDO_Berdiri_041,train
/content/extracted_images/train/Berdiri/BISINDO_Berdiri_041_frame2.jpg,Berdiri,BISINDO_Berdiri_041,train
/content/extracted_images/train/Berdiri/BISINDO_Berdiri_041_frame3.jpg,Berdiri,BISINDO_Berdiri_041,train
/content/extracted_images/train/Berdiri/BISINDO_Berdiri_015_frame1.jpg,Berdiri,BISINDO_Berdiri_015,train
/content/extracted_images/train/Berdiri/BISINDO_Berdiri_015_frame2.jpg,Berdiri,BISINDO_Berdiri_015,train
/content/extracted_images/train/Berdiri/BISINDO_Berdiri_015_frame3.jpg,Berdiri,BISINDO_Berdiri_015,train
/content/extracted_images/train/Berdiri/BISINDO_Berdiri_038_frame1.jpg,Berdiri,BISINDO_Berdiri_038,train
/content/extracted_images/train/Berdiri/BISINDO_Berdiri_038_frame2.jpg,Berdiri,BISINDO_Berdiri_038,train
/content/extracted_images/train/Berdiri/BISINDO_Berdiri_038_frame3.jpg,Berdiri,BISINDO_Berdiri_038,train
/content/extracted_images/train/Berdiri/BISINDO_Berdiri_046_frame1.jpg,Berdiri,BISINDO_Berdiri_046,train
/content/extracted_images/train/Berdiri/BISINDO_Berdiri_046_frame2.jpg,Berdiri,BISINDO_Berdiri_046,train
/content/extracted_images/train/Berdiri/BISINDO_Berdiri_046_frame3.jpg,Berdiri,BISINDO_Berdiri_046,train
/content/extracted_images/train/Berdiri/BISINDO_Berdiri_002_frame1.jpg,Berdiri,BISINDO_Berdiri_002,train
/content/extracted_images/train/Berdiri/BISINDO_Berdiri_002_frame2.jpg,Berdiri,BISINDO_Berdiri_002,train
/content/extracted_images/train/Berdiri/BISINDO_Berdiri_002_frame3.jpg,Berdiri,BISINDO_Berdiri_002,train
/content/extracted_images/train/Berdiri/BISINDO_Berdiri_048_frame1.jpg,Berdiri,BISINDO_Berdiri_048,train
/content/extracted_images/train/Berdiri/BISINDO_Berdiri_048_frame2.jpg,Berdiri,BISINDO_Berdiri_048,train
/content/extracted_images/train/Berdiri/BISINDO_Berdiri_048_frame3.jpg,Berdiri,BISINDO_Berdiri_048,train
/content/extracted_images/train/Berdiri/BISINDO_Berdiri_040_frame1.jpg,Berdiri,BISINDO_Berdiri_040,train
/content/extracted_images/train/Berdiri/BISINDO_Berdiri_040_frame2.jpg,Berdiri,BISINDO_Berdiri_040,train
/content/extracted_images/train/Berdiri/BISINDO_Berdiri_040_frame3.jpg,Berdiri,BISINDO_Berdiri_040,train
/content/extracted_images/train/Berdiri/BISINDO_Berdiri_031_frame1.jpg,Berdiri,BISINDO_Berdiri_031,train
/content/extracted_images/train/Berdiri/BISINDO_Berdiri_031_frame2.jpg,Berdiri,BISINDO_Berdiri_031,train
/content/extracted_images/train/Berdiri/BISINDO_Berdiri_031_frame3.jpg,Berdiri,BISINDO_Berdiri_031,train
/content/extracted_images/train/Berdiri/BISINDO_Berdiri_029_frame1.jpg,Berdiri,BISINDO_Berdiri_029,train
/content/extracted_images/train/Berdiri/BISINDO_Berdiri_029_frame2.jpg,Berdiri,BISINDO_Berdiri_029,train
/content/extracted_images/train/Berdiri/BISINDO_Berdiri_029_frame3.jpg,Berdiri,BISINDO_Berdiri_029,train
/content/extracted_images/train/Berdiri/BISINDO_Berdiri_003_frame1.jpg,Berdiri,BISINDO_Berdiri_003,train
/content/extracted_images/train/Berdiri/BISINDO_Berdiri_003_frame2.jpg,Berdiri,BISINDO_Berdiri_003,train
/content/extracted_images/train/Berdiri/BISINDO_Berdiri_003_frame3.jpg,Berdiri,BISINDO_Berdiri_003,train
/content/extracted_images/train/Berdiri/BISINDO_Berdiri_030_frame1.jpg,Berdiri,BISINDO_Berdiri_030,train
/content/extracted_images/train/Berdiri/BISINDO_Berdiri_030_frame2.jpg,Berdiri,BISINDO_Berdiri_030,train
/content/extracted_images/train/Berdiri/BISINDO_Berdiri_030_frame3.jpg,Berdiri,BISINDO_Berdiri_030,train
/content/extracted_images/train/Berdiri/BISINDO_Berdiri_022_frame1.jpg,Berdiri,BISINDO_Berdiri_022,train
/content/extracted_images/train/Berdiri/BISINDO_Berdiri_022_frame2.jpg,Berdiri,BISINDO_Berdiri_022,train
/content/extracted_images/train/Berdiri/BISINDO_Berdiri_022_frame3.jpg,Berdiri,BISINDO_Berdiri_022,train
/content/extracted_images/train/Berdiri/BISINDO_Berdiri_028_frame1.jpg,Berdiri,BISINDO_Berdiri_028,train
/content/extracted_images/train/Berdiri/BISINDO_Berdiri_028_frame2.jpg,Berdiri,BISINDO_Berdiri_028,train
/content/extracted_images/train/Berdiri/BISINDO_Berdiri_028_frame3.jpg,Berdiri,BISINDO_Berdiri_028,train
/content/extracted_images/train/Membaca/BISINDO_Membaca_045_frame1.jpg,Membaca,BISINDO_Membaca_045,train
/content/extracted_images/train/Membaca/BISINDO_Membaca_045_frame2.jpg,Membaca,BISINDO_Membaca_045,train
/content/extracted_images/train/Membaca/BISINDO_Membaca_045_frame3.jpg,Membaca,BISINDO_Membaca_045,train
/content/extracted_images/train/Membaca/BISINDO_Membaca_013_frame1.jpg,Membaca,BISINDO_Membaca_013,train
/content/extracted_images/train/Membaca/BISINDO_Membaca_013_frame2.jpg,Membaca,BISINDO_Membaca_013,train
/content/extracted_images/train/Membaca/BISINDO_Membaca_013_frame3.jpg,Membaca,BISINDO_Membaca_013,train
/content/extracted_images/train/Membaca/BISINDO_Membaca_010_frame1.jpg,Membaca,BISINDO_Membaca_010,train
/content/extracted_images/train/Membaca/BISINDO_Membaca_010_frame2.jpg,Membaca,BISINDO_Membaca_010,train
/content/extracted_images/train/Membaca/BISINDO_Membaca_010_frame3.jpg,Membaca,BISINDO_Membaca_010,train
/content/extracted_images/train/Membaca/BISINDO_Membaca_047_frame1.jpg,Membaca,BISINDO_Membaca_047,train
/content/extracted_images/train/Membaca/BISINDO_Membaca_047_frame2.jpg,Membaca,BISINDO_Membaca_047,train
/content/extracted_images/train/Membaca/BISINDO_Membaca_047_frame3.jpg,Membaca,BISINDO_Membaca_047,train
/content/extracted_images/train/Membaca/BISINDO_Membaca_033_frame1.jpg,Membaca,BISINDO_Membaca_033,train
/content/extracted_images/train/Membaca/BISINDO_Membaca_033_frame2.jpg,Membaca,BISINDO_Membaca_033,train
/content/extracted_images/train/Membaca/BISINDO_Membaca_033_frame3.jpg,Membaca,BISINDO_Membaca_033,train
/content/extracted_images/train/Membaca/BISINDO_Membaca_028_frame1.jpg,Membaca,BISINDO_Membaca_028,train
/content/extracted_images/train/Membaca/BISINDO_Membaca_028_frame2.jpg,Membaca,BISINDO_Membaca_028,train
/content/extracted_images/train/Membaca/BISINDO_Membaca_028_frame3.jpg,Membaca,BISINDO_Membaca_028,train
/content/extracted_images/train/Membaca/BISINDO_Membaca_031_frame1.jpg,Membaca,BISINDO_Membaca_031,train
/content/extracted_images/train/Membaca/BISINDO_Membaca_031_frame2.jpg,Membaca,BISINDO_Membaca_031,train
/content/extracted_images/train/Membaca/BISINDO_Membaca_031_frame3.jpg,Membaca,BISINDO_Membaca_031,train
/content/extracted_images/train/Membaca/BISINDO_Membaca_012_frame1.jpg,Membaca,BISINDO_Membaca_012,train
/content/extracted_images/train/Membaca/BISINDO_Membaca_012_frame2.jpg,Membaca,BISINDO_Membaca_012,train
/content/extracted_images/train/Membaca/BISINDO_Membaca_012_frame3.jpg,Membaca,BISINDO_Membaca_012,train
/content/extracted_images/train/Membaca/BISINDO_Membaca_050_frame1.jpg,Membaca,BISINDO_Membaca_050,train
/content/extracted_images/train/Membaca/BISINDO_Membaca_050_frame2.jpg,Membaca,BISINDO_Membaca_050,train
/content/extracted_images/train/Membaca/BISINDO_Membaca_050_frame3.jpg,Membaca,BISINDO_Membaca_050,train
/content/extracted_images/train/Membaca/BISINDO_Membaca_046_frame1.jpg,Membaca,BISINDO_Membaca_046,train
/content/extracted_images/train/Membaca/BISINDO_Membaca_046_frame2.jpg,Membaca,BISINDO_Membaca_046,train
/content/extracted_images/train/Membaca/BISINDO_Membaca_046_frame3.jpg,Membaca,BISINDO_Membaca_046,train
/content/extracted_images/train/Membaca/BISINDO_Membaca_022_frame1.jpg,Membaca,BISINDO_Membaca_022,train
/content/extracted_images/train/Membaca/BISINDO_Membaca_022_frame2.jpg,Membaca,BISINDO_Membaca_022,train
/content/extracted_images/train/Membaca/BISINDO_Membaca_022_frame3.jpg,Membaca,BISINDO_Membaca_022,train
/content/extracted_images/train/Membaca/BISINDO_Membaca_007_frame1.jpg,Membaca,BISINDO_Membaca_007,train
/content/extracted_images/train/Membaca/BISINDO_Membaca_007_frame2.jpg,Membaca,BISINDO_Membaca_007,train
/content/extracted_images/train/Membaca/BISINDO_Membaca_007_frame3.jpg,Membaca,BISINDO_Membaca_007,train
/content/extracted_images/train/Membaca/BISINDO_Membaca_044_frame1.jpg,Membaca,BISINDO_Membaca_044,train
/content/extracted_images/train/Membaca/BISINDO_Membaca_044_frame2.jpg,Membaca,BISINDO_Membaca_044,train
/content/extracted_images/train/Membaca/BISINDO_Membaca_044_frame3.jpg,Membaca,BISINDO_Membaca_044,train
/content/extracted_images/train/Membaca/BISINDO_Membaca_016_frame1.jpg,Membaca,BISINDO_Membaca_016,train
/content/extracted_images/train/Membaca/BISINDO_Membaca_016_frame2.jpg,Membaca,BISINDO_Membaca_016,train
/content/extracted_images/train/Membaca/BISINDO_Membaca_016_frame3.jpg,Membaca,BISINDO_Membaca_016,train
/content/extracted_images/train/Membaca/BISINDO_Membaca_014_frame1.jpg,Membaca,BISINDO_Membaca_014,train
/content/extracted_images/train/Membaca/BISINDO_Membaca_014_frame2.jpg,Membaca,BISINDO_Membaca_014,train
/content/extracted_images/train/Membaca/BISINDO_Membaca_014_frame3.jpg,Membaca,BISINDO_Membaca_014,train
/content/extracted_images/train/Membaca/BISINDO_Membaca_024_frame1.jpg,Membaca,BISINDO_Membaca_024,train
/content/extracted_images/train/Membaca/BISINDO_Membaca_024_frame2.jpg,Membaca,BISINDO_Membaca_024,train
/content/extracted_images/train/Membaca/BISINDO_Membaca_024_frame3.jpg,Membaca,BISINDO_Membaca_024,train
/content/extracted_images/train/Membaca/BISINDO_Membaca_034_frame1.jpg,Membaca,BISINDO_Membaca_034,train
/content/extracted_images/train/Membaca/BISINDO_Membaca_034_frame2.jpg,Membaca,BISINDO_Membaca_034,train
/content/extracted_images/train/Membaca/BISINDO_Membaca_034_frame3.jpg,Membaca,BISINDO_Membaca_034,train
/content/extracted_images/train/Membaca/BISINDO_Membaca_032_frame1.jpg,Membaca,BISINDO_Membaca_032,train
/content/extracted_images/train/Membaca/BISINDO_Membaca_032_frame2.jpg,Membaca,BISINDO_Membaca_032,train
/content/extracted_images/train/Membaca/BISINDO_Membaca_032_frame3.jpg,Membaca,BISINDO_Membaca_032,train
/content/extracted_images/train/Membaca/BISINDO_Membaca_023_frame1.jpg,Membaca,BISINDO_Membaca_023,train
/content/extracted_images/train/Membaca/BISINDO_Membaca_023_frame2.jpg,Membaca,BISINDO_Membaca_023,train
/content/extracted_images/train/Membaca/BISINDO_Membaca_023_frame3.jpg,Membaca,BISINDO_Membaca_023,train
/content/extracted_images/train/Membaca/BISINDO_Membaca_002_frame1.jpg,Membaca,BISINDO_Membaca_002,train
/content/extracted_images/train/Membaca/BISINDO_Membaca_002_frame2.jpg,Membaca,BISINDO_Membaca_002,train
/content/extracted_images/train/Membaca/BISINDO_Membaca_002_frame3.jpg,Membaca,BISINDO_Membaca_002,train
/content/extracted_images/train/Membaca/BISINDO_Membaca_041_frame1.jpg,Membaca,BISINDO_Membaca_041,train
/content/extracted_images/train/Membaca/BISINDO_Membaca_041_frame2.jpg,Membaca,BISINDO_Membaca_041,train
/content/extracted_images/train/Membaca/BISINDO_Membaca_041_frame3.jpg,Membaca,BISINDO_Membaca_041,train
/content/extracted_images/train/Membaca/BISINDO_Membaca_026_frame1.jpg,Membaca,BISINDO_Membaca_026,train
/content/extracted_images/train/Membaca/BISINDO_Membaca_026_frame2.jpg,Membaca,BISINDO_Membaca_026,train
/content/extracted_images/train/Membaca/BISINDO_Membaca_026_frame3.jpg,Membaca,BISINDO_Membaca_026,train
/content/extracted_images/train/Membaca/BISINDO_Membaca_025_frame1.jpg,Membaca,BISINDO_Membaca_025,train
/content/extracted_images/train/Membaca/BISINDO_Membaca_025_frame2.jpg,Membaca,BISINDO_Membaca_025,train
/content/extracted_images/train/Membaca/BISINDO_Membaca_025_frame3.jpg,Membaca,BISINDO_Membaca_025,train
/content/extracted_images/train/Membaca/BISINDO_Membaca_036_frame1.jpg,Membaca,BISINDO_Membaca_036,train
/content/extracted_images/train/Membaca/BISINDO_Membaca_036_frame2.jpg,Membaca,BISINDO_Membaca_036,train
/content/extracted_images/train/Membaca/BISINDO_Membaca_036_frame3.jpg,Membaca,BISINDO_Membaca_036,train
/content/extracted_images/train/Membaca/BISINDO_Membaca_039_frame1.jpg,Membaca,BISINDO_Membaca_039,train
/content/extracted_images/train/Membaca/BISINDO_Membaca_039_frame2.jpg,Membaca,BISINDO_Membaca_039,train
/content/extracted_images/train/Membaca/BISINDO_Membaca_039_frame3.jpg,Membaca,BISINDO_Membaca_039,train
/content/extracted_images/train/Membaca/BISINDO_Membaca_015_frame1.jpg,Membaca,BISINDO_Membaca_015,train
/content/extracted_images/train/Membaca/BISINDO_Membaca_015_frame2.jpg,Membaca,BISINDO_Membaca_015,train
/content/extracted_images/train/Membaca/BISINDO_Membaca_015_frame3.jpg,Membaca,BISINDO_Membaca_015,train
/content/extracted_images/train/Membaca/BISINDO_Membaca_027_frame1.jpg,Membaca,BISINDO_Membaca_027,train
/content/extracted_images/train/Membaca/BISINDO_Membaca_027_frame2.jpg,Membaca,BISINDO_Membaca_027,train
/content/extracted_images/train/Membaca/BISINDO_Membaca_027_frame3.jpg,Membaca,BISINDO_Membaca_027,train
/content/extracted_images/train/Membaca/BISINDO_Membaca_043_frame1.jpg,Membaca,BISINDO_Membaca_043,train
/content/extracted_images/train/Membaca/BISINDO_Membaca_043_frame2.jpg,Membaca,BISINDO_Membaca_043,train
/content/extracted_images/train/Membaca/BISINDO_Membaca_043_frame3.jpg,Membaca,BISINDO_Membaca_043,train
/content/extracted_images/train/Membaca/BISINDO_Membaca_030_frame1.jpg,Membaca,BISINDO_Membaca_030,train
/content/extracted_images/train/Membaca/BISINDO_Membaca_030_frame2.jpg,Membaca,BISINDO_Membaca_030,train
/content/extracted_images/train/Membaca/BISINDO_Membaca_030_frame3.jpg,Membaca,BISINDO_Membaca_030,train
/content/extracted_images/train/Membaca/BISINDO_Membaca_048_frame1.jpg,Membaca,BISINDO_Membaca_048,train
/content/extracted_images/train/Membaca/BISINDO_Membaca_048_frame2.jpg,Membaca,BISINDO_Membaca_048,train
/content/extracted_images/train/Membaca/BISINDO_Membaca_048_frame3.jpg,Membaca,BISINDO_Membaca_048,train
/content/extracted_images/train/Membaca/BISINDO_Membaca_042_frame1.jpg,Membaca,BISINDO_Membaca_042,train
/content/extracted_images/train/Membaca/BISINDO_Membaca_042_frame2.jpg,Membaca,BISINDO_Membaca_042,train
/content/extracted_images/train/Membaca/BISINDO_Membaca_042_frame3.jpg,Membaca,BISINDO_Membaca_042,train
/content/extracted_images/train/Membaca/BISINDO_Membaca_005_frame1.jpg,Membaca,BISINDO_Membaca_005,train
/content/extracted_images/train/Membaca/BISINDO_Membaca_005_frame2.jpg,Membaca,BISINDO_Membaca_005,train
/content/extracted_images/train/Membaca/BISINDO_Membaca_005_frame3.jpg,Membaca,BISINDO_Membaca_005,train
/content/extracted_images/train/Membaca/BISINDO_Membaca_029_frame1.jpg,Membaca,BISINDO_Membaca_029,train
/content/extracted_images/train/Membaca/BISINDO_Membaca_029_frame2.jpg,Membaca,BISINDO_Membaca_029,train
/content/extracted_images/train/Membaca/BISINDO_Membaca_029_frame3.jpg,Membaca,BISINDO_Membaca_029,train
/content/extracted_images/train/Membaca/BISINDO_Membaca_018_frame1.jpg,Membaca,BISINDO_Membaca_018,train
/content/extracted_images/train/Membaca/BISINDO_Membaca_018_frame2.jpg,Membaca,BISINDO_Membaca_018,train
/content/extracted_images/train/Membaca/BISINDO_Membaca_018_frame3.jpg,Membaca,BISINDO_Membaca_018,train
/content/extracted_images/train/Membaca/BISINDO_Membaca_011_frame1.jpg,Membaca,BISINDO_Membaca_011,train
/content/extracted_images/train/Membaca/BISINDO_Membaca_011_frame2.jpg,Membaca,BISINDO_Membaca_011,train
/content/extracted_images/train/Membaca/BISINDO_Membaca_011_frame3.jpg,Membaca,BISINDO_Membaca_011,train
/content/extracted_images/train/Membaca/BISINDO_Membaca_040_frame1.jpg,Membaca,BISINDO_Membaca_040,train
/content/extracted_images/train/Membaca/BISINDO_Membaca_040_frame2.jpg,Membaca,BISINDO_Membaca_040,train
/content/extracted_images/train/Membaca/BISINDO_Membaca_040_frame3.jpg,Membaca,BISINDO_Membaca_040,train
/content/extracted_images/train/Membaca/BISINDO_Membaca_009_frame1.jpg,Membaca,BISINDO_Membaca_009,train
/content/extracted_images/train/Membaca/BISINDO_Membaca_009_frame2.jpg,Membaca,BISINDO_Membaca_009,train
/content/extracted_images/train/Membaca/BISINDO_Membaca_009_frame3.jpg,Membaca,BISINDO_Membaca_009,train
/content/extracted_images/train/Membaca/BISINDO_Membaca_049_frame1.jpg,Membaca,BISINDO_Membaca_049,train
/content/extracted_images/train/Membaca/BISINDO_Membaca_049_frame2.jpg,Membaca,BISINDO_Membaca_049,train
/content/extracted_images/train/Membaca/BISINDO_Membaca_049_frame3.jpg,Membaca,BISINDO_Membaca_049,train
/content/extracted_images/train/Membaca/BISINDO_Membaca_003_frame1.jpg,Membaca,BISINDO_Membaca_003,train
/content/extracted_images/train/Membaca/BISINDO_Membaca_003_frame2.jpg,Membaca,BISINDO_Membaca_003,train
/content/extracted_images/train/Membaca/BISINDO_Membaca_003_frame3.jpg,Membaca,BISINDO_Membaca_003,train
/content/extracted_images/train/Membaca/BISINDO_Membaca_037_frame1.jpg,Membaca,BISINDO_Membaca_037,train
/content/extracted_images/train/Membaca/BISINDO_Membaca_037_frame2.jpg,Membaca,BISINDO_Membaca_037,train
/content/extracted_images/train/Membaca/BISINDO_Membaca_037_frame3.jpg,Membaca,BISINDO_Membaca_037,train
/content/extracted_images/train/Membaca/BISINDO_Membaca_020_frame1.jpg,Membaca,BISINDO_Membaca_020,train
/content/extracted_images/train/Membaca/BISINDO_Membaca_020_frame2.jpg,Membaca,BISINDO_Membaca_020,train
/content/extracted_images/train/Membaca/BISINDO_Membaca_020_frame3.jpg,Membaca,BISINDO_Membaca_020,train
/content/extracted_images/train/Baik/BISINDO_Baik_018_frame1.jpg,Baik,BISINDO_Baik_018,train
/content/extracted_images/train/Baik/BISINDO_Baik_018_frame2.jpg,Baik,BISINDO_Baik_018,train
/content/extracted_images/train/Baik/BISINDO_Baik_018_frame3.jpg,Baik,BISINDO_Baik_018,train
/content/extracted_images/train/Baik/BISINDO_Baik_009_frame1.jpg,Baik,BISINDO_Baik_009,train
/content/extracted_images/train/Baik/BISINDO_Baik_009_frame2.jpg,Baik,BISINDO_Baik_009,train
/content/extracted_images/train/Baik/BISINDO_Baik_009_frame3.jpg,Baik,BISINDO_Baik_009,train
/content/extracted_images/train/Baik/BISINDO_Baik_041_frame1.jpg,Baik,BISINDO_Baik_041,train
/content/extracted_images/train/Baik/BISINDO_Baik_041_frame2.jpg,Baik,BISINDO_Baik_041,train
/content/extracted_images/train/Baik/BISINDO_Baik_041_frame3.jpg,Baik,BISINDO_Baik_041,train
/content/extracted_images/train/Baik/BISINDO_Baik_037_frame1.jpg,Baik,BISINDO_Baik_037,train
/content/extracted_images/train/Baik/BISINDO_Baik_037_frame2.jpg,Baik,BISINDO_Baik_037,train
/content/extracted_images/train/Baik/BISINDO_Baik_037_frame3.jpg,Baik,BISINDO_Baik_037,train
/content/extracted_images/train/Baik/BISINDO_Baik_027_frame1.jpg,Baik,BISINDO_Baik_027,train
/content/extracted_images/train/Baik/BISINDO_Baik_027_frame2.jpg,Baik,BISINDO_Baik_027,train
/content/extracted_images/train/Baik/BISINDO_Baik_027_frame3.jpg,Baik,BISINDO_Baik_027,train
/content/extracted_images/train/Baik/BISINDO_Baik_048_frame1.jpg,Baik,BISINDO_Baik_048,train
/content/extracted_images/train/Baik/BISINDO_Baik_048_frame2.jpg,Baik,BISINDO_Baik_048,train
/content/extracted_images/train/Baik/BISINDO_Baik_048_frame3.jpg,Baik,BISINDO_Baik_048,train
/content/extracted_images/train/Baik/BISINDO_Baik_012_frame1.jpg,Baik,BISINDO_Baik_012,train
/content/extracted_images/train/Baik/BISINDO_Baik_012_frame2.jpg,Baik,BISINDO_Baik_012,train
/content/extracted_images/train/Baik/BISINDO_Baik_012_frame3.jpg,Baik,BISINDO_Baik_012,train
/content/extracted_images/train/Baik/BISINDO_Baik_029_frame1.jpg,Baik,BISINDO_Baik_029,train
/content/extracted_images/train/Baik/BISINDO_Baik_029_frame2.jpg,Baik,BISINDO_Baik_029,train
/content/extracted_images/train/Baik/BISINDO_Baik_029_frame3.jpg,Baik,BISINDO_Baik_029,train
/content/extracted_images/train/Baik/BISINDO_Baik_028_frame1.jpg,Baik,BISINDO_Baik_028,train
/content/extracted_images/train/Baik/BISINDO_Baik_028_frame2.jpg,Baik,BISINDO_Baik_028,train
/content/extracted_images/train/Baik/BISINDO_Baik_028_frame3.jpg,Baik,BISINDO_Baik_028,train
/content/extracted_images/train/Baik/BISINDO_Baik_022_frame1.jpg,Baik,BISINDO_Baik_022,train
/content/extracted_images/train/Baik/BISINDO_Baik_022_frame2.jpg,Baik,BISINDO_Baik_022,train
/content/extracted_images/train/Baik/BISINDO_Baik_022_frame3.jpg,Baik,BISINDO_Baik_022,train
/content/extracted_images/train/Baik/BISINDO_Baik_042_frame1.jpg,Baik,BISINDO_Baik_042,train
/content/extracted_images/train/Baik/BISINDO_Baik_042_frame2.jpg,Baik,BISINDO_Baik_042,train
/content/extracted_images/train/Baik/BISINDO_Baik_042_frame3.jpg,Baik,BISINDO_Baik_042,train
/content/extracted_images/train/Baik/BISINDO_Baik_001_frame1.jpg,Baik,BISINDO_Baik_001,train
/content/extracted_images/train/Baik/BISINDO_Baik_001_frame2.jpg,Baik,BISINDO_Baik_001,train
/content/extracted_images/train/Baik/BISINDO_Baik_001_frame3.jpg,Baik,BISINDO_Baik_001,train
/content/extracted_images/train/Baik/BISINDO_Baik_038_frame1.jpg,Baik,BISINDO_Baik_038,train
/content/extracted_images/train/Baik/BISINDO_Baik_038_frame2.jpg,Baik,BISINDO_Baik_038,train
/content/extracted_images/train/Baik/BISINDO_Baik_038_frame3.jpg,Baik,BISINDO_Baik_038,train
/content/extracted_images/train/Baik/BISINDO_Baik_034_frame1.jpg,Baik,BISINDO_Baik_034,train
/content/extracted_images/train/Baik/BISINDO_Baik_034_frame2.jpg,Baik,BISINDO_Baik_034,train
/content/extracted_images/train/Baik/BISINDO_Baik_034_frame3.jpg,Baik,BISINDO_Baik_034,train
/content/extracted_images/train/Baik/BISINDO_Baik_006_frame1.jpg,Baik,BISINDO_Baik_006,train
/content/extracted_images/train/Baik/BISINDO_Baik_006_frame2.jpg,Baik,BISINDO_Baik_006,train
/content/extracted_images/train/Baik/BISINDO_Baik_006_frame3.jpg,Baik,BISINDO_Baik_006,train
/content/extracted_images/train/Baik/BISINDO_Baik_020_frame1.jpg,Baik,BISINDO_Baik_020,train
/content/extracted_images/train/Baik/BISINDO_Baik_020_frame2.jpg,Baik,BISINDO_Baik_020,train
/content/extracted_images/train/Baik/BISINDO_Baik_020_frame3.jpg,Baik,BISINDO_Baik_020,train
/content/extracted_images/train/Baik/BISINDO_Baik_016_frame1.jpg,Baik,BISINDO_Baik_016,train
/content/extracted_images/train/Baik/BISINDO_Baik_016_frame2.jpg,Baik,BISINDO_Baik_016,train
/content/extracted_images/train/Baik/BISINDO_Baik_016_frame3.jpg,Baik,BISINDO_Baik_016,train
/content/extracted_images/train/Baik/BISINDO_Baik_043_frame1.jpg,Baik,BISINDO_Baik_043,train
/content/extracted_images/train/Baik/BISINDO_Baik_043_frame2.jpg,Baik,BISINDO_Baik_043,train
/content/extracted_images/train/Baik/BISINDO_Baik_043_frame3.jpg,Baik,BISINDO_Baik_043,train
/content/extracted_images/train/Baik/BISINDO_Baik_035_frame1.jpg,Baik,BISINDO_Baik_035,train
/content/extracted_images/train/Baik/BISINDO_Baik_035_frame2.jpg,Baik,BISINDO_Baik_035,train
/content/extracted_images/train/Baik/BISINDO_Baik_035_frame3.jpg,Baik,BISINDO_Baik_035,train
/content/extracted_images/train/Baik/BISINDO_Baik_011_frame1.jpg,Baik,BISINDO_Baik_011,train
/content/extracted_images/train/Baik/BISINDO_Baik_011_frame2.jpg,Baik,BISINDO_Baik_011,train
/content/extracted_images/train/Baik/BISINDO_Baik_011_frame3.jpg,Baik,BISINDO_Baik_011,train
/content/extracted_images/train/Baik/BISINDO_Baik_004_frame1.jpg,Baik,BISINDO_Baik_004,train
/content/extracted_images/train/Baik/BISINDO_Baik_004_frame2.jpg,Baik,BISINDO_Baik_004,train
/content/extracted_images/train/Baik/BISINDO_Baik_004_frame3.jpg,Baik,BISINDO_Baik_004,train
/content/extracted_images/train/Baik/BISINDO_Baik_044_frame1.jpg,Baik,BISINDO_Baik_044,train
/content/extracted_images/train/Baik/BISINDO_Baik_044_frame2.jpg,Baik,BISINDO_Baik_044,train
/content/extracted_images/train/Baik/BISINDO_Baik_044_frame3.jpg,Baik,BISINDO_Baik_044,train
/content/extracted_images/train/Baik/BISINDO_Baik_032_frame1.jpg,Baik,BISINDO_Baik_032,train
/content/extracted_images/train/Baik/BISINDO_Baik_032_frame2.jpg,Baik,BISINDO_Baik_032,train
/content/extracted_images/train/Baik/BISINDO_Baik_032_frame3.jpg,Baik,BISINDO_Baik_032,train
/content/extracted_images/train/Baik/BISINDO_Baik_050_frame1.jpg,Baik,BISINDO_Baik_050,train
/content/extracted_images/train/Baik/BISINDO_Baik_050_frame2.jpg,Baik,BISINDO_Baik_050,train
/content/extracted_images/train/Baik/BISINDO_Baik_050_frame3.jpg,Baik,BISINDO_Baik_050,train
/content/extracted_images/train/Baik/BISINDO_Baik_002_frame1.jpg,Baik,BISINDO_Baik_002,train
/content/extracted_images/train/Baik/BISINDO_Baik_002_frame2.jpg,Baik,BISINDO_Baik_002,train
/content/extracted_images/train/Baik/BISINDO_Baik_002_frame3.jpg,Baik,BISINDO_Baik_002,train
/content/extracted_images/train/Baik/BISINDO_Baik_033_frame1.jpg,Baik,BISINDO_Baik_033,train
/content/extracted_images/train/Baik/BISINDO_Baik_033_frame2.jpg,Baik,BISINDO_Baik_033,train
/content/extracted_images/train/Baik/BISINDO_Baik_033_frame3.jpg,Baik,BISINDO_Baik_033,train
/content/extracted_images/train/Baik/BISINDO_Baik_040_frame1.jpg,Baik,BISINDO_Baik_040,train
/content/extracted_images/train/Baik/BISINDO_Baik_040_frame2.jpg,Baik,BISINDO_Baik_040,train
/content/extracted_images/train/Baik/BISINDO_Baik_040_frame3.jpg,Baik,BISINDO_Baik_040,train
/content/extracted_images/train/Baik/BISINDO_Baik_008_frame1.jpg,Baik,BISINDO_Baik_008,train
/content/extracted_images/train/Baik/BISINDO_Baik_008_frame2.jpg,Baik,BISINDO_Baik_008,train
/content/extracted_images/train/Baik/BISINDO_Baik_008_frame3.jpg,Baik,BISINDO_Baik_008,train
/content/extracted_images/train/Baik/BISINDO_Baik_005_frame1.jpg,Baik,BISINDO_Baik_005,train
/content/extracted_images/train/Baik/BISINDO_Baik_005_frame2.jpg,Baik,BISINDO_Baik_005,train
/content/extracted_images/train/Baik/BISINDO_Baik_005_frame3.jpg,Baik,BISINDO_Baik_005,train
/content/extracted_images/train/Baik/BISINDO_Baik_046_frame1.jpg,Baik,BISINDO_Baik_046,train
/content/extracted_images/train/Baik/BISINDO_Baik_046_frame2.jpg,Baik,BISINDO_Baik_046,train
/content/extracted_images/train/Baik/BISINDO_Baik_046_frame3.jpg,Baik,BISINDO_Baik_046,train
/content/extracted_images/train/Baik/BISINDO_Baik_010_frame1.jpg,Baik,BISINDO_Baik_010,train
/content/extracted_images/train/Baik/BISINDO_Baik_010_frame2.jpg,Baik,BISINDO_Baik_010,train
/content/extracted_images/train/Baik/BISINDO_Baik_010_frame3.jpg,Baik,BISINDO_Baik_010,train
/content/extracted_images/train/Baik/BISINDO_Baik_049_frame1.jpg,Baik,BISINDO_Baik_049,train
/content/extracted_images/train/Baik/BISINDO_Baik_049_frame2.jpg,Baik,BISINDO_Baik_049,train
/content/extracted_images/train/Baik/BISINDO_Baik_049_frame3.jpg,Baik,BISINDO_Baik_049,train
/content/extracted_images/train/Baik/BISINDO_Baik_007_frame1.jpg,Baik,BISINDO_Baik_007,train
/content/extracted_images/train/Baik/BISINDO_Baik_007_frame2.jpg,Baik,BISINDO_Baik_007,train
/content/extracted_images/train/Baik/BISINDO_Baik_007_frame3.jpg,Baik,BISINDO_Baik_007,train
/content/extracted_images/train/Baik/BISINDO_Baik_015_frame1.jpg,Baik,BISINDO_Baik_015,train
/content/extracted_images/train/Baik/BISINDO_Baik_015_frame2.jpg,Baik,BISINDO_Baik_015,train
/content/extracted_images/train/Baik/BISINDO_Baik_015_frame3.jpg,Baik,BISINDO_Baik_015,train
/content/extracted_images/train/Baik/BISINDO_Baik_031_frame1.jpg,Baik,BISINDO_Baik_031,train
/content/extracted_images/train/Baik/BISINDO_Baik_031_frame2.jpg,Baik,BISINDO_Baik_031,train
/content/extracted_images/train/Baik/BISINDO_Baik_031_frame3.jpg,Baik,BISINDO_Baik_031,train
/content/extracted_images/train/Baik/BISINDO_Baik_025_frame1.jpg,Baik,BISINDO_Baik_025,train
/content/extracted_images/train/Baik/BISINDO_Baik_025_frame2.jpg,Baik,BISINDO_Baik_025,train
/content/extracted_images/train/Baik/BISINDO_Baik_025_frame3.jpg,Baik,BISINDO_Baik_025,train
/content/extracted_images/train/Baik/BISINDO_Baik_003_frame1.jpg,Baik,BISINDO_Baik_003,train
/content/extracted_images/train/Baik/BISINDO_Baik_003_frame2.jpg,Baik,BISINDO_Baik_003,train
/content/extracted_images/train/Baik/BISINDO_Baik_003_frame3.jpg,Baik,BISINDO_Baik_003,train
/content/extracted_images/train/Baik/BISINDO_Baik_017_frame1.jpg,Baik,BISINDO_Baik_017,train
/content/extracted_images/train/Baik/BISINDO_Baik_017_frame2.jpg,Baik,BISINDO_Baik_017,train
/content/extracted_images/train/Baik/BISINDO_Baik_017_frame3.jpg,Baik,BISINDO_Baik_017,train
/content/extracted_images/train/Baik/BISINDO_Baik_030_frame1.jpg,Baik,BISINDO_Baik_030,train
/content/extracted_images/train/Baik/BISINDO_Baik_030_frame2.jpg,Baik,BISINDO_Baik_030,train
/content/extracted_images/train/Baik/BISINDO_Baik_030_frame3.jpg,Baik,BISINDO_Baik_030,train
/content/extracted_images/train/Baik/BISINDO_Baik_021_frame1.jpg,Baik,BISINDO_Baik_021,train
/content/extracted_images/train/Baik/BISINDO_Baik_021_frame2.jpg,Baik,BISINDO_Baik_021,train
/content/extracted_images/train/Baik/BISINDO_Baik_021_frame3.jpg,Baik,BISINDO_Baik_021,train
/content/extracted_images/train/Baik/BISINDO_Baik_023_frame1.jpg,Baik,BISINDO_Baik_023,train
/content/extracted_images/train/Baik/BISINDO_Baik_023_frame2.jpg,Baik,BISINDO_Baik_023,train
/content/extracted_images/train/Baik/BISINDO_Baik_023_frame3.jpg,Baik,BISINDO_Baik_023,train
/content/extracted_images/train/Halo/BISINDO_Halo_025_frame1.jpg,Halo,BISINDO_Halo_025,train
/content/extracted_images/train/Halo/BISINDO_Halo_025_frame2.jpg,Halo,BISINDO_Halo_025,train
/content/extracted_images/train/Halo/BISINDO_Halo_025_frame3.jpg,Halo,BISINDO_Halo_025,train
/content/extracted_images/train/Halo/BISINDO_Halo_020_frame1.jpg,Halo,BISINDO_Halo_020,train
/content/extracted_images/train/Halo/BISINDO_Halo_020_frame2.jpg,Halo,BISINDO_Halo_020,train
/content/extracted_images/train/Halo/BISINDO_Halo_020_frame3.jpg,Halo,BISINDO_Halo_020,train
/content/extracted_images/train/Halo/BISINDO_Halo_045_frame1.jpg,Halo,BISINDO_Halo_045,train
/content/extracted_images/train/Halo/BISINDO_Halo_045_frame2.jpg,Halo,BISINDO_Halo_045,train
/content/extracted_images/train/Halo/BISINDO_Halo_045_frame3.jpg,Halo,BISINDO_Halo_045,train
/content/extracted_images/train/Halo/BISINDO_Halo_007_frame1.jpg,Halo,BISINDO_Halo_007,train
/content/extracted_images/train/Halo/BISINDO_Halo_007_frame2.jpg,Halo,BISINDO_Halo_007,train
/content/extracted_images/train/Halo/BISINDO_Halo_007_frame3.jpg,Halo,BISINDO_Halo_007,train
/content/extracted_images/train/Halo/BISINDO_Halo_016_frame1.jpg,Halo,BISINDO_Halo_016,train
/content/extracted_images/train/Halo/BISINDO_Halo_016_frame2.jpg,Halo,BISINDO_Halo_016,train
/content/extracted_images/train/Halo/BISINDO_Halo_016_frame3.jpg,Halo,BISINDO_Halo_016,train
/content/extracted_images/train/Halo/BISINDO_Halo_027_frame1.jpg,Halo,BISINDO_Halo_027,train
/content/extracted_images/train/Halo/BISINDO_Halo_027_frame2.jpg,Halo,BISINDO_Halo_027,train
/content/extracted_images/train/Halo/BISINDO_Halo_027_frame3.jpg,Halo,BISINDO_Halo_027,train
/content/extracted_images/train/Halo/BISINDO_Halo_019_frame1.jpg,Halo,BISINDO_Halo_019,train
/content/extracted_images/train/Halo/BISINDO_Halo_019_frame2.jpg,Halo,BISINDO_Halo_019,train
/content/extracted_images/train/Halo/BISINDO_Halo_019_frame3.jpg,Halo,BISINDO_Halo_019,train
/content/extracted_images/train/Halo/BISINDO_Halo_022_frame1.jpg,Halo,BISINDO_Halo_022,train
/content/extracted_images/train/Halo/BISINDO_Halo_022_frame2.jpg,Halo,BISINDO_Halo_022,train
/content/extracted_images/train/Halo/BISINDO_Halo_022_frame3.jpg,Halo,BISINDO_Halo_022,train
/content/extracted_images/train/Halo/BISINDO_Halo_026_frame1.jpg,Halo,BISINDO_Halo_026,train
/content/extracted_images/train/Halo/BISINDO_Halo_026_frame2.jpg,Halo,BISINDO_Halo_026,train
/content/extracted_images/train/Halo/BISINDO_Halo_026_frame3.jpg,Halo,BISINDO_Halo_026,train
/content/extracted_images/train/Halo/BISINDO_Halo_009_frame1.jpg,Halo,BISINDO_Halo_009,train
/content/extracted_images/train/Halo/BISINDO_Halo_009_frame2.jpg,Halo,BISINDO_Halo_009,train
/content/extracted_images/train/Halo/BISINDO_Halo_009_frame3.jpg,Halo,BISINDO_Halo_009,train
/content/extracted_images/train/Halo/BISINDO_Halo_015_frame1.jpg,Halo,BISINDO_Halo_015,train
/content/extracted_images/train/Halo/BISINDO_Halo_015_frame2.jpg,Halo,BISINDO_Halo_015,train
/content/extracted_images/train/Halo/BISINDO_Halo_015_frame3.jpg,Halo,BISINDO_Halo_015,train
/content/extracted_images/train/Halo/BISINDO_Halo_048_frame1.jpg,Halo,BISINDO_Halo_048,train
/content/extracted_images/train/Halo/BISINDO_Halo_048_frame2.jpg,Halo,BISINDO_Halo_048,train
/content/extracted_images/train/Halo/BISINDO_Halo_048_frame3.jpg,Halo,BISINDO_Halo_048,train
/content/extracted_images/train/Halo/BISINDO_Halo_014_frame1.jpg,Halo,BISINDO_Halo_014,train
/content/extracted_images/train/Halo/BISINDO_Halo_014_frame2.jpg,Halo,BISINDO_Halo_014,train
/content/extracted_images/train/Halo/BISINDO_Halo_014_frame3.jpg,Halo,BISINDO_Halo_014,train
/content/extracted_images/train/Halo/BISINDO_Halo_012_frame1.jpg,Halo,BISINDO_Halo_012,train
/content/extracted_images/train/Halo/BISINDO_Halo_012_frame2.jpg,Halo,BISINDO_Halo_012,train
/content/extracted_images/train/Halo/BISINDO_Halo_012_frame3.jpg,Halo,BISINDO_Halo_012,train
/content/extracted_images/train/Halo/BISINDO_Halo_010_frame1.jpg,Halo,BISINDO_Halo_010,train
/content/extracted_images/train/Halo/BISINDO_Halo_010_frame2.jpg,Halo,BISINDO_Halo_010,train
/content/extracted_images/train/Halo/BISINDO_Halo_010_frame3.jpg,Halo,BISINDO_Halo_010,train
/content/extracted_images/train/Halo/BISINDO_Halo_040_frame1.jpg,Halo,BISINDO_Halo_040,train
/content/extracted_images/train/Halo/BISINDO_Halo_040_frame2.jpg,Halo,BISINDO_Halo_040,train
/content/extracted_images/train/Halo/BISINDO_Halo_040_frame3.jpg,Halo,BISINDO_Halo_040,train
/content/extracted_images/train/Halo/BISINDO_Halo_049_frame1.jpg,Halo,BISINDO_Halo_049,train
/content/extracted_images/train/Halo/BISINDO_Halo_049_frame2.jpg,Halo,BISINDO_Halo_049,train
/content/extracted_images/train/Halo/BISINDO_Halo_049_frame3.jpg,Halo,BISINDO_Halo_049,train
/content/extracted_images/train/Halo/BISINDO_Halo_029_frame1.jpg,Halo,BISINDO_Halo_029,train
/content/extracted_images/train/Halo/BISINDO_Halo_029_frame2.jpg,Halo,BISINDO_Halo_029,train
/content/extracted_images/train/Halo/BISINDO_Halo_029_frame3.jpg,Halo,BISINDO_Halo_029,train
/content/extracted_images/train/Halo/BISINDO_Halo_038_frame1.jpg,Halo,BISINDO_Halo_038,train
/content/extracted_images/train/Halo/BISINDO_Halo_038_frame2.jpg,Halo,BISINDO_Halo_038,train
/content/extracted_images/train/Halo/BISINDO_Halo_038_frame3.jpg,Halo,BISINDO_Halo_038,train
/content/extracted_images/train/Halo/BISINDO_Halo_044_frame1.jpg,Halo,BISINDO_Halo_044,train
/content/extracted_images/train/Halo/BISINDO_Halo_044_frame2.jpg,Halo,BISINDO_Halo_044,train
/content/extracted_images/train/Halo/BISINDO_Halo_044_frame3.jpg,Halo,BISINDO_Halo_044,train
/content/extracted_images/train/Halo/BISINDO_Halo_041_frame1.jpg,Halo,BISINDO_Halo_041,train
/content/extracted_images/train/Halo/BISINDO_Halo_041_frame2.jpg,Halo,BISINDO_Halo_041,train
/content/extracted_images/train/Halo/BISINDO_Halo_041_frame3.jpg,Halo,BISINDO_Halo_041,train
/content/extracted_images/train/Halo/BISINDO_Halo_028_frame1.jpg,Halo,BISINDO_Halo_028,train
/content/extracted_images/train/Halo/BISINDO_Halo_028_frame2.jpg,Halo,BISINDO_Halo_028,train
/content/extracted_images/train/Halo/BISINDO_Halo_028_frame3.jpg,Halo,BISINDO_Halo_028,train
/content/extracted_images/train/Halo/BISINDO_Halo_024_frame1.jpg,Halo,BISINDO_Halo_024,train
/content/extracted_images/train/Halo/BISINDO_Halo_024_frame2.jpg,Halo,BISINDO_Halo_024,train
/content/extracted_images/train/Halo/BISINDO_Halo_024_frame3.jpg,Halo,BISINDO_Halo_024,train
/content/extracted_images/train/Halo/BISINDO_Halo_043_frame1.jpg,Halo,BISINDO_Halo_043,train
/content/extracted_images/train/Halo/BISINDO_Halo_043_frame2.jpg,Halo,BISINDO_Halo_043,train
/content/extracted_images/train/Halo/BISINDO_Halo_043_frame3.jpg,Halo,BISINDO_Halo_043,train
/content/extracted_images/train/Halo/BISINDO_Halo_011_frame1.jpg,Halo,BISINDO_Halo_011,train
/content/extracted_images/train/Halo/BISINDO_Halo_011_frame2.jpg,Halo,BISINDO_Halo_011,train
/content/extracted_images/train/Halo/BISINDO_Halo_011_frame3.jpg,Halo,BISINDO_Halo_011,train
/content/extracted_images/train/Halo/BISINDO_Halo_031_frame1.jpg,Halo,BISINDO_Halo_031,train
/content/extracted_images/train/Halo/BISINDO_Halo_031_frame2.jpg,Halo,BISINDO_Halo_031,train
/content/extracted_images/train/Halo/BISINDO_Halo_031_frame3.jpg,Halo,BISINDO_Halo_031,train
/content/extracted_images/train/Halo/BISINDO_Halo_047_frame1.jpg,Halo,BISINDO_Halo_047,train
/content/extracted_images/train/Halo/BISINDO_Halo_047_frame2.jpg,Halo,BISINDO_Halo_047,train
/content/extracted_images/train/Halo/BISINDO_Halo_047_frame3.jpg,Halo,BISINDO_Halo_047,train
/content/extracted_images/train/Halo/BISINDO_Halo_037_frame1.jpg,Halo,BISINDO_Halo_037,train
/content/extracted_images/train/Halo/BISINDO_Halo_037_frame2.jpg,Halo,BISINDO_Halo_037,train
/content/extracted_images/train/Halo/BISINDO_Halo_037_frame3.jpg,Halo,BISINDO_Halo_037,train
/content/extracted_images/train/Halo/BISINDO_Halo_008_frame1.jpg,Halo,BISINDO_Halo_008,train
/content/extracted_images/train/Halo/BISINDO_Halo_008_frame2.jpg,Halo,BISINDO_Halo_008,train
/content/extracted_images/train/Halo/BISINDO_Halo_008_frame3.jpg,Halo,BISINDO_Halo_008,train
/content/extracted_images/train/Halo/BISINDO_Halo_039_frame1.jpg,Halo,BISINDO_Halo_039,train
/content/extracted_images/train/Halo/BISINDO_Halo_039_frame2.jpg,Halo,BISINDO_Halo_039,train
/content/extracted_images/train/Halo/BISINDO_Halo_039_frame3.jpg,Halo,BISINDO_Halo_039,train
/content/extracted_images/train/Halo/BISINDO_Halo_013_frame1.jpg,Halo,BISINDO_Halo_013,train
/content/extracted_images/train/Halo/BISINDO_Halo_013_frame2.jpg,Halo,BISINDO_Halo_013,train
/content/extracted_images/train/Halo/BISINDO_Halo_013_frame3.jpg,Halo,BISINDO_Halo_013,train
/content/extracted_images/train/Halo/BISINDO_Halo_017_frame1.jpg,Halo,BISINDO_Halo_017,train
/content/extracted_images/train/Halo/BISINDO_Halo_017_frame2.jpg,Halo,BISINDO_Halo_017,train
/content/extracted_images/train/Halo/BISINDO_Halo_017_frame3.jpg,Halo,BISINDO_Halo_017,train
/content/extracted_images/train/Halo/BISINDO_Halo_002_frame1.jpg,Halo,BISINDO_Halo_002,train
/content/extracted_images/train/Halo/BISINDO_Halo_002_frame2.jpg,Halo,BISINDO_Halo_002,train
/content/extracted_images/train/Halo/BISINDO_Halo_002_frame3.jpg,Halo,BISINDO_Halo_002,train
/content/extracted_images/train/Halo/BISINDO_Halo_001_frame1.jpg,Halo,BISINDO_Halo_001,train
/content/extracted_images/train/Halo/BISINDO_Halo_001_frame2.jpg,Halo,BISINDO_Halo_001,train
/content/extracted_images/train/Halo/BISINDO_Halo_001_frame3.jpg,Halo,BISINDO_Halo_001,train
/content/extracted_images/train/Halo/BISINDO_Halo_004_frame1.jpg,Halo,BISINDO_Halo_004,train
/content/extracted_images/train/Halo/BISINDO_Halo_004_frame2.jpg,Halo,BISINDO_Halo_004,train
/content/extracted_images/train/Halo/BISINDO_Halo_004_frame3.jpg,Halo,BISINDO_Halo_004,train
/content/extracted_images/train/Halo/BISINDO_Halo_018_frame1.jpg,Halo,BISINDO_Halo_018,train
/content/extracted_images/train/Halo/BISINDO_Halo_018_frame2.jpg,Halo,BISINDO_Halo_018,train
/content/extracted_images/train/Halo/BISINDO_Halo_018_frame3.jpg,Halo,BISINDO_Halo_018,train
/content/extracted_images/train/Halo/BISINDO_Halo_046_frame1.jpg,Halo,BISINDO_Halo_046,train
/content/extracted_images/train/Halo/BISINDO_Halo_046_frame2.jpg,Halo,BISINDO_Halo_046,train
/content/extracted_images/train/Halo/BISINDO_Halo_046_frame3.jpg,Halo,BISINDO_Halo_046,train
/content/extracted_images/train/Mandi/BISINDO_Mandi_023_frame1.jpg,Mandi,BISINDO_Mandi_023,train
/content/extracted_images/train/Mandi/BISINDO_Mandi_023_frame2.jpg,Mandi,BISINDO_Mandi_023,train
/content/extracted_images/train/Mandi/BISINDO_Mandi_023_frame3.jpg,Mandi,BISINDO_Mandi_023,train
/content/extracted_images/train/Mandi/BISINDO_Mandi_017_frame1.jpg,Mandi,BISINDO_Mandi_017,train
/content/extracted_images/train/Mandi/BISINDO_Mandi_017_frame2.jpg,Mandi,BISINDO_Mandi_017,train
/content/extracted_images/train/Mandi/BISINDO_Mandi_017_frame3.jpg,Mandi,BISINDO_Mandi_017,train
/content/extracted_images/train/Mandi/BISINDO_Mandi_046_frame1.jpg,Mandi,BISINDO_Mandi_046,train
/content/extracted_images/train/Mandi/BISINDO_Mandi_046_frame2.jpg,Mandi,BISINDO_Mandi_046,train
/content/extracted_images/train/Mandi/BISINDO_Mandi_046_frame3.jpg,Mandi,BISINDO_Mandi_046,train
/content/extracted_images/train/Mandi/BISINDO_Mandi_001_frame1.jpg,Mandi,BISINDO_Mandi_001,train
/content/extracted_images/train/Mandi/BISINDO_Mandi_001_frame2.jpg,Mandi,BISINDO_Mandi_001,train
/content/extracted_images/train/Mandi/BISINDO_Mandi_001_frame3.jpg,Mandi,BISINDO_Mandi_001,train
/content/extracted_images/train/Mandi/BISINDO_Mandi_039_frame1.jpg,Mandi,BISINDO_Mandi_039,train
/content/extracted_images/train/Mandi/BISINDO_Mandi_039_frame2.jpg,Mandi,BISINDO_Mandi_039,train
/content/extracted_images/train/Mandi/BISINDO_Mandi_039_frame3.jpg,Mandi,BISINDO_Mandi_039,train
/content/extracted_images/train/Mandi/BISINDO_Mandi_011_frame1.jpg,Mandi,BISINDO_Mandi_011,train
/content/extracted_images/train/Mandi/BISINDO_Mandi_011_frame2.jpg,Mandi,BISINDO_Mandi_011,train
/content/extracted_images/train/Mandi/BISINDO_Mandi_011_frame3.jpg,Mandi,BISINDO_Mandi_011,train
/content/extracted_images/train/Mandi/BISINDO_Mandi_042_frame1.jpg,Mandi,BISINDO_Mandi_042,train
/content/extracted_images/train/Mandi/BISINDO_Mandi_042_frame2.jpg,Mandi,BISINDO_Mandi_042,train
/content/extracted_images/train/Mandi/BISINDO_Mandi_042_frame3.jpg,Mandi,BISINDO_Mandi_042,train
/content/extracted_images/train/Mandi/BISINDO_Mandi_034_frame1.jpg,Mandi,BISINDO_Mandi_034,train
/content/extracted_images/train/Mandi/BISINDO_Mandi_034_frame2.jpg,Mandi,BISINDO_Mandi_034,train
/content/extracted_images/train/Mandi/BISINDO_Mandi_034_frame3.jpg,Mandi,BISINDO_Mandi_034,train
/content/extracted_images/train/Mandi/BISINDO_Mandi_014_frame1.jpg,Mandi,BISINDO_Mandi_014,train
/content/extracted_images/train/Mandi/BISINDO_Mandi_014_frame2.jpg,Mandi,BISINDO_Mandi_014,train
/content/extracted_images/train/Mandi/BISINDO_Mandi_014_frame3.jpg,Mandi,BISINDO_Mandi_014,train
/content/extracted_images/train/Mandi/BISINDO_Mandi_002_frame1.jpg,Mandi,BISINDO_Mandi_002,train
/content/extracted_images/train/Mandi/BISINDO_Mandi_002_frame2.jpg,Mandi,BISINDO_Mandi_002,train
/content/extracted_images/train/Mandi/BISINDO_Mandi_002_frame3.jpg,Mandi,BISINDO_Mandi_002,train
/content/extracted_images/train/Mandi/BISINDO_Mandi_047_frame1.jpg,Mandi,BISINDO_Mandi_047,train
/content/extracted_images/train/Mandi/BISINDO_Mandi_047_frame2.jpg,Mandi,BISINDO_Mandi_047,train
/content/extracted_images/train/Mandi/BISINDO_Mandi_047_frame3.jpg,Mandi,BISINDO_Mandi_047,train
/content/extracted_images/train/Mandi/BISINDO_Mandi_043_frame1.jpg,Mandi,BISINDO_Mandi_043,train
/content/extracted_images/train/Mandi/BISINDO_Mandi_043_frame2.jpg,Mandi,BISINDO_Mandi_043,train
/content/extracted_images/train/Mandi/BISINDO_Mandi_043_frame3.jpg,Mandi,BISINDO_Mandi_043,train
/content/extracted_images/train/Mandi/BISINDO_Mandi_036_frame1.jpg,Mandi,BISINDO_Mandi_036,train
/content/extracted_images/train/Mandi/BISINDO_Mandi_036_frame2.jpg,Mandi,BISINDO_Mandi_036,train
/content/extracted_images/train/Mandi/BISINDO_Mandi_036_frame3.jpg,Mandi,BISINDO_Mandi_036,train
/content/extracted_images/train/Mandi/BISINDO_Mandi_030_frame1.jpg,Mandi,BISINDO_Mandi_030,train
/content/extracted_images/train/Mandi/BISINDO_Mandi_030_frame2.jpg,Mandi,BISINDO_Mandi_030,train
/content/extracted_images/train/Mandi/BISINDO_Mandi_030_frame3.jpg,Mandi,BISINDO_Mandi_030,train
/content/extracted_images/train/Mandi/BISINDO_Mandi_010_frame1.jpg,Mandi,BISINDO_Mandi_010,train
/content/extracted_images/train/Mandi/BISINDO_Mandi_010_frame2.jpg,Mandi,BISINDO_Mandi_010,train
/content/extracted_images/train/Mandi/BISINDO_Mandi_010_frame3.jpg,Mandi,BISINDO_Mandi_010,train
/content/extracted_images/train/Mandi/BISINDO_Mandi_013_frame1.jpg,Mandi,BISINDO_Mandi_013,train
/content/extracted_images/train/Mandi/BISINDO_Mandi_013_frame2.jpg,Mandi,BISINDO_Mandi_013,train
/content/extracted_images/train/Mandi/BISINDO_Mandi_013_frame3.jpg,Mandi,BISINDO_Mandi_013,train
/content/extracted_images/train/Mandi/BISINDO_Mandi_028_frame1.jpg,Mandi,BISINDO_Mandi_028,train
/content/extracted_images/train/Mandi/BISINDO_Mandi_028_frame2.jpg,Mandi,BISINDO_Mandi_028,train
/content/extracted_images/train/Mandi/BISINDO_Mandi_028_frame3.jpg,Mandi,BISINDO_Mandi_028,train
/content/extracted_images/train/Mandi/BISINDO_Mandi_033_frame1.jpg,Mandi,BISINDO_Mandi_033,train
/content/extracted_images/train/Mandi/BISINDO_Mandi_033_frame2.jpg,Mandi,BISINDO_Mandi_033,train
/content/extracted_images/train/Mandi/BISINDO_Mandi_033_frame3.jpg,Mandi,BISINDO_Mandi_033,train
/content/extracted_images/train/Mandi/BISINDO_Mandi_026_frame1.jpg,Mandi,BISINDO_Mandi_026,train
/content/extracted_images/train/Mandi/BISINDO_Mandi_026_frame2.jpg,Mandi,BISINDO_Mandi_026,train
/content/extracted_images/train/Mandi/BISINDO_Mandi_026_frame3.jpg,Mandi,BISINDO_Mandi_026,train
/content/extracted_images/train/Mandi/BISINDO_Mandi_031_frame1.jpg,Mandi,BISINDO_Mandi_031,train
/content/extracted_images/train/Mandi/BISINDO_Mandi_031_frame2.jpg,Mandi,BISINDO_Mandi_031,train
/content/extracted_images/train/Mandi/BISINDO_Mandi_031_frame3.jpg,Mandi,BISINDO_Mandi_031,train
/content/extracted_images/train/Mandi/BISINDO_Mandi_018_frame1.jpg,Mandi,BISINDO_Mandi_018,train
/content/extracted_images/train/Mandi/BISINDO_Mandi_018_frame2.jpg,Mandi,BISINDO_Mandi_018,train
/content/extracted_images/train/Mandi/BISINDO_Mandi_018_frame3.jpg,Mandi,BISINDO_Mandi_018,train
/content/extracted_images/train/Mandi/BISINDO_Mandi_040_frame1.jpg,Mandi,BISINDO_Mandi_040,train
/content/extracted_images/train/Mandi/BISINDO_Mandi_040_frame2.jpg,Mandi,BISINDO_Mandi_040,train
/content/extracted_images/train/Mandi/BISINDO_Mandi_040_frame3.jpg,Mandi,BISINDO_Mandi_040,train
/content/extracted_images/train/Mandi/BISINDO_Mandi_049_frame1.jpg,Mandi,BISINDO_Mandi_049,train
/content/extracted_images/train/Mandi/BISINDO_Mandi_049_frame2.jpg,Mandi,BISINDO_Mandi_049,train
/content/extracted_images/train/Mandi/BISINDO_Mandi_049_frame3.jpg,Mandi,BISINDO_Mandi_049,train
/content/extracted_images/train/Mandi/BISINDO_Mandi_019_frame1.jpg,Mandi,BISINDO_Mandi_019,train
/content/extracted_images/train/Mandi/BISINDO_Mandi_019_frame2.jpg,Mandi,BISINDO_Mandi_019,train
/content/extracted_images/train/Mandi/BISINDO_Mandi_019_frame3.jpg,Mandi,BISINDO_Mandi_019,train
/content/extracted_images/train/Mandi/BISINDO_Mandi_007_frame1.jpg,Mandi,BISINDO_Mandi_007,train
/content/extracted_images/train/Mandi/BISINDO_Mandi_007_frame2.jpg,Mandi,BISINDO_Mandi_007,train
/content/extracted_images/train/Mandi/BISINDO_Mandi_007_frame3.jpg,Mandi,BISINDO_Mandi_007,train
/content/extracted_images/train/Mandi/BISINDO_Mandi_008_frame1.jpg,Mandi,BISINDO_Mandi_008,train
/content/extracted_images/train/Mandi/BISINDO_Mandi_008_frame2.jpg,Mandi,BISINDO_Mandi_008,train
/content/extracted_images/train/Mandi/BISINDO_Mandi_008_frame3.jpg,Mandi,BISINDO_Mandi_008,train
/content/extracted_images/train/Mandi/BISINDO_Mandi_037_frame1.jpg,Mandi,BISINDO_Mandi_037,train
/content/extracted_images/train/Mandi/BISINDO_Mandi_037_frame2.jpg,Mandi,BISINDO_Mandi_037,train
/content/extracted_images/train/Mandi/BISINDO_Mandi_037_frame3.jpg,Mandi,BISINDO_Mandi_037,train
/content/extracted_images/train/Mandi/BISINDO_Mandi_003_frame1.jpg,Mandi,BISINDO_Mandi_003,train
/content/extracted_images/train/Mandi/BISINDO_Mandi_003_frame2.jpg,Mandi,BISINDO_Mandi_003,train
/content/extracted_images/train/Mandi/BISINDO_Mandi_003_frame3.jpg,Mandi,BISINDO_Mandi_003,train
/content/extracted_images/train/Mandi/BISINDO_Mandi_012_frame1.jpg,Mandi,BISINDO_Mandi_012,train
/content/extracted_images/train/Mandi/BISINDO_Mandi_012_frame2.jpg,Mandi,BISINDO_Mandi_012,train
/content/extracted_images/train/Mandi/BISINDO_Mandi_012_frame3.jpg,Mandi,BISINDO_Mandi_012,train
/content/extracted_images/train/Mandi/BISINDO_Mandi_022_frame1.jpg,Mandi,BISINDO_Mandi_022,train
/content/extracted_images/train/Mandi/BISINDO_Mandi_022_frame2.jpg,Mandi,BISINDO_Mandi_022,train
/content/extracted_images/train/Mandi/BISINDO_Mandi_022_frame3.jpg,Mandi,BISINDO_Mandi_022,train
/content/extracted_images/train/Mandi/BISINDO_Mandi_006_frame1.jpg,Mandi,BISINDO_Mandi_006,train
/content/extracted_images/train/Mandi/BISINDO_Mandi_006_frame2.jpg,Mandi,BISINDO_Mandi_006,train
/content/extracted_images/train/Mandi/BISINDO_Mandi_006_frame3.jpg,Mandi,BISINDO_Mandi_006,train
/content/extracted_images/train/Mandi/BISINDO_Mandi_045_frame1.jpg,Mandi,BISINDO_Mandi_045,train
/content/extracted_images/train/Mandi/BISINDO_Mandi_045_frame2.jpg,Mandi,BISINDO_Mandi_045,train
/content/extracted_images/train/Mandi/BISINDO_Mandi_045_frame3.jpg,Mandi,BISINDO_Mandi_045,train
/content/extracted_images/train/Mandi/BISINDO_Mandi_009_frame1.jpg,Mandi,BISINDO_Mandi_009,train
/content/extracted_images/train/Mandi/BISINDO_Mandi_009_frame2.jpg,Mandi,BISINDO_Mandi_009,train
/content/extracted_images/train/Mandi/BISINDO_Mandi_009_frame3.jpg,Mandi,BISINDO_Mandi_009,train
/content/extracted_images/train/Mandi/BISINDO_Mandi_035_frame1.jpg,Mandi,BISINDO_Mandi_035,train
/content/extracted_images/train/Mandi/BISINDO_Mandi_035_frame2.jpg,Mandi,BISINDO_Mandi_035,train
/content/extracted_images/train/Mandi/BISINDO_Mandi_035_frame3.jpg,Mandi,BISINDO_Mandi_035,train
/content/extracted_images/train/Mandi/BISINDO_Mandi_020_frame1.jpg,Mandi,BISINDO_Mandi_020,train
/content/extracted_images/train/Mandi/BISINDO_Mandi_020_frame2.jpg,Mandi,BISINDO_Mandi_020,train
/content/extracted_images/train/Mandi/BISINDO_Mandi_020_frame3.jpg,Mandi,BISINDO_Mandi_020,train
/content/extracted_images/train/Mandi/BISINDO_Mandi_005_frame1.jpg,Mandi,BISINDO_Mandi_005,train
/content/extracted_images/train/Mandi/BISINDO_Mandi_005_frame2.jpg,Mandi,BISINDO_Mandi_005,train
/content/extracted_images/train/Mandi/BISINDO_Mandi_005_frame3.jpg,Mandi,BISINDO_Mandi_005,train
/content/extracted_images/train/Mandi/BISINDO_Mandi_048_frame1.jpg,Mandi,BISINDO_Mandi_048,train
/content/extracted_images/train/Mandi/BISINDO_Mandi_048_frame2.jpg,Mandi,BISINDO_Mandi_048,train
/content/extracted_images/train/Mandi/BISINDO_Mandi_048_frame3.jpg,Mandi,BISINDO_Mandi_048,train
/content/extracted_images/train/Mandi/BISINDO_Mandi_004_frame1.jpg,Mandi,BISINDO_Mandi_004,train
/content/extracted_images/train/Mandi/BISINDO_Mandi_004_frame2.jpg,Mandi,BISINDO_Mandi_004,train
/content/extracted_images/train/Mandi/BISINDO_Mandi_004_frame3.jpg,Mandi,BISINDO_Mandi_004,train
/content/extracted_images/train/Mandi/BISINDO_Mandi_021_frame1.jpg,Mandi,BISINDO_Mandi_021,train
/content/extracted_images/train/Mandi/BISINDO_Mandi_021_frame2.jpg,Mandi,BISINDO_Mandi_021,train
/content/extracted_images/train/Mandi/BISINDO_Mandi_021_frame3.jpg,Mandi,BISINDO_Mandi_021,train
/content/extracted_images/train/Mandi/BISINDO_Mandi_027_frame1.jpg,Mandi,BISINDO_Mandi_027,train
/content/extracted_images/train/Mandi/BISINDO_Mandi_027_frame2.jpg,Mandi,BISINDO_Mandi_027,train
/content/extracted_images/train/Mandi/BISINDO_Mandi_027_frame3.jpg,Mandi,BISINDO_Mandi_027,train
/content/extracted_images/train/Mandi/BISINDO_Mandi_032_frame1.jpg,Mandi,BISINDO_Mandi_032,train
/content/extracted_images/train/Mandi/BISINDO_Mandi_032_frame2.jpg,Mandi,BISINDO_Mandi_032,train
/content/extracted_images/train/Mandi/BISINDO_Mandi_032_frame3.jpg,Mandi,BISINDO_Mandi_032,train
/content/extracted_images/train/Mandi/BISINDO_Mandi_050_frame1.jpg,Mandi,BISINDO_Mandi_050,train
/content/extracted_images/train/Mandi/BISINDO_Mandi_050_frame2.jpg,Mandi,BISINDO_Mandi_050,train
/content/extracted_images/train/Mandi/BISINDO_Mandi_050_frame3.jpg,Mandi,BISINDO_Mandi_050,train
/content/extracted_images/train/Duduk/BISINDO_Duduk_043_frame1.jpg,Duduk,BISINDO_Duduk_043,train
/content/extracted_images/train/Duduk/BISINDO_Duduk_043_frame2.jpg,Duduk,BISINDO_Duduk_043,train
/content/extracted_images/train/Duduk/BISINDO_Duduk_043_frame3.jpg,Duduk,BISINDO_Duduk_043,train
/content/extracted_images/train/Duduk/BISINDO_Duduk_026_frame1.jpg,Duduk,BISINDO_Duduk_026,train
/content/extracted_images/train/Duduk/BISINDO_Duduk_026_frame2.jpg,Duduk,BISINDO_Duduk_026,train
/content/extracted_images/train/Duduk/BISINDO_Duduk_026_frame3.jpg,Duduk,BISINDO_Duduk_026,train
/content/extracted_images/train/Duduk/BISINDO_Duduk_019_frame1.jpg,Duduk,BISINDO_Duduk_019,train
/content/extracted_images/train/Duduk/BISINDO_Duduk_019_frame2.jpg,Duduk,BISINDO_Duduk_019,train
/content/extracted_images/train/Duduk/BISINDO_Duduk_019_frame3.jpg,Duduk,BISINDO_Duduk_019,train
/content/extracted_images/train/Duduk/BISINDO_Duduk_048_frame1.jpg,Duduk,BISINDO_Duduk_048,train
/content/extracted_images/train/Duduk/BISINDO_Duduk_048_frame2.jpg,Duduk,BISINDO_Duduk_048,train
/content/extracted_images/train/Duduk/BISINDO_Duduk_048_frame3.jpg,Duduk,BISINDO_Duduk_048,train
/content/extracted_images/train/Duduk/BISINDO_Duduk_006_frame1.jpg,Duduk,BISINDO_Duduk_006,train
/content/extracted_images/train/Duduk/BISINDO_Duduk_006_frame2.jpg,Duduk,BISINDO_Duduk_006,train
/content/extracted_images/train/Duduk/BISINDO_Duduk_006_frame3.jpg,Duduk,BISINDO_Duduk_006,train
/content/extracted_images/train/Duduk/BISINDO_Duduk_001_frame1.jpg,Duduk,BISINDO_Duduk_001,train
/content/extracted_images/train/Duduk/BISINDO_Duduk_001_frame2.jpg,Duduk,BISINDO_Duduk_001,train
/content/extracted_images/train/Duduk/BISINDO_Duduk_001_frame3.jpg,Duduk,BISINDO_Duduk_001,train
/content/extracted_images/train/Duduk/BISINDO_Duduk_024_frame1.jpg,Duduk,BISINDO_Duduk_024,train
/content/extracted_images/train/Duduk/BISINDO_Duduk_024_frame2.jpg,Duduk,BISINDO_Duduk_024,train
/content/extracted_images/train/Duduk/BISINDO_Duduk_024_frame3.jpg,Duduk,BISINDO_Duduk_024,train
/content/extracted_images/train/Duduk/BISINDO_Duduk_016_frame1.jpg,Duduk,BISINDO_Duduk_016,train
/content/extracted_images/train/Duduk/BISINDO_Duduk_016_frame2.jpg,Duduk,BISINDO_Duduk_016,train
/content/extracted_images/train/Duduk/BISINDO_Duduk_016_frame3.jpg,Duduk,BISINDO_Duduk_016,train
/content/extracted_images/train/Duduk/BISINDO_Duduk_009_frame1.jpg,Duduk,BISINDO_Duduk_009,train
/content/extracted_images/train/Duduk/BISINDO_Duduk_009_frame2.jpg,Duduk,BISINDO_Duduk_009,train
/content/extracted_images/train/Duduk/BISINDO_Duduk_009_frame3.jpg,Duduk,BISINDO_Duduk_009,train
/content/extracted_images/train/Duduk/BISINDO_Duduk_047_frame1.jpg,Duduk,BISINDO_Duduk_047,train
/content/extracted_images/train/Duduk/BISINDO_Duduk_047_frame2.jpg,Duduk,BISINDO_Duduk_047,train
/content/extracted_images/train/Duduk/BISINDO_Duduk_047_frame3.jpg,Duduk,BISINDO_Duduk_047,train
/content/extracted_images/train/Duduk/BISINDO_Duduk_029_frame1.jpg,Duduk,BISINDO_Duduk_029,train
/content/extracted_images/train/Duduk/BISINDO_Duduk_029_frame2.jpg,Duduk,BISINDO_Duduk_029,train
/content/extracted_images/train/Duduk/BISINDO_Duduk_029_frame3.jpg,Duduk,BISINDO_Duduk_029,train
/content/extracted_images/train/Duduk/BISINDO_Duduk_041_frame1.jpg,Duduk,BISINDO_Duduk_041,train
/content/extracted_images/train/Duduk/BISINDO_Duduk_041_frame2.jpg,Duduk,BISINDO_Duduk_041,train
/content/extracted_images/train/Duduk/BISINDO_Duduk_041_frame3.jpg,Duduk,BISINDO_Duduk_041,train
/content/extracted_images/train/Duduk/BISINDO_Duduk_005_frame1.jpg,Duduk,BISINDO_Duduk_005,train
/content/extracted_images/train/Duduk/BISINDO_Duduk_005_frame2.jpg,Duduk,BISINDO_Duduk_005,train
/content/extracted_images/train/Duduk/BISINDO_Duduk_005_frame3.jpg,Duduk,BISINDO_Duduk_005,train
/content/extracted_images/train/Duduk/BISINDO_Duduk_042_frame1.jpg,Duduk,BISINDO_Duduk_042,train
/content/extracted_images/train/Duduk/BISINDO_Duduk_042_frame2.jpg,Duduk,BISINDO_Duduk_042,train
/content/extracted_images/train/Duduk/BISINDO_Duduk_042_frame3.jpg,Duduk,BISINDO_Duduk_042,train
/content/extracted_images/train/Duduk/BISINDO_Duduk_013_frame1.jpg,Duduk,BISINDO_Duduk_013,train
/content/extracted_images/train/Duduk/BISINDO_Duduk_013_frame2.jpg,Duduk,BISINDO_Duduk_013,train
/content/extracted_images/train/Duduk/BISINDO_Duduk_013_frame3.jpg,Duduk,BISINDO_Duduk_013,train
/content/extracted_images/train/Duduk/BISINDO_Duduk_018_frame1.jpg,Duduk,BISINDO_Duduk_018,train
/content/extracted_images/train/Duduk/BISINDO_Duduk_018_frame2.jpg,Duduk,BISINDO_Duduk_018,train
/content/extracted_images/train/Duduk/BISINDO_Duduk_018_frame3.jpg,Duduk,BISINDO_Duduk_018,train
/content/extracted_images/train/Duduk/BISINDO_Duduk_034_frame1.jpg,Duduk,BISINDO_Duduk_034,train
/content/extracted_images/train/Duduk/BISINDO_Duduk_034_frame2.jpg,Duduk,BISINDO_Duduk_034,train
/content/extracted_images/train/Duduk/BISINDO_Duduk_034_frame3.jpg,Duduk,BISINDO_Duduk_034,train
/content/extracted_images/train/Duduk/BISINDO_Duduk_012_frame1.jpg,Duduk,BISINDO_Duduk_012,train
/content/extracted_images/train/Duduk/BISINDO_Duduk_012_frame2.jpg,Duduk,BISINDO_Duduk_012,train
/content/extracted_images/train/Duduk/BISINDO_Duduk_012_frame3.jpg,Duduk,BISINDO_Duduk_012,train
/content/extracted_images/train/Duduk/BISINDO_Duduk_011_frame1.jpg,Duduk,BISINDO_Duduk_011,train
/content/extracted_images/train/Duduk/BISINDO_Duduk_011_frame2.jpg,Duduk,BISINDO_Duduk_011,train
/content/extracted_images/train/Duduk/BISINDO_Duduk_011_frame3.jpg,Duduk,BISINDO_Duduk_011,train
/content/extracted_images/train/Duduk/BISINDO_Duduk_002_frame1.jpg,Duduk,BISINDO_Duduk_002,train
/content/extracted_images/train/Duduk/BISINDO_Duduk_002_frame2.jpg,Duduk,BISINDO_Duduk_002,train
/content/extracted_images/train/Duduk/BISINDO_Duduk_002_frame3.jpg,Duduk,BISINDO_Duduk_002,train
/content/extracted_images/train/Duduk/BISINDO_Duduk_021_frame1.jpg,Duduk,BISINDO_Duduk_021,train
/content/extracted_images/train/Duduk/BISINDO_Duduk_021_frame2.jpg,Duduk,BISINDO_Duduk_021,train
/content/extracted_images/train/Duduk/BISINDO_Duduk_021_frame3.jpg,Duduk,BISINDO_Duduk_021,train
/content/extracted_images/train/Duduk/BISINDO_Duduk_040_frame1.jpg,Duduk,BISINDO_Duduk_040,train
/content/extracted_images/train/Duduk/BISINDO_Duduk_040_frame2.jpg,Duduk,BISINDO_Duduk_040,train
/content/extracted_images/train/Duduk/BISINDO_Duduk_040_frame3.jpg,Duduk,BISINDO_Duduk_040,train
/content/extracted_images/train/Duduk/BISINDO_Duduk_050_frame1.jpg,Duduk,BISINDO_Duduk_050,train
/content/extracted_images/train/Duduk/BISINDO_Duduk_050_frame2.jpg,Duduk,BISINDO_Duduk_050,train
/content/extracted_images/train/Duduk/BISINDO_Duduk_050_frame3.jpg,Duduk,BISINDO_Duduk_050,train
/content/extracted_images/train/Duduk/BISINDO_Duduk_022_frame1.jpg,Duduk,BISINDO_Duduk_022,train
/content/extracted_images/train/Duduk/BISINDO_Duduk_022_frame2.jpg,Duduk,BISINDO_Duduk_022,train
/content/extracted_images/train/Duduk/BISINDO_Duduk_022_frame3.jpg,Duduk,BISINDO_Duduk_022,train
/content/extracted_images/train/Duduk/BISINDO_Duduk_017_frame1.jpg,Duduk,BISINDO_Duduk_017,train
/content/extracted_images/train/Duduk/BISINDO_Duduk_017_frame2.jpg,Duduk,BISINDO_Duduk_017,train
/content/extracted_images/train/Duduk/BISINDO_Duduk_017_frame3.jpg,Duduk,BISINDO_Duduk_017,train
/content/extracted_images/train/Duduk/BISINDO_Duduk_025_frame1.jpg,Duduk,BISINDO_Duduk_025,train
/content/extracted_images/train/Duduk/BISINDO_Duduk_025_frame2.jpg,Duduk,BISINDO_Duduk_025,train
/content/extracted_images/train/Duduk/BISINDO_Duduk_025_frame3.jpg,Duduk,BISINDO_Duduk_025,train
/content/extracted_images/train/Duduk/BISINDO_Duduk_004_frame1.jpg,Duduk,BISINDO_Duduk_004,train
/content/extracted_images/train/Duduk/BISINDO_Duduk_004_frame2.jpg,Duduk,BISINDO_Duduk_004,train
/content/extracted_images/train/Duduk/BISINDO_Duduk_004_frame3.jpg,Duduk,BISINDO_Duduk_004,train
/content/extracted_images/train/Duduk/BISINDO_Duduk_032_frame1.jpg,Duduk,BISINDO_Duduk_032,train
/content/extracted_images/train/Duduk/BISINDO_Duduk_032_frame2.jpg,Duduk,BISINDO_Duduk_032,train
/content/extracted_images/train/Duduk/BISINDO_Duduk_032_frame3.jpg,Duduk,BISINDO_Duduk_032,train
/content/extracted_images/train/Duduk/BISINDO_Duduk_010_frame1.jpg,Duduk,BISINDO_Duduk_010,train
/content/extracted_images/train/Duduk/BISINDO_Duduk_010_frame2.jpg,Duduk,BISINDO_Duduk_010,train
/content/extracted_images/train/Duduk/BISINDO_Duduk_010_frame3.jpg,Duduk,BISINDO_Duduk_010,train
/content/extracted_images/train/Duduk/BISINDO_Duduk_049_frame1.jpg,Duduk,BISINDO_Duduk_049,train
/content/extracted_images/train/Duduk/BISINDO_Duduk_049_frame2.jpg,Duduk,BISINDO_Duduk_049,train
/content/extracted_images/train/Duduk/BISINDO_Duduk_049_frame3.jpg,Duduk,BISINDO_Duduk_049,train
/content/extracted_images/train/Duduk/BISINDO_Duduk_023_frame1.jpg,Duduk,BISINDO_Duduk_023,train
/content/extracted_images/train/Duduk/BISINDO_Duduk_023_frame2.jpg,Duduk,BISINDO_Duduk_023,train
/content/extracted_images/train/Duduk/BISINDO_Duduk_023_frame3.jpg,Duduk,BISINDO_Duduk_023,train
/content/extracted_images/train/Duduk/BISINDO_Duduk_003_frame1.jpg,Duduk,BISINDO_Duduk_003,train
/content/extracted_images/train/Duduk/BISINDO_Duduk_003_frame2.jpg,Duduk,BISINDO_Duduk_003,train
/content/extracted_images/train/Duduk/BISINDO_Duduk_003_frame3.jpg,Duduk,BISINDO_Duduk_003,train
/content/extracted_images/train/Duduk/BISINDO_Duduk_038_frame1.jpg,Duduk,BISINDO_Duduk_038,train
/content/extracted_images/train/Duduk/BISINDO_Duduk_038_frame2.jpg,Duduk,BISINDO_Duduk_038,train
/content/extracted_images/train/Duduk/BISINDO_Duduk_038_frame3.jpg,Duduk,BISINDO_Duduk_038,train
/content/extracted_images/train/Duduk/BISINDO_Duduk_014_frame1.jpg,Duduk,BISINDO_Duduk_014,train
/content/extracted_images/train/Duduk/BISINDO_Duduk_014_frame2.jpg,Duduk,BISINDO_Duduk_014,train
/content/extracted_images/train/Duduk/BISINDO_Duduk_014_frame3.jpg,Duduk,BISINDO_Duduk_014,train
/content/extracted_images/train/Duduk/BISINDO_Duduk_033_frame1.jpg,Duduk,BISINDO_Duduk_033,train
/content/extracted_images/train/Duduk/BISINDO_Duduk_033_frame2.jpg,Duduk,BISINDO_Duduk_033,train
/content/extracted_images/train/Duduk/BISINDO_Duduk_033_frame3.jpg,Duduk,BISINDO_Duduk_033,train
/content/extracted_images/train/Duduk/BISINDO_Duduk_046_frame1.jpg,Duduk,BISINDO_Duduk_046,train
/content/extracted_images/train/Duduk/BISINDO_Duduk_046_frame2.jpg,Duduk,BISINDO_Duduk_046,train
/content/extracted_images/train/Duduk/BISINDO_Duduk_046_frame3.jpg,Duduk,BISINDO_Duduk_046,train
/content/extracted_images/train/Duduk/BISINDO_Duduk_037_frame1.jpg,Duduk,BISINDO_Duduk_037,train
/content/extracted_images/train/Duduk/BISINDO_Duduk_037_frame2.jpg,Duduk,BISINDO_Duduk_037,train
/content/extracted_images/train/Duduk/BISINDO_Duduk_037_frame3.jpg,Duduk,BISINDO_Duduk_037,train
/content/extracted_images/train/Duduk/BISINDO_Duduk_007_frame1.jpg,Duduk,BISINDO_Duduk_007,train
/content/extracted_images/train/Duduk/BISINDO_Duduk_007_frame2.jpg,Duduk,BISINDO_Duduk_007,train
/content/extracted_images/train/Duduk/BISINDO_Duduk_007_frame3.jpg,Duduk,BISINDO_Duduk_007,train
/content/extracted_images/train/Sabar/BISINDO_Sabar_035_frame1.jpg,Sabar,BISINDO_Sabar_035,train
/content/extracted_images/train/Sabar/BISINDO_Sabar_035_frame2.jpg,Sabar,BISINDO_Sabar_035,train
/content/extracted_images/train/Sabar/BISINDO_Sabar_035_frame3.jpg,Sabar,BISINDO_Sabar_035,train
/content/extracted_images/train/Sabar/BISINDO_Sabar_029_frame1.jpg,Sabar,BISINDO_Sabar_029,train
/content/extracted_images/train/Sabar/BISINDO_Sabar_029_frame2.jpg,Sabar,BISINDO_Sabar_029,train
/content/extracted_images/train/Sabar/BISINDO_Sabar_029_frame3.jpg,Sabar,BISINDO_Sabar_029,train
/content/extracted_images/train/Sabar/BISINDO_Sabar_021_frame1.jpg,Sabar,BISINDO_Sabar_021,train
/content/extracted_images/train/Sabar/BISINDO_Sabar_021_frame2.jpg,Sabar,BISINDO_Sabar_021,train
/content/extracted_images/train/Sabar/BISINDO_Sabar_021_frame3.jpg,Sabar,BISINDO_Sabar_021,train
/content/extracted_images/train/Sabar/BISINDO_Sabar_049_frame1.jpg,Sabar,BISINDO_Sabar_049,train
/content/extracted_images/train/Sabar/BISINDO_Sabar_049_frame2.jpg,Sabar,BISINDO_Sabar_049,train
/content/extracted_images/train/Sabar/BISINDO_Sabar_049_frame3.jpg,Sabar,BISINDO_Sabar_049,train
/content/extracted_images/train/Sabar/BISINDO_Sabar_018_frame1.jpg,Sabar,BISINDO_Sabar_018,train
/content/extracted_images/train/Sabar/BISINDO_Sabar_018_frame2.jpg,Sabar,BISINDO_Sabar_018,train
/content/extracted_images/train/Sabar/BISINDO_Sabar_018_frame3.jpg,Sabar,BISINDO_Sabar_018,train
/content/extracted_images/train/Sabar/BISINDO_Sabar_047_frame1.jpg,Sabar,BISINDO_Sabar_047,train
/content/extracted_images/train/Sabar/BISINDO_Sabar_047_frame2.jpg,Sabar,BISINDO_Sabar_047,train
/content/extracted_images/train/Sabar/BISINDO_Sabar_047_frame3.jpg,Sabar,BISINDO_Sabar_047,train
/content/extracted_images/train/Sabar/BISINDO_Sabar_022_frame1.jpg,Sabar,BISINDO_Sabar_022,train
/content/extracted_images/train/Sabar/BISINDO_Sabar_022_frame2.jpg,Sabar,BISINDO_Sabar_022,train
/content/extracted_images/train/Sabar/BISINDO_Sabar_022_frame3.jpg,Sabar,BISINDO_Sabar_022,train
/content/extracted_images/train/Sabar/BISINDO_Sabar_011_frame1.jpg,Sabar,BISINDO_Sabar_011,train
/content/extracted_images/train/Sabar/BISINDO_Sabar_011_frame2.jpg,Sabar,BISINDO_Sabar_011,train
/content/extracted_images/train/Sabar/BISINDO_Sabar_011_frame3.jpg,Sabar,BISINDO_Sabar_011,train
/content/extracted_images/train/Sabar/BISINDO_Sabar_003_frame1.jpg,Sabar,BISINDO_Sabar_003,train
/content/extracted_images/train/Sabar/BISINDO_Sabar_003_frame2.jpg,Sabar,BISINDO_Sabar_003,train
/content/extracted_images/train/Sabar/BISINDO_Sabar_003_frame3.jpg,Sabar,BISINDO_Sabar_003,train
/content/extracted_images/train/Sabar/BISINDO_Sabar_039_frame1.jpg,Sabar,BISINDO_Sabar_039,train
/content/extracted_images/train/Sabar/BISINDO_Sabar_039_frame2.jpg,Sabar,BISINDO_Sabar_039,train
/content/extracted_images/train/Sabar/BISINDO_Sabar_039_frame3.jpg,Sabar,BISINDO_Sabar_039,train
/content/extracted_images/train/Sabar/BISINDO_Sabar_005_frame1.jpg,Sabar,BISINDO_Sabar_005,train
/content/extracted_images/train/Sabar/BISINDO_Sabar_005_frame2.jpg,Sabar,BISINDO_Sabar_005,train
/content/extracted_images/train/Sabar/BISINDO_Sabar_005_frame3.jpg,Sabar,BISINDO_Sabar_005,train
/content/extracted_images/train/Sabar/BISINDO_Sabar_004_frame1.jpg,Sabar,BISINDO_Sabar_004,train
/content/extracted_images/train/Sabar/BISINDO_Sabar_004_frame2.jpg,Sabar,BISINDO_Sabar_004,train
/content/extracted_images/train/Sabar/BISINDO_Sabar_004_frame3.jpg,Sabar,BISINDO_Sabar_004,train
/content/extracted_images/train/Sabar/BISINDO_Sabar_048_frame1.jpg,Sabar,BISINDO_Sabar_048,train
/content/extracted_images/train/Sabar/BISINDO_Sabar_048_frame2.jpg,Sabar,BISINDO_Sabar_048,train
/content/extracted_images/train/Sabar/BISINDO_Sabar_048_frame3.jpg,Sabar,BISINDO_Sabar_048,train
/content/extracted_images/train/Sabar/BISINDO_Sabar_030_frame1.jpg,Sabar,BISINDO_Sabar_030,train
/content/extracted_images/train/Sabar/BISINDO_Sabar_030_frame2.jpg,Sabar,BISINDO_Sabar_030,train
/content/extracted_images/train/Sabar/BISINDO_Sabar_030_frame3.jpg,Sabar,BISINDO_Sabar_030,train
/content/extracted_images/train/Sabar/BISINDO_Sabar_009_frame1.jpg,Sabar,BISINDO_Sabar_009,train
/content/extracted_images/train/Sabar/BISINDO_Sabar_009_frame2.jpg,Sabar,BISINDO_Sabar_009,train
/content/extracted_images/train/Sabar/BISINDO_Sabar_009_frame3.jpg,Sabar,BISINDO_Sabar_009,train
/content/extracted_images/train/Sabar/BISINDO_Sabar_016_frame1.jpg,Sabar,BISINDO_Sabar_016,train
/content/extracted_images/train/Sabar/BISINDO_Sabar_016_frame2.jpg,Sabar,BISINDO_Sabar_016,train
/content/extracted_images/train/Sabar/BISINDO_Sabar_016_frame3.jpg,Sabar,BISINDO_Sabar_016,train
/content/extracted_images/train/Sabar/BISINDO_Sabar_017_frame1.jpg,Sabar,BISINDO_Sabar_017,train
/content/extracted_images/train/Sabar/BISINDO_Sabar_017_frame2.jpg,Sabar,BISINDO_Sabar_017,train
/content/extracted_images/train/Sabar/BISINDO_Sabar_017_frame3.jpg,Sabar,BISINDO_Sabar_017,train
/content/extracted_images/train/Sabar/BISINDO_Sabar_025_frame1.jpg,Sabar,BISINDO_Sabar_025,train
/content/extracted_images/train/Sabar/BISINDO_Sabar_025_frame2.jpg,Sabar,BISINDO_Sabar_025,train
/content/extracted_images/train/Sabar/BISINDO_Sabar_025_frame3.jpg,Sabar,BISINDO_Sabar_025,train
/content/extracted_images/train/Sabar/BISINDO_Sabar_010_frame1.jpg,Sabar,BISINDO_Sabar_010,train
/content/extracted_images/train/Sabar/BISINDO_Sabar_010_frame2.jpg,Sabar,BISINDO_Sabar_010,train
/content/extracted_images/train/Sabar/BISINDO_Sabar_010_frame3.jpg,Sabar,BISINDO_Sabar_010,train
/content/extracted_images/train/Sabar/BISINDO_Sabar_001_frame1.jpg,Sabar,BISINDO_Sabar_001,train
/content/extracted_images/train/Sabar/BISINDO_Sabar_001_frame2.jpg,Sabar,BISINDO_Sabar_001,train
/content/extracted_images/train/Sabar/BISINDO_Sabar_001_frame3.jpg,Sabar,BISINDO_Sabar_001,train
/content/extracted_images/train/Sabar/BISINDO_Sabar_007_frame1.jpg,Sabar,BISINDO_Sabar_007,train
/content/extracted_images/train/Sabar/BISINDO_Sabar_007_frame2.jpg,Sabar,BISINDO_Sabar_007,train
/content/extracted_images/train/Sabar/BISINDO_Sabar_007_frame3.jpg,Sabar,BISINDO_Sabar_007,train
/content/extracted_images/train/Sabar/BISINDO_Sabar_028_frame1.jpg,Sabar,BISINDO_Sabar_028,train
/content/extracted_images/train/Sabar/BISINDO_Sabar_028_frame2.jpg,Sabar,BISINDO_Sabar_028,train
/content/extracted_images/train/Sabar/BISINDO_Sabar_028_frame3.jpg,Sabar,BISINDO_Sabar_028,train
/content/extracted_images/train/Sabar/BISINDO_Sabar_037_frame1.jpg,Sabar,BISINDO_Sabar_037,train
/content/extracted_images/train/Sabar/BISINDO_Sabar_037_frame2.jpg,Sabar,BISINDO_Sabar_037,train
/content/extracted_images/train/Sabar/BISINDO_Sabar_037_frame3.jpg,Sabar,BISINDO_Sabar_037,train
/content/extracted_images/train/Sabar/BISINDO_Sabar_008_frame1.jpg,Sabar,BISINDO_Sabar_008,train
/content/extracted_images/train/Sabar/BISINDO_Sabar_008_frame2.jpg,Sabar,BISINDO_Sabar_008,train
/content/extracted_images/train/Sabar/BISINDO_Sabar_008_frame3.jpg,Sabar,BISINDO_Sabar_008,train
/content/extracted_images/train/Sabar/BISINDO_Sabar_044_frame1.jpg,Sabar,BISINDO_Sabar_044,train
/content/extracted_images/train/Sabar/BISINDO_Sabar_044_frame2.jpg,Sabar,BISINDO_Sabar_044,train
/content/extracted_images/train/Sabar/BISINDO_Sabar_044_frame3.jpg,Sabar,BISINDO_Sabar_044,train
/content/extracted_images/train/Sabar/BISINDO_Sabar_040_frame1.jpg,Sabar,BISINDO_Sabar_040,train
/content/extracted_images/train/Sabar/BISINDO_Sabar_040_frame2.jpg,Sabar,BISINDO_Sabar_040,train
/content/extracted_images/train/Sabar/BISINDO_Sabar_040_frame3.jpg,Sabar,BISINDO_Sabar_040,train
/content/extracted_images/train/Sabar/BISINDO_Sabar_023_frame1.jpg,Sabar,BISINDO_Sabar_023,train
/content/extracted_images/train/Sabar/BISINDO_Sabar_023_frame2.jpg,Sabar,BISINDO_Sabar_023,train
/content/extracted_images/train/Sabar/BISINDO_Sabar_023_frame3.jpg,Sabar,BISINDO_Sabar_023,train
/content/extracted_images/train/Sabar/BISINDO_Sabar_012_frame1.jpg,Sabar,BISINDO_Sabar_012,train
/content/extracted_images/train/Sabar/BISINDO_Sabar_012_frame2.jpg,Sabar,BISINDO_Sabar_012,train
/content/extracted_images/train/Sabar/BISINDO_Sabar_012_frame3.jpg,Sabar,BISINDO_Sabar_012,train
/content/extracted_images/train/Sabar/BISINDO_Sabar_006_frame1.jpg,Sabar,BISINDO_Sabar_006,train
/content/extracted_images/train/Sabar/BISINDO_Sabar_006_frame2.jpg,Sabar,BISINDO_Sabar_006,train
/content/extracted_images/train/Sabar/BISINDO_Sabar_006_frame3.jpg,Sabar,BISINDO_Sabar_006,train
/content/extracted_images/train/Sabar/BISINDO_Sabar_043_frame1.jpg,Sabar,BISINDO_Sabar_043,train
/content/extracted_images/train/Sabar/BISINDO_Sabar_043_frame2.jpg,Sabar,BISINDO_Sabar_043,train
/content/extracted_images/train/Sabar/BISINDO_Sabar_043_frame3.jpg,Sabar,BISINDO_Sabar_043,train
/content/extracted_images/train/Sabar/BISINDO_Sabar_042_frame1.jpg,Sabar,BISINDO_Sabar_042,train
/content/extracted_images/train/Sabar/BISINDO_Sabar_042_frame2.jpg,Sabar,BISINDO_Sabar_042,train
/content/extracted_images/train/Sabar/BISINDO_Sabar_042_frame3.jpg,Sabar,BISINDO_Sabar_042,train
/content/extracted_images/train/Sabar/BISINDO_Sabar_019_frame1.jpg,Sabar,BISINDO_Sabar_019,train
/content/extracted_images/train/Sabar/BISINDO_Sabar_019_frame2.jpg,Sabar,BISINDO_Sabar_019,train
/content/extracted_images/train/Sabar/BISINDO_Sabar_019_frame3.jpg,Sabar,BISINDO_Sabar_019,train
/content/extracted_images/train/Sabar/BISINDO_Sabar_045_frame1.jpg,Sabar,BISINDO_Sabar_045,train
/content/extracted_images/train/Sabar/BISINDO_Sabar_045_frame2.jpg,Sabar,BISINDO_Sabar_045,train
/content/extracted_images/train/Sabar/BISINDO_Sabar_045_frame3.jpg,Sabar,BISINDO_Sabar_045,train
/content/extracted_images/train/Sabar/BISINDO_Sabar_033_frame1.jpg,Sabar,BISINDO_Sabar_033,train
/content/extracted_images/train/Sabar/BISINDO_Sabar_033_frame2.jpg,Sabar,BISINDO_Sabar_033,train
/content/extracted_images/train/Sabar/BISINDO_Sabar_033_frame3.jpg,Sabar,BISINDO_Sabar_033,train
/content/extracted_images/train/Sabar/BISINDO_Sabar_002_frame1.jpg,Sabar,BISINDO_Sabar_002,train
/content/extracted_images/train/Sabar/BISINDO_Sabar_002_frame2.jpg,Sabar,BISINDO_Sabar_002,train
/content/extracted_images/train/Sabar/BISINDO_Sabar_002_frame3.jpg,Sabar,BISINDO_Sabar_002,train
/content/extracted_images/train/Sabar/BISINDO_Sabar_036_frame1.jpg,Sabar,BISINDO_Sabar_036,train
/content/extracted_images/train/Sabar/BISINDO_Sabar_036_frame2.jpg,Sabar,BISINDO_Sabar_036,train
/content/extracted_images/train/Sabar/BISINDO_Sabar_036_frame3.jpg,Sabar,BISINDO_Sabar_036,train
/content/extracted_images/train/Sabar/BISINDO_Sabar_031_frame1.jpg,Sabar,BISINDO_Sabar_031,train
/content/extracted_images/train/Sabar/BISINDO_Sabar_031_frame2.jpg,Sabar,BISINDO_Sabar_031,train
/content/extracted_images/train/Sabar/BISINDO_Sabar_031_frame3.jpg,Sabar,BISINDO_Sabar_031,train
/content/extracted_images/train/Sabar/BISINDO_Sabar_046_frame1.jpg,Sabar,BISINDO_Sabar_046,train
/content/extracted_images/train/Sabar/BISINDO_Sabar_046_frame2.jpg,Sabar,BISINDO_Sabar_046,train
/content/extracted_images/train/Sabar/BISINDO_Sabar_046_frame3.jpg,Sabar,BISINDO_Sabar_046,train
/content/extracted_images/train/Sabar/BISINDO_Sabar_027_frame1.jpg,Sabar,BISINDO_Sabar_027,train
/content/extracted_images/train/Sabar/BISINDO_Sabar_027_frame2.jpg,Sabar,BISINDO_Sabar_027,train
/content/extracted_images/train/Sabar/BISINDO_Sabar_027_frame3.jpg,Sabar,BISINDO_Sabar_027,train
/content/extracted_images/train/Sabar/BISINDO_Sabar_014_frame1.jpg,Sabar,BISINDO_Sabar_014,train
/content/extracted_images/train/Sabar/BISINDO_Sabar_014_frame2.jpg,Sabar,BISINDO_Sabar_014,train
/content/extracted_images/train/Sabar/BISINDO_Sabar_014_frame3.jpg,Sabar,BISINDO_Sabar_014,train
/content/extracted_images/train/Sabar/BISINDO_Sabar_038_frame1.jpg,Sabar,BISINDO_Sabar_038,train
/content/extracted_images/train/Sabar/BISINDO_Sabar_038_frame2.jpg,Sabar,BISINDO_Sabar_038,train
/content/extracted_images/train/Sabar/BISINDO_Sabar_038_frame3.jpg,Sabar,BISINDO_Sabar_038,train
/content/extracted_images/train/Kita/BISINDO_Kita_024_frame1.jpg,Kita,BISINDO_Kita_024,train
/content/extracted_images/train/Kita/BISINDO_Kita_024_frame2.jpg,Kita,BISINDO_Kita_024,train
/content/extracted_images/train/Kita/BISINDO_Kita_024_frame3.jpg,Kita,BISINDO_Kita_024,train
/content/extracted_images/train/Kita/BISINDO_Kita_029_frame1.jpg,Kita,BISINDO_Kita_029,train
/content/extracted_images/train/Kita/BISINDO_Kita_029_frame2.jpg,Kita,BISINDO_Kita_029,train
/content/extracted_images/train/Kita/BISINDO_Kita_029_frame3.jpg,Kita,BISINDO_Kita_029,train
/content/extracted_images/train/Kita/BISINDO_Kita_049_frame1.jpg,Kita,BISINDO_Kita_049,train
/content/extracted_images/train/Kita/BISINDO_Kita_049_frame2.jpg,Kita,BISINDO_Kita_049,train
/content/extracted_images/train/Kita/BISINDO_Kita_049_frame3.jpg,Kita,BISINDO_Kita_049,train
/content/extracted_images/train/Kita/BISINDO_Kita_001_frame1.jpg,Kita,BISINDO_Kita_001,train
/content/extracted_images/train/Kita/BISINDO_Kita_001_frame2.jpg,Kita,BISINDO_Kita_001,train
/content/extracted_images/train/Kita/BISINDO_Kita_001_frame3.jpg,Kita,BISINDO_Kita_001,train
/content/extracted_images/train/Kita/BISINDO_Kita_032_frame1.jpg,Kita,BISINDO_Kita_032,train
/content/extracted_images/train/Kita/BISINDO_Kita_032_frame2.jpg,Kita,BISINDO_Kita_032,train
/content/extracted_images/train/Kita/BISINDO_Kita_032_frame3.jpg,Kita,BISINDO_Kita_032,train
/content/extracted_images/train/Kita/BISINDO_Kita_005_frame1.jpg,Kita,BISINDO_Kita_005,train
/content/extracted_images/train/Kita/BISINDO_Kita_005_frame2.jpg,Kita,BISINDO_Kita_005,train
/content/extracted_images/train/Kita/BISINDO_Kita_005_frame3.jpg,Kita,BISINDO_Kita_005,train
/content/extracted_images/train/Kita/BISINDO_Kita_022_frame1.jpg,Kita,BISINDO_Kita_022,train
/content/extracted_images/train/Kita/BISINDO_Kita_022_frame2.jpg,Kita,BISINDO_Kita_022,train
/content/extracted_images/train/Kita/BISINDO_Kita_022_frame3.jpg,Kita,BISINDO_Kita_022,train
/content/extracted_images/train/Kita/BISINDO_Kita_010_frame1.jpg,Kita,BISINDO_Kita_010,train
/content/extracted_images/train/Kita/BISINDO_Kita_010_frame2.jpg,Kita,BISINDO_Kita_010,train
/content/extracted_images/train/Kita/BISINDO_Kita_010_frame3.jpg,Kita,BISINDO_Kita_010,train
/content/extracted_images/train/Kita/BISINDO_Kita_047_frame1.jpg,Kita,BISINDO_Kita_047,train
/content/extracted_images/train/Kita/BISINDO_Kita_047_frame2.jpg,Kita,BISINDO_Kita_047,train
/content/extracted_images/train/Kita/BISINDO_Kita_047_frame3.jpg,Kita,BISINDO_Kita_047,train
/content/extracted_images/train/Kita/BISINDO_Kita_033_frame1.jpg,Kita,BISINDO_Kita_033,train
/content/extracted_images/train/Kita/BISINDO_Kita_033_frame2.jpg,Kita,BISINDO_Kita_033,train
/content/extracted_images/train/Kita/BISINDO_Kita_033_frame3.jpg,Kita,BISINDO_Kita_033,train
/content/extracted_images/train/Kita/BISINDO_Kita_003_frame1.jpg,Kita,BISINDO_Kita_003,train
/content/extracted_images/train/Kita/BISINDO_Kita_003_frame2.jpg,Kita,BISINDO_Kita_003,train
/content/extracted_images/train/Kita/BISINDO_Kita_003_frame3.jpg,Kita,BISINDO_Kita_003,train
/content/extracted_images/train/Kita/BISINDO_Kita_027_frame1.jpg,Kita,BISINDO_Kita_027,train
/content/extracted_images/train/Kita/BISINDO_Kita_027_frame2.jpg,Kita,BISINDO_Kita_027,train
/content/extracted_images/train/Kita/BISINDO_Kita_027_frame3.jpg,Kita,BISINDO_Kita_027,train
/content/extracted_images/train/Kita/BISINDO_Kita_002_frame1.jpg,Kita,BISINDO_Kita_002,train
/content/extracted_images/train/Kita/BISINDO_Kita_002_frame2.jpg,Kita,BISINDO_Kita_002,train
/content/extracted_images/train/Kita/BISINDO_Kita_002_frame3.jpg,Kita,BISINDO_Kita_002,train
/content/extracted_images/train/Kita/BISINDO_Kita_009_frame1.jpg,Kita,BISINDO_Kita_009,train
/content/extracted_images/train/Kita/BISINDO_Kita_009_frame2.jpg,Kita,BISINDO_Kita_009,train
/content/extracted_images/train/Kita/BISINDO_Kita_009_frame3.jpg,Kita,BISINDO_Kita_009,train
/content/extracted_images/train/Kita/BISINDO_Kita_019_frame1.jpg,Kita,BISINDO_Kita_019,train
/content/extracted_images/train/Kita/BISINDO_Kita_019_frame2.jpg,Kita,BISINDO_Kita_019,train
/content/extracted_images/train/Kita/BISINDO_Kita_019_frame3.jpg,Kita,BISINDO_Kita_019,train
/content/extracted_images/train/Kita/BISINDO_Kita_034_frame1.jpg,Kita,BISINDO_Kita_034,train
/content/extracted_images/train/Kita/BISINDO_Kita_034_frame2.jpg,Kita,BISINDO_Kita_034,train
/content/extracted_images/train/Kita/BISINDO_Kita_034_frame3.jpg,Kita,BISINDO_Kita_034,train
/content/extracted_images/train/Kita/BISINDO_Kita_044_frame1.jpg,Kita,BISINDO_Kita_044,train
/content/extracted_images/train/Kita/BISINDO_Kita_044_frame2.jpg,Kita,BISINDO_Kita_044,train
/content/extracted_images/train/Kita/BISINDO_Kita_044_frame3.jpg,Kita,BISINDO_Kita_044,train
/content/extracted_images/train/Kita/BISINDO_Kita_018_frame1.jpg,Kita,BISINDO_Kita_018,train
/content/extracted_images/train/Kita/BISINDO_Kita_018_frame2.jpg,Kita,BISINDO_Kita_018,train
/content/extracted_images/train/Kita/BISINDO_Kita_018_frame3.jpg,Kita,BISINDO_Kita_018,train
/content/extracted_images/train/Kita/BISINDO_Kita_046_frame1.jpg,Kita,BISINDO_Kita_046,train
/content/extracted_images/train/Kita/BISINDO_Kita_046_frame2.jpg,Kita,BISINDO_Kita_046,train
/content/extracted_images/train/Kita/BISINDO_Kita_046_frame3.jpg,Kita,BISINDO_Kita_046,train
/content/extracted_images/train/Kita/BISINDO_Kita_031_frame1.jpg,Kita,BISINDO_Kita_031,train
/content/extracted_images/train/Kita/BISINDO_Kita_031_frame2.jpg,Kita,BISINDO_Kita_031,train
/content/extracted_images/train/Kita/BISINDO_Kita_031_frame3.jpg,Kita,BISINDO_Kita_031,train
/content/extracted_images/train/Kita/BISINDO_Kita_021_frame1.jpg,Kita,BISINDO_Kita_021,train
/content/extracted_images/train/Kita/BISINDO_Kita_021_frame2.jpg,Kita,BISINDO_Kita_021,train
/content/extracted_images/train/Kita/BISINDO_Kita_021_frame3.jpg,Kita,BISINDO_Kita_021,train
/content/extracted_images/train/Kita/BISINDO_Kita_014_frame1.jpg,Kita,BISINDO_Kita_014,train
/content/extracted_images/train/Kita/BISINDO_Kita_014_frame2.jpg,Kita,BISINDO_Kita_014,train
/content/extracted_images/train/Kita/BISINDO_Kita_014_frame3.jpg,Kita,BISINDO_Kita_014,train
/content/extracted_images/train/Kita/BISINDO_Kita_012_frame1.jpg,Kita,BISINDO_Kita_012,train
/content/extracted_images/train/Kita/BISINDO_Kita_012_frame2.jpg,Kita,BISINDO_Kita_012,train
/content/extracted_images/train/Kita/BISINDO_Kita_012_frame3.jpg,Kita,BISINDO_Kita_012,train
/content/extracted_images/train/Kita/BISINDO_Kita_041_frame1.jpg,Kita,BISINDO_Kita_041,train
/content/extracted_images/train/Kita/BISINDO_Kita_041_frame2.jpg,Kita,BISINDO_Kita_041,train
/content/extracted_images/train/Kita/BISINDO_Kita_041_frame3.jpg,Kita,BISINDO_Kita_041,train
/content/extracted_images/train/Kita/BISINDO_Kita_028_frame1.jpg,Kita,BISINDO_Kita_028,train
/content/extracted_images/train/Kita/BISINDO_Kita_028_frame2.jpg,Kita,BISINDO_Kita_028,train
/content/extracted_images/train/Kita/BISINDO_Kita_028_frame3.jpg,Kita,BISINDO_Kita_028,train
/content/extracted_images/train/Kita/BISINDO_Kita_042_frame1.jpg,Kita,BISINDO_Kita_042,train
/content/extracted_images/train/Kita/BISINDO_Kita_042_frame2.jpg,Kita,BISINDO_Kita_042,train
/content/extracted_images/train/Kita/BISINDO_Kita_042_frame3.jpg,Kita,BISINDO_Kita_042,train
/content/extracted_images/train/Kita/BISINDO_Kita_007_frame1.jpg,Kita,BISINDO_Kita_007,train
/content/extracted_images/train/Kita/BISINDO_Kita_007_frame2.jpg,Kita,BISINDO_Kita_007,train
/content/extracted_images/train/Kita/BISINDO_Kita_007_frame3.jpg,Kita,BISINDO_Kita_007,train
/content/extracted_images/train/Kita/BISINDO_Kita_004_frame1.jpg,Kita,BISINDO_Kita_004,train
/content/extracted_images/train/Kita/BISINDO_Kita_004_frame2.jpg,Kita,BISINDO_Kita_004,train
/content/extracted_images/train/Kita/BISINDO_Kita_004_frame3.jpg,Kita,BISINDO_Kita_004,train
/content/extracted_images/train/Kita/BISINDO_Kita_015_frame1.jpg,Kita,BISINDO_Kita_015,train
/content/extracted_images/train/Kita/BISINDO_Kita_015_frame2.jpg,Kita,BISINDO_Kita_015,train
/content/extracted_images/train/Kita/BISINDO_Kita_015_frame3.jpg,Kita,BISINDO_Kita_015,train
/content/extracted_images/train/Kita/BISINDO_Kita_048_frame1.jpg,Kita,BISINDO_Kita_048,train
/content/extracted_images/train/Kita/BISINDO_Kita_048_frame2.jpg,Kita,BISINDO_Kita_048,train
/content/extracted_images/train/Kita/BISINDO_Kita_048_frame3.jpg,Kita,BISINDO_Kita_048,train
/content/extracted_images/train/Kita/BISINDO_Kita_020_frame1.jpg,Kita,BISINDO_Kita_020,train
/content/extracted_images/train/Kita/BISINDO_Kita_020_frame2.jpg,Kita,BISINDO_Kita_020,train
/content/extracted_images/train/Kita/BISINDO_Kita_020_frame3.jpg,Kita,BISINDO_Kita_020,train
/content/extracted_images/train/Kita/BISINDO_Kita_035_frame1.jpg,Kita,BISINDO_Kita_035,train
/content/extracted_images/train/Kita/BISINDO_Kita_035_frame2.jpg,Kita,BISINDO_Kita_035,train
/content/extracted_images/train/Kita/BISINDO_Kita_035_frame3.jpg,Kita,BISINDO_Kita_035,train
/content/extracted_images/train/Kita/BISINDO_Kita_016_frame1.jpg,Kita,BISINDO_Kita_016,train
/content/extracted_images/train/Kita/BISINDO_Kita_016_frame2.jpg,Kita,BISINDO_Kita_016,train
/content/extracted_images/train/Kita/BISINDO_Kita_016_frame3.jpg,Kita,BISINDO_Kita_016,train
/content/extracted_images/train/Kita/BISINDO_Kita_011_frame1.jpg,Kita,BISINDO_Kita_011,train
/content/extracted_images/train/Kita/BISINDO_Kita_011_frame2.jpg,Kita,BISINDO_Kita_011,train
/content/extracted_images/train/Kita/BISINDO_Kita_011_frame3.jpg,Kita,BISINDO_Kita_011,train
/content/extracted_images/train/Kita/BISINDO_Kita_036_frame1.jpg,Kita,BISINDO_Kita_036,train
/content/extracted_images/train/Kita/BISINDO_Kita_036_frame2.jpg,Kita,BISINDO_Kita_036,train
/content/extracted_images/train/Kita/BISINDO_Kita_036_frame3.jpg,Kita,BISINDO_Kita_036,train
/content/extracted_images/train/Kita/BISINDO_Kita_050_frame1.jpg,Kita,BISINDO_Kita_050,train
/content/extracted_images/train/Kita/BISINDO_Kita_050_frame2.jpg,Kita,BISINDO_Kita_050,train
/content/extracted_images/train/Kita/BISINDO_Kita_050_frame3.jpg,Kita,BISINDO_Kita_050,train
/content/extracted_images/train/Kita/BISINDO_Kita_026_frame1.jpg,Kita,BISINDO_Kita_026,train
/content/extracted_images/train/Kita/BISINDO_Kita_026_frame2.jpg,Kita,BISINDO_Kita_026,train
/content/extracted_images/train/Kita/BISINDO_Kita_026_frame3.jpg,Kita,BISINDO_Kita_026,train
/content/extracted_images/train/Kita/BISINDO_Kita_045_frame1.jpg,Kita,BISINDO_Kita_045,train
/content/extracted_images/train/Kita/BISINDO_Kita_045_frame2.jpg,Kita,BISINDO_Kita_045,train
/content/extracted_images/train/Kita/BISINDO_Kita_045_frame3.jpg,Kita,BISINDO_Kita_045,train
/content/extracted_images/train/Kita/BISINDO_Kita_017_frame1.jpg,Kita,BISINDO_Kita_017,train
/content/extracted_images/train/Kita/BISINDO_Kita_017_frame2.jpg,Kita,BISINDO_Kita_017,train
/content/extracted_images/train/Kita/BISINDO_Kita_017_frame3.jpg,Kita,BISINDO_Kita_017,train
/content/extracted_images/train/Kita/BISINDO_Kita_043_frame1.jpg,Kita,BISINDO_Kita_043,train
/content/extracted_images/train/Kita/BISINDO_Kita_043_frame2.jpg,Kita,BISINDO_Kita_043,train
/content/extracted_images/train/Kita/BISINDO_Kita_043_frame3.jpg,Kita,BISINDO_Kita_043,train
/content/extracted_images/train/Kita/BISINDO_Kita_023_frame1.jpg,Kita,BISINDO_Kita_023,train
/content/extracted_images/train/Kita/BISINDO_Kita_023_frame2.jpg,Kita,BISINDO_Kita_023,train
/content/extracted_images/train/Kita/BISINDO_Kita_023_frame3.jpg,Kita,BISINDO_Kita_023,train
/content/extracted_images/train/Tinggi/BISINDO_Tinggi_024_frame1.jpg,Tinggi,BISINDO_Tinggi_024,train
/content/extracted_images/train/Tinggi/BISINDO_Tinggi_024_frame2.jpg,Tinggi,BISINDO_Tinggi_024,train
/content/extracted_images/train/Tinggi/BISINDO_Tinggi_024_frame3.jpg,Tinggi,BISINDO_Tinggi_024,train
/content/extracted_images/train/Tinggi/BISINDO_Tinggi_040_frame1.jpg,Tinggi,BISINDO_Tinggi_040,train
/content/extracted_images/train/Tinggi/BISINDO_Tinggi_040_frame2.jpg,Tinggi,BISINDO_Tinggi_040,train
/content/extracted_images/train/Tinggi/BISINDO_Tinggi_040_frame3.jpg,Tinggi,BISINDO_Tinggi_040,train
/content/extracted_images/train/Tinggi/BISINDO_Tinggi_027_frame1.jpg,Tinggi,BISINDO_Tinggi_027,train
/content/extracted_images/train/Tinggi/BISINDO_Tinggi_027_frame2.jpg,Tinggi,BISINDO_Tinggi_027,train
/content/extracted_images/train/Tinggi/BISINDO_Tinggi_027_frame3.jpg,Tinggi,BISINDO_Tinggi_027,train
/content/extracted_images/train/Tinggi/BISINDO_Tinggi_002_frame1.jpg,Tinggi,BISINDO_Tinggi_002,train
/content/extracted_images/train/Tinggi/BISINDO_Tinggi_002_frame2.jpg,Tinggi,BISINDO_Tinggi_002,train
/content/extracted_images/train/Tinggi/BISINDO_Tinggi_002_frame3.jpg,Tinggi,BISINDO_Tinggi_002,train
/content/extracted_images/train/Tinggi/BISINDO_Tinggi_035_frame1.jpg,Tinggi,BISINDO_Tinggi_035,train
/content/extracted_images/train/Tinggi/BISINDO_Tinggi_035_frame2.jpg,Tinggi,BISINDO_Tinggi_035,train
/content/extracted_images/train/Tinggi/BISINDO_Tinggi_035_frame3.jpg,Tinggi,BISINDO_Tinggi_035,train
/content/extracted_images/train/Tinggi/BISINDO_Tinggi_008_frame1.jpg,Tinggi,BISINDO_Tinggi_008,train
/content/extracted_images/train/Tinggi/BISINDO_Tinggi_008_frame2.jpg,Tinggi,BISINDO_Tinggi_008,train
/content/extracted_images/train/Tinggi/BISINDO_Tinggi_008_frame3.jpg,Tinggi,BISINDO_Tinggi_008,train
/content/extracted_images/train/Tinggi/BISINDO_Tinggi_007_frame1.jpg,Tinggi,BISINDO_Tinggi_007,train
/content/extracted_images/train/Tinggi/BISINDO_Tinggi_007_frame2.jpg,Tinggi,BISINDO_Tinggi_007,train
/content/extracted_images/train/Tinggi/BISINDO_Tinggi_007_frame3.jpg,Tinggi,BISINDO_Tinggi_007,train
/content/extracted_images/train/Tinggi/BISINDO_Tinggi_049_frame1.jpg,Tinggi,BISINDO_Tinggi_049,train
/content/extracted_images/train/Tinggi/BISINDO_Tinggi_049_frame2.jpg,Tinggi,BISINDO_Tinggi_049,train
/content/extracted_images/train/Tinggi/BISINDO_Tinggi_049_frame3.jpg,Tinggi,BISINDO_Tinggi_049,train
/content/extracted_images/train/Tinggi/BISINDO_Tinggi_047_frame1.jpg,Tinggi,BISINDO_Tinggi_047,train
/content/extracted_images/train/Tinggi/BISINDO_Tinggi_047_frame2.jpg,Tinggi,BISINDO_Tinggi_047,train
/content/extracted_images/train/Tinggi/BISINDO_Tinggi_047_frame3.jpg,Tinggi,BISINDO_Tinggi_047,train
/content/extracted_images/train/Tinggi/BISINDO_Tinggi_026_frame1.jpg,Tinggi,BISINDO_Tinggi_026,train
/content/extracted_images/train/Tinggi/BISINDO_Tinggi_026_frame2.jpg,Tinggi,BISINDO_Tinggi_026,train
/content/extracted_images/train/Tinggi/BISINDO_Tinggi_026_frame3.jpg,Tinggi,BISINDO_Tinggi_026,train
/content/extracted_images/train/Tinggi/BISINDO_Tinggi_028_frame1.jpg,Tinggi,BISINDO_Tinggi_028,train
/content/extracted_images/train/Tinggi/BISINDO_Tinggi_028_frame2.jpg,Tinggi,BISINDO_Tinggi_028,train
/content/extracted_images/train/Tinggi/BISINDO_Tinggi_028_frame3.jpg,Tinggi,BISINDO_Tinggi_028,train
/content/extracted_images/train/Tinggi/BISINDO_Tinggi_005_frame1.jpg,Tinggi,BISINDO_Tinggi_005,train
/content/extracted_images/train/Tinggi/BISINDO_Tinggi_005_frame2.jpg,Tinggi,BISINDO_Tinggi_005,train
/content/extracted_images/train/Tinggi/BISINDO_Tinggi_005_frame3.jpg,Tinggi,BISINDO_Tinggi_005,train
/content/extracted_images/train/Tinggi/BISINDO_Tinggi_023_frame1.jpg,Tinggi,BISINDO_Tinggi_023,train
/content/extracted_images/train/Tinggi/BISINDO_Tinggi_023_frame2.jpg,Tinggi,BISINDO_Tinggi_023,train
/content/extracted_images/train/Tinggi/BISINDO_Tinggi_023_frame3.jpg,Tinggi,BISINDO_Tinggi_023,train
/content/extracted_images/train/Tinggi/BISINDO_Tinggi_031_frame1.jpg,Tinggi,BISINDO_Tinggi_031,train
/content/extracted_images/train/Tinggi/BISINDO_Tinggi_031_frame2.jpg,Tinggi,BISINDO_Tinggi_031,train
/content/extracted_images/train/Tinggi/BISINDO_Tinggi_031_frame3.jpg,Tinggi,BISINDO_Tinggi_031,train
/content/extracted_images/train/Tinggi/BISINDO_Tinggi_030_frame1.jpg,Tinggi,BISINDO_Tinggi_030,train
/content/extracted_images/train/Tinggi/BISINDO_Tinggi_030_frame2.jpg,Tinggi,BISINDO_Tinggi_030,train
/content/extracted_images/train/Tinggi/BISINDO_Tinggi_030_frame3.jpg,Tinggi,BISINDO_Tinggi_030,train
/content/extracted_images/train/Tinggi/BISINDO_Tinggi_003_frame1.jpg,Tinggi,BISINDO_Tinggi_003,train
/content/extracted_images/train/Tinggi/BISINDO_Tinggi_003_frame2.jpg,Tinggi,BISINDO_Tinggi_003,train
/content/extracted_images/train/Tinggi/BISINDO_Tinggi_003_frame3.jpg,Tinggi,BISINDO_Tinggi_003,train
/content/extracted_images/train/Tinggi/BISINDO_Tinggi_039_frame1.jpg,Tinggi,BISINDO_Tinggi_039,train
/content/extracted_images/train/Tinggi/BISINDO_Tinggi_039_frame2.jpg,Tinggi,BISINDO_Tinggi_039,train
/content/extracted_images/train/Tinggi/BISINDO_Tinggi_039_frame3.jpg,Tinggi,BISINDO_Tinggi_039,train
/content/extracted_images/train/Tinggi/BISINDO_Tinggi_043_frame1.jpg,Tinggi,BISINDO_Tinggi_043,train
/content/extracted_images/train/Tinggi/BISINDO_Tinggi_043_frame2.jpg,Tinggi,BISINDO_Tinggi_043,train
/content/extracted_images/train/Tinggi/BISINDO_Tinggi_043_frame3.jpg,Tinggi,BISINDO_Tinggi_043,train
/content/extracted_images/train/Tinggi/BISINDO_Tinggi_045_frame1.jpg,Tinggi,BISINDO_Tinggi_045,train
/content/extracted_images/train/Tinggi/BISINDO_Tinggi_045_frame2.jpg,Tinggi,BISINDO_Tinggi_045,train
/content/extracted_images/train/Tinggi/BISINDO_Tinggi_045_frame3.jpg,Tinggi,BISINDO_Tinggi_045,train
/content/extracted_images/train/Tinggi/BISINDO_Tinggi_050_frame1.jpg,Tinggi,BISINDO_Tinggi_050,train
/content/extracted_images/train/Tinggi/BISINDO_Tinggi_050_frame2.jpg,Tinggi,BISINDO_Tinggi_050,train
/content/extracted_images/train/Tinggi/BISINDO_Tinggi_050_frame3.jpg,Tinggi,BISINDO_Tinggi_050,train
/content/extracted_images/train/Tinggi/BISINDO_Tinggi_012_frame1.jpg,Tinggi,BISINDO_Tinggi_012,train
/content/extracted_images/train/Tinggi/BISINDO_Tinggi_012_frame2.jpg,Tinggi,BISINDO_Tinggi_012,train
/content/extracted_images/train/Tinggi/BISINDO_Tinggi_012_frame3.jpg,Tinggi,BISINDO_Tinggi_012,train
/content/extracted_images/train/Tinggi/BISINDO_Tinggi_009_frame1.jpg,Tinggi,BISINDO_Tinggi_009,train
/content/extracted_images/train/Tinggi/BISINDO_Tinggi_009_frame2.jpg,Tinggi,BISINDO_Tinggi_009,train
/content/extracted_images/train/Tinggi/BISINDO_Tinggi_009_frame3.jpg,Tinggi,BISINDO_Tinggi_009,train
/content/extracted_images/train/Tinggi/BISINDO_Tinggi_033_frame1.jpg,Tinggi,BISINDO_Tinggi_033,train
/content/extracted_images/train/Tinggi/BISINDO_Tinggi_033_frame2.jpg,Tinggi,BISINDO_Tinggi_033,train
/content/extracted_images/train/Tinggi/BISINDO_Tinggi_033_frame3.jpg,Tinggi,BISINDO_Tinggi_033,train
/content/extracted_images/train/Tinggi/BISINDO_Tinggi_036_frame1.jpg,Tinggi,BISINDO_Tinggi_036,train
/content/extracted_images/train/Tinggi/BISINDO_Tinggi_036_frame2.jpg,Tinggi,BISINDO_Tinggi_036,train
/content/extracted_images/train/Tinggi/BISINDO_Tinggi_036_frame3.jpg,Tinggi,BISINDO_Tinggi_036,train
/content/extracted_images/train/Tinggi/BISINDO_Tinggi_015_frame1.jpg,Tinggi,BISINDO_Tinggi_015,train
/content/extracted_images/train/Tinggi/BISINDO_Tinggi_015_frame2.jpg,Tinggi,BISINDO_Tinggi_015,train
/content/extracted_images/train/Tinggi/BISINDO_Tinggi_015_frame3.jpg,Tinggi,BISINDO_Tinggi_015,train
/content/extracted_images/train/Tinggi/BISINDO_Tinggi_034_frame1.jpg,Tinggi,BISINDO_Tinggi_034,train
/content/extracted_images/train/Tinggi/BISINDO_Tinggi_034_frame2.jpg,Tinggi,BISINDO_Tinggi_034,train
/content/extracted_images/train/Tinggi/BISINDO_Tinggi_034_frame3.jpg,Tinggi,BISINDO_Tinggi_034,train
/content/extracted_images/train/Tinggi/BISINDO_Tinggi_037_frame1.jpg,Tinggi,BISINDO_Tinggi_037,train
/content/extracted_images/train/Tinggi/BISINDO_Tinggi_037_frame2.jpg,Tinggi,BISINDO_Tinggi_037,train
/content/extracted_images/train/Tinggi/BISINDO_Tinggi_037_frame3.jpg,Tinggi,BISINDO_Tinggi_037,train
/content/extracted_images/train/Tinggi/BISINDO_Tinggi_018_frame1.jpg,Tinggi,BISINDO_Tinggi_018,train
/content/extracted_images/train/Tinggi/BISINDO_Tinggi_018_frame2.jpg,Tinggi,BISINDO_Tinggi_018,train
/content/extracted_images/train/Tinggi/BISINDO_Tinggi_018_frame3.jpg,Tinggi,BISINDO_Tinggi_018,train
/content/extracted_images/train/Tinggi/BISINDO_Tinggi_042_frame1.jpg,Tinggi,BISINDO_Tinggi_042,train
/content/extracted_images/train/Tinggi/BISINDO_Tinggi_042_frame2.jpg,Tinggi,BISINDO_Tinggi_042,train
/content/extracted_images/train/Tinggi/BISINDO_Tinggi_042_frame3.jpg,Tinggi,BISINDO_Tinggi_042,train
/content/extracted_images/train/Tinggi/BISINDO_Tinggi_048_frame1.jpg,Tinggi,BISINDO_Tinggi_048,train
/content/extracted_images/train/Tinggi/BISINDO_Tinggi_048_frame2.jpg,Tinggi,BISINDO_Tinggi_048,train
/content/extracted_images/train/Tinggi/BISINDO_Tinggi_048_frame3.jpg,Tinggi,BISINDO_Tinggi_048,train
/content/extracted_images/train/Tinggi/BISINDO_Tinggi_019_frame1.jpg,Tinggi,BISINDO_Tinggi_019,train
/content/extracted_images/train/Tinggi/BISINDO_Tinggi_019_frame2.jpg,Tinggi,BISINDO_Tinggi_019,train
/content/extracted_images/train/Tinggi/BISINDO_Tinggi_019_frame3.jpg,Tinggi,BISINDO_Tinggi_019,train
/content/extracted_images/train/Tinggi/BISINDO_Tinggi_014_frame1.jpg,Tinggi,BISINDO_Tinggi_014,train
/content/extracted_images/train/Tinggi/BISINDO_Tinggi_014_frame2.jpg,Tinggi,BISINDO_Tinggi_014,train
/content/extracted_images/train/Tinggi/BISINDO_Tinggi_014_frame3.jpg,Tinggi,BISINDO_Tinggi_014,train
/content/extracted_images/train/Tinggi/BISINDO_Tinggi_011_frame1.jpg,Tinggi,BISINDO_Tinggi_011,train
/content/extracted_images/train/Tinggi/BISINDO_Tinggi_011_frame2.jpg,Tinggi,BISINDO_Tinggi_011,train
/content/extracted_images/train/Tinggi/BISINDO_Tinggi_011_frame3.jpg,Tinggi,BISINDO_Tinggi_011,train
/content/extracted_images/train/Tinggi/BISINDO_Tinggi_006_frame1.jpg,Tinggi,BISINDO_Tinggi_006,train
/content/extracted_images/train/Tinggi/BISINDO_Tinggi_006_frame2.jpg,Tinggi,BISINDO_Tinggi_006,train
/content/extracted_images/train/Tinggi/BISINDO_Tinggi_006_frame3.jpg,Tinggi,BISINDO_Tinggi_006,train
/content/extracted_images/train/Tinggi/BISINDO_Tinggi_025_frame1.jpg,Tinggi,BISINDO_Tinggi_025,train
/content/extracted_images/train/Tinggi/BISINDO_Tinggi_025_frame2.jpg,Tinggi,BISINDO_Tinggi_025,train
/content/extracted_images/train/Tinggi/BISINDO_Tinggi_025_frame3.jpg,Tinggi,BISINDO_Tinggi_025,train
/content/extracted_images/train/Tinggi/BISINDO_Tinggi_021_frame1.jpg,Tinggi,BISINDO_Tinggi_021,train
/content/extracted_images/train/Tinggi/BISINDO_Tinggi_021_frame2.jpg,Tinggi,BISINDO_Tinggi_021,train
/content/extracted_images/train/Tinggi/BISINDO_Tinggi_021_frame3.jpg,Tinggi,BISINDO_Tinggi_021,train
/content/extracted_images/train/Tinggi/BISINDO_Tinggi_046_frame1.jpg,Tinggi,BISINDO_Tinggi_046,train
/content/extracted_images/train/Tinggi/BISINDO_Tinggi_046_frame2.jpg,Tinggi,BISINDO_Tinggi_046,train
/content/extracted_images/train/Tinggi/BISINDO_Tinggi_046_frame3.jpg,Tinggi,BISINDO_Tinggi_046,train
/content/extracted_images/train/Tinggi/BISINDO_Tinggi_004_frame1.jpg,Tinggi,BISINDO_Tinggi_004,train
/content/extracted_images/train/Tinggi/BISINDO_Tinggi_004_frame2.jpg,Tinggi,BISINDO_Tinggi_004,train
/content/extracted_images/train/Tinggi/BISINDO_Tinggi_004_frame3.jpg,Tinggi,BISINDO_Tinggi_004,train
/content/extracted_images/train/Tinggi/BISINDO_Tinggi_020_frame1.jpg,Tinggi,BISINDO_Tinggi_020,train
/content/extracted_images/train/Tinggi/BISINDO_Tinggi_020_frame2.jpg,Tinggi,BISINDO_Tinggi_020,train
/content/extracted_images/train/Tinggi/BISINDO_Tinggi_020_frame3.jpg,Tinggi,BISINDO_Tinggi_020,train
/content/extracted_images/train/Tinggi/BISINDO_Tinggi_022_frame1.jpg,Tinggi,BISINDO_Tinggi_022,train
/content/extracted_images/train/Tinggi/BISINDO_Tinggi_022_frame2.jpg,Tinggi,BISINDO_Tinggi_022,train
/content/extracted_images/train/Tinggi/BISINDO_Tinggi_022_frame3.jpg,Tinggi,BISINDO_Tinggi_022,train
/content/extracted_images/train/Tinggi/BISINDO_Tinggi_044_frame1.jpg,Tinggi,BISINDO_Tinggi_044,train
/content/extracted_images/train/Tinggi/BISINDO_Tinggi_044_frame2.jpg,Tinggi,BISINDO_Tinggi_044,train
/content/extracted_images/train/Tinggi/BISINDO_Tinggi_044_frame3.jpg,Tinggi,BISINDO_Tinggi_044,train
/content/extracted_images/train/Selamat Malam/BISINDO_Selamat Malam_029_frame1.jpg,Selamat Malam,BISINDO_Selamat Malam_029,train
/content/extracted_images/train/Selamat Malam/BISINDO_Selamat Malam_029_frame2.jpg,Selamat Malam,BISINDO_Selamat Malam_029,train
/content/extracted_images/train/Selamat Malam/BISINDO_Selamat Malam_029_frame3.jpg,Selamat Malam,BISINDO_Selamat Malam_029,train
/content/extracted_images/train/Selamat Malam/BISINDO_Selamat Malam_041_frame1.jpg,Selamat Malam,BISINDO_Selamat Malam_041,train
/content/extracted_images/train/Selamat Malam/BISINDO_Selamat Malam_041_frame2.jpg,Selamat Malam,BISINDO_Selamat Malam_041,train
/content/extracted_images/train/Selamat Malam/BISINDO_Selamat Malam_041_frame3.jpg,Selamat Malam,BISINDO_Selamat Malam_041,train
/content/extracted_images/train/Selamat Malam/BISINDO_Selamat Malam_037_frame1.jpg,Selamat Malam,BISINDO_Selamat Malam_037,train
/content/extracted_images/train/Selamat Malam/BISINDO_Selamat Malam_037_frame2.jpg,Selamat Malam,BISINDO_Selamat Malam_037,train
/content/extracted_images/train/Selamat Malam/BISINDO_Selamat Malam_037_frame3.jpg,Selamat Malam,BISINDO_Selamat Malam_037,train
/content/extracted_images/train/Selamat Malam/BISINDO_Selamat Malam_036_frame1.jpg,Selamat Malam,BISINDO_Selamat Malam_036,train
/content/extracted_images/train/Selamat Malam/BISINDO_Selamat Malam_036_frame2.jpg,Selamat Malam,BISINDO_Selamat Malam_036,train
/content/extracted_images/train/Selamat Malam/BISINDO_Selamat Malam_036_frame3.jpg,Selamat Malam,BISINDO_Selamat Malam_036,train
/content/extracted_images/train/Selamat Malam/BISINDO_Selamat Malam_042_frame1.jpg,Selamat Malam,BISINDO_Selamat Malam_042,train
/content/extracted_images/train/Selamat Malam/BISINDO_Selamat Malam_042_frame2.jpg,Selamat Malam,BISINDO_Selamat Malam_042,train
/content/extracted_images/train/Selamat Malam/BISINDO_Selamat Malam_042_frame3.jpg,Selamat Malam,BISINDO_Selamat Malam_042,train
/content/extracted_images/train/Selamat Malam/BISINDO_Selamat Malam_027_frame1.jpg,Selamat Malam,BISINDO_Selamat Malam_027,train
/content/extracted_images/train/Selamat Malam/BISINDO_Selamat Malam_027_frame2.jpg,Selamat Malam,BISINDO_Selamat Malam_027,train
/content/extracted_images/train/Selamat Malam/BISINDO_Selamat Malam_027_frame3.jpg,Selamat Malam,BISINDO_Selamat Malam_027,train
/content/extracted_images/train/Selamat Malam/BISINDO_Selamat Malam_034_frame1.jpg,Selamat Malam,BISINDO_Selamat Malam_034,train
/content/extracted_images/train/Selamat Malam/BISINDO_Selamat Malam_034_frame2.jpg,Selamat Malam,BISINDO_Selamat Malam_034,train
/content/extracted_images/train/Selamat Malam/BISINDO_Selamat Malam_034_frame3.jpg,Selamat Malam,BISINDO_Selamat Malam_034,train
/content/extracted_images/train/Selamat Malam/BISINDO_Selamat Malam_009_frame1.jpg,Selamat Malam,BISINDO_Selamat Malam_009,train
/content/extracted_images/train/Selamat Malam/BISINDO_Selamat Malam_009_frame2.jpg,Selamat Malam,BISINDO_Selamat Malam_009,train
/content/extracted_images/train/Selamat Malam/BISINDO_Selamat Malam_009_frame3.jpg,Selamat Malam,BISINDO_Selamat Malam_009,train
/content/extracted_images/train/Selamat Malam/BISINDO_Selamat Malam_050_frame1.jpg,Selamat Malam,BISINDO_Selamat Malam_050,train
/content/extracted_images/train/Selamat Malam/BISINDO_Selamat Malam_050_frame2.jpg,Selamat Malam,BISINDO_Selamat Malam_050,train
/content/extracted_images/train/Selamat Malam/BISINDO_Selamat Malam_050_frame3.jpg,Selamat Malam,BISINDO_Selamat Malam_050,train
/content/extracted_images/train/Selamat Malam/BISINDO_Selamat Malam_012_frame1.jpg,Selamat Malam,BISINDO_Selamat Malam_012,train
/content/extracted_images/train/Selamat Malam/BISINDO_Selamat Malam_012_frame2.jpg,Selamat Malam,BISINDO_Selamat Malam_012,train
/content/extracted_images/train/Selamat Malam/BISINDO_Selamat Malam_012_frame3.jpg,Selamat Malam,BISINDO_Selamat Malam_012,train
/content/extracted_images/train/Selamat Malam/BISINDO_Selamat Malam_047_frame1.jpg,Selamat Malam,BISINDO_Selamat Malam_047,train
/content/extracted_images/train/Selamat Malam/BISINDO_Selamat Malam_047_frame2.jpg,Selamat Malam,BISINDO_Selamat Malam_047,train
/content/extracted_images/train/Selamat Malam/BISINDO_Selamat Malam_047_frame3.jpg,Selamat Malam,BISINDO_Selamat Malam_047,train
/content/extracted_images/train/Selamat Malam/BISINDO_Selamat Malam_022_frame1.jpg,Selamat Malam,BISINDO_Selamat Malam_022,train
/content/extracted_images/train/Selamat Malam/BISINDO_Selamat Malam_022_frame2.jpg,Selamat Malam,BISINDO_Selamat Malam_022,train
/content/extracted_images/train/Selamat Malam/BISINDO_Selamat Malam_022_frame3.jpg,Selamat Malam,BISINDO_Selamat Malam_022,train
/content/extracted_images/train/Selamat Malam/BISINDO_Selamat Malam_025_frame1.jpg,Selamat Malam,BISINDO_Selamat Malam_025,train
/content/extracted_images/train/Selamat Malam/BISINDO_Selamat Malam_025_frame2.jpg,Selamat Malam,BISINDO_Selamat Malam_025,train
/content/extracted_images/train/Selamat Malam/BISINDO_Selamat Malam_025_frame3.jpg,Selamat Malam,BISINDO_Selamat Malam_025,train
/content/extracted_images/train/Selamat Malam/BISINDO_Selamat Malam_008_frame1.jpg,Selamat Malam,BISINDO_Selamat Malam_008,train
/content/extracted_images/train/Selamat Malam/BISINDO_Selamat Malam_008_frame2.jpg,Selamat Malam,BISINDO_Selamat Malam_008,train
/content/extracted_images/train/Selamat Malam/BISINDO_Selamat Malam_008_frame3.jpg,Selamat Malam,BISINDO_Selamat Malam_008,train
/content/extracted_images/train/Selamat Malam/BISINDO_Selamat Malam_004_frame1.jpg,Selamat Malam,BISINDO_Selamat Malam_004,train
/content/extracted_images/train/Selamat Malam/BISINDO_Selamat Malam_004_frame2.jpg,Selamat Malam,BISINDO_Selamat Malam_004,train
/content/extracted_images/train/Selamat Malam/BISINDO_Selamat Malam_004_frame3.jpg,Selamat Malam,BISINDO_Selamat Malam_004,train
/content/extracted_images/train/Selamat Malam/BISINDO_Selamat Malam_026_frame1.jpg,Selamat Malam,BISINDO_Selamat Malam_026,train
/content/extracted_images/train/Selamat Malam/BISINDO_Selamat Malam_026_frame2.jpg,Selamat Malam,BISINDO_Selamat Malam_026,train
/content/extracted_images/train/Selamat Malam/BISINDO_Selamat Malam_026_frame3.jpg,Selamat Malam,BISINDO_Selamat Malam_026,train
/content/extracted_images/train/Selamat Malam/BISINDO_Selamat Malam_016_frame1.jpg,Selamat Malam,BISINDO_Selamat Malam_016,train
/content/extracted_images/train/Selamat Malam/BISINDO_Selamat Malam_016_frame2.jpg,Selamat Malam,BISINDO_Selamat Malam_016,train
/content/extracted_images/train/Selamat Malam/BISINDO_Selamat Malam_016_frame3.jpg,Selamat Malam,BISINDO_Selamat Malam_016,train
/content/extracted_images/train/Selamat Malam/BISINDO_Selamat Malam_030_frame1.jpg,Selamat Malam,BISINDO_Selamat Malam_030,train
/content/extracted_images/train/Selamat Malam/BISINDO_Selamat Malam_030_frame2.jpg,Selamat Malam,BISINDO_Selamat Malam_030,train
/content/extracted_images/train/Selamat Malam/BISINDO_Selamat Malam_030_frame3.jpg,Selamat Malam,BISINDO_Selamat Malam_030,train
/content/extracted_images/train/Selamat Malam/BISINDO_Selamat Malam_028_frame1.jpg,Selamat Malam,BISINDO_Selamat Malam_028,train
/content/extracted_images/train/Selamat Malam/BISINDO_Selamat Malam_028_frame2.jpg,Selamat Malam,BISINDO_Selamat Malam_028,train
/content/extracted_images/train/Selamat Malam/BISINDO_Selamat Malam_028_frame3.jpg,Selamat Malam,BISINDO_Selamat Malam_028,train
/content/extracted_images/train/Selamat Malam/BISINDO_Selamat Malam_023_frame1.jpg,Selamat Malam,BISINDO_Selamat Malam_023,train
/content/extracted_images/train/Selamat Malam/BISINDO_Selamat Malam_023_frame2.jpg,Selamat Malam,BISINDO_Selamat Malam_023,train
/content/extracted_images/train/Selamat Malam/BISINDO_Selamat Malam_023_frame3.jpg,Selamat Malam,BISINDO_Selamat Malam_023,train
/content/extracted_images/train/Selamat Malam/BISINDO_Selamat Malam_040_frame1.jpg,Selamat Malam,BISINDO_Selamat Malam_040,train
/content/extracted_images/train/Selamat Malam/BISINDO_Selamat Malam_040_frame2.jpg,Selamat Malam,BISINDO_Selamat Malam_040,train
/content/extracted_images/train/Selamat Malam/BISINDO_Selamat Malam_040_frame3.jpg,Selamat Malam,BISINDO_Selamat Malam_040,train
/content/extracted_images/train/Selamat Malam/BISINDO_Selamat Malam_035_frame1.jpg,Selamat Malam,BISINDO_Selamat Malam_035,train
/content/extracted_images/train/Selamat Malam/BISINDO_Selamat Malam_035_frame2.jpg,Selamat Malam,BISINDO_Selamat Malam_035,train
/content/extracted_images/train/Selamat Malam/BISINDO_Selamat Malam_035_frame3.jpg,Selamat Malam,BISINDO_Selamat Malam_035,train
/content/extracted_images/train/Selamat Malam/BISINDO_Selamat Malam_049_frame1.jpg,Selamat Malam,BISINDO_Selamat Malam_049,train
/content/extracted_images/train/Selamat Malam/BISINDO_Selamat Malam_049_frame2.jpg,Selamat Malam,BISINDO_Selamat Malam_049,train
/content/extracted_images/train/Selamat Malam/BISINDO_Selamat Malam_049_frame3.jpg,Selamat Malam,BISINDO_Selamat Malam_049,train
/content/extracted_images/train/Selamat Malam/BISINDO_Selamat Malam_046_frame1.jpg,Selamat Malam,BISINDO_Selamat Malam_046,train
/content/extracted_images/train/Selamat Malam/BISINDO_Selamat Malam_046_frame2.jpg,Selamat Malam,BISINDO_Selamat Malam_046,train
/content/extracted_images/train/Selamat Malam/BISINDO_Selamat Malam_046_frame3.jpg,Selamat Malam,BISINDO_Selamat Malam_046,train
/content/extracted_images/train/Selamat Malam/BISINDO_Selamat Malam_032_frame1.jpg,Selamat Malam,BISINDO_Selamat Malam_032,train
/content/extracted_images/train/Selamat Malam/BISINDO_Selamat Malam_032_frame2.jpg,Selamat Malam,BISINDO_Selamat Malam_032,train
/content/extracted_images/train/Selamat Malam/BISINDO_Selamat Malam_032_frame3.jpg,Selamat Malam,BISINDO_Selamat Malam_032,train
/content/extracted_images/train/Selamat Malam/BISINDO_Selamat Malam_010_frame1.jpg,Selamat Malam,BISINDO_Selamat Malam_010,train
/content/extracted_images/train/Selamat Malam/BISINDO_Selamat Malam_010_frame2.jpg,Selamat Malam,BISINDO_Selamat Malam_010,train
/content/extracted_images/train/Selamat Malam/BISINDO_Selamat Malam_010_frame3.jpg,Selamat Malam,BISINDO_Selamat Malam_010,train
/content/extracted_images/train/Selamat Malam/BISINDO_Selamat Malam_033_frame1.jpg,Selamat Malam,BISINDO_Selamat Malam_033,train
/content/extracted_images/train/Selamat Malam/BISINDO_Selamat Malam_033_frame2.jpg,Selamat Malam,BISINDO_Selamat Malam_033,train
/content/extracted_images/train/Selamat Malam/BISINDO_Selamat Malam_033_frame3.jpg,Selamat Malam,BISINDO_Selamat Malam_033,train
/content/extracted_images/train/Selamat Malam/BISINDO_Selamat Malam_015_frame1.jpg,Selamat Malam,BISINDO_Selamat Malam_015,train
/content/extracted_images/train/Selamat Malam/BISINDO_Selamat Malam_015_frame2.jpg,Selamat Malam,BISINDO_Selamat Malam_015,train
/content/extracted_images/train/Selamat Malam/BISINDO_Selamat Malam_015_frame3.jpg,Selamat Malam,BISINDO_Selamat Malam_015,train
/content/extracted_images/train/Selamat Malam/BISINDO_Selamat Malam_011_frame1.jpg,Selamat Malam,BISINDO_Selamat Malam_011,train
/content/extracted_images/train/Selamat Malam/BISINDO_Selamat Malam_011_frame2.jpg,Selamat Malam,BISINDO_Selamat Malam_011,train
/content/extracted_images/train/Selamat Malam/BISINDO_Selamat Malam_011_frame3.jpg,Selamat Malam,BISINDO_Selamat Malam_011,train
/content/extracted_images/train/Selamat Malam/BISINDO_Selamat Malam_005_frame1.jpg,Selamat Malam,BISINDO_Selamat Malam_005,train
/content/extracted_images/train/Selamat Malam/BISINDO_Selamat Malam_005_frame2.jpg,Selamat Malam,BISINDO_Selamat Malam_005,train
/content/extracted_images/train/Selamat Malam/BISINDO_Selamat Malam_005_frame3.jpg,Selamat Malam,BISINDO_Selamat Malam_005,train
/content/extracted_images/train/Selamat Malam/BISINDO_Selamat Malam_021_frame1.jpg,Selamat Malam,BISINDO_Selamat Malam_021,train
/content/extracted_images/train/Selamat Malam/BISINDO_Selamat Malam_021_frame2.jpg,Selamat Malam,BISINDO_Selamat Malam_021,train
/content/extracted_images/train/Selamat Malam/BISINDO_Selamat Malam_021_frame3.jpg,Selamat Malam,BISINDO_Selamat Malam_021,train
/content/extracted_images/train/Selamat Malam/BISINDO_Selamat Malam_031_frame1.jpg,Selamat Malam,BISINDO_Selamat Malam_031,train
/content/extracted_images/train/Selamat Malam/BISINDO_Selamat Malam_031_frame2.jpg,Selamat Malam,BISINDO_Selamat Malam_031,train
/content/extracted_images/train/Selamat Malam/BISINDO_Selamat Malam_031_frame3.jpg,Selamat Malam,BISINDO_Selamat Malam_031,train
/content/extracted_images/train/Selamat Malam/BISINDO_Selamat Malam_003_frame1.jpg,Selamat Malam,BISINDO_Selamat Malam_003,train
/content/extracted_images/train/Selamat Malam/BISINDO_Selamat Malam_003_frame2.jpg,Selamat Malam,BISINDO_Selamat Malam_003,train
/content/extracted_images/train/Selamat Malam/BISINDO_Selamat Malam_003_frame3.jpg,Selamat Malam,BISINDO_Selamat Malam_003,train
/content/extracted_images/train/Selamat Malam/BISINDO_Selamat Malam_045_frame1.jpg,Selamat Malam,BISINDO_Selamat Malam_045,train
/content/extracted_images/train/Selamat Malam/BISINDO_Selamat Malam_045_frame2.jpg,Selamat Malam,BISINDO_Selamat Malam_045,train
/content/extracted_images/train/Selamat Malam/BISINDO_Selamat Malam_045_frame3.jpg,Selamat Malam,BISINDO_Selamat Malam_045,train
/content/extracted_images/train/Selamat Malam/BISINDO_Selamat Malam_048_frame1.jpg,Selamat Malam,BISINDO_Selamat Malam_048,train
/content/extracted_images/train/Selamat Malam/BISINDO_Selamat Malam_048_frame2.jpg,Selamat Malam,BISINDO_Selamat Malam_048,train
/content/extracted_images/train/Selamat Malam/BISINDO_Selamat Malam_048_frame3.jpg,Selamat Malam,BISINDO_Selamat Malam_048,train
/content/extracted_images/train/Selamat Malam/BISINDO_Selamat Malam_020_frame1.jpg,Selamat Malam,BISINDO_Selamat Malam_020,train
/content/extracted_images/train/Selamat Malam/BISINDO_Selamat Malam_020_frame2.jpg,Selamat Malam,BISINDO_Selamat Malam_020,train
/content/extracted_images/train/Selamat Malam/BISINDO_Selamat Malam_020_frame3.jpg,Selamat Malam,BISINDO_Selamat Malam_020,train
/content/extracted_images/train/Selamat Malam/BISINDO_Selamat Malam_039_frame1.jpg,Selamat Malam,BISINDO_Selamat Malam_039,train
/content/extracted_images/train/Selamat Malam/BISINDO_Selamat Malam_039_frame2.jpg,Selamat Malam,BISINDO_Selamat Malam_039,train
/content/extracted_images/train/Selamat Malam/BISINDO_Selamat Malam_039_frame3.jpg,Selamat Malam,BISINDO_Selamat Malam_039,train
/content/extracted_images/train/Selamat Malam/BISINDO_Selamat Malam_038_frame1.jpg,Selamat Malam,BISINDO_Selamat Malam_038,train
/content/extracted_images/train/Selamat Malam/BISINDO_Selamat Malam_038_frame2.jpg,Selamat Malam,BISINDO_Selamat Malam_038,train
/content/extracted_images/train/Selamat Malam/BISINDO_Selamat Malam_038_frame3.jpg,Selamat Malam,BISINDO_Selamat Malam_038,train
/content/extracted_images/train/Ramah/BISINDO_Ramah_022_frame1.jpg,Ramah,BISINDO_Ramah_022,train
/content/extracted_images/train/Ramah/BISINDO_Ramah_022_frame2.jpg,Ramah,BISINDO_Ramah_022,train
/content/extracted_images/train/Ramah/BISINDO_Ramah_022_frame3.jpg,Ramah,BISINDO_Ramah_022,train
/content/extracted_images/train/Ramah/BISINDO_Ramah_047_frame1.jpg,Ramah,BISINDO_Ramah_047,train
/content/extracted_images/train/Ramah/BISINDO_Ramah_047_frame2.jpg,Ramah,BISINDO_Ramah_047,train
/content/extracted_images/train/Ramah/BISINDO_Ramah_047_frame3.jpg,Ramah,BISINDO_Ramah_047,train
/content/extracted_images/train/Ramah/BISINDO_Ramah_005_frame1.jpg,Ramah,BISINDO_Ramah_005,train
/content/extracted_images/train/Ramah/BISINDO_Ramah_005_frame2.jpg,Ramah,BISINDO_Ramah_005,train
/content/extracted_images/train/Ramah/BISINDO_Ramah_005_frame3.jpg,Ramah,BISINDO_Ramah_005,train
/content/extracted_images/train/Ramah/BISINDO_Ramah_042_frame1.jpg,Ramah,BISINDO_Ramah_042,train
/content/extracted_images/train/Ramah/BISINDO_Ramah_042_frame2.jpg,Ramah,BISINDO_Ramah_042,train
/content/extracted_images/train/Ramah/BISINDO_Ramah_042_frame3.jpg,Ramah,BISINDO_Ramah_042,train
/content/extracted_images/train/Ramah/BISINDO_Ramah_040_frame1.jpg,Ramah,BISINDO_Ramah_040,train
/content/extracted_images/train/Ramah/BISINDO_Ramah_040_frame2.jpg,Ramah,BISINDO_Ramah_040,train
/content/extracted_images/train/Ramah/BISINDO_Ramah_040_frame3.jpg,Ramah,BISINDO_Ramah_040,train
/content/extracted_images/train/Ramah/BISINDO_Ramah_006_frame1.jpg,Ramah,BISINDO_Ramah_006,train
/content/extracted_images/train/Ramah/BISINDO_Ramah_006_frame2.jpg,Ramah,BISINDO_Ramah_006,train
/content/extracted_images/train/Ramah/BISINDO_Ramah_006_frame3.jpg,Ramah,BISINDO_Ramah_006,train
/content/extracted_images/train/Ramah/BISINDO_Ramah_026_frame1.jpg,Ramah,BISINDO_Ramah_026,train
/content/extracted_images/train/Ramah/BISINDO_Ramah_026_frame2.jpg,Ramah,BISINDO_Ramah_026,train
/content/extracted_images/train/Ramah/BISINDO_Ramah_026_frame3.jpg,Ramah,BISINDO_Ramah_026,train
/content/extracted_images/train/Ramah/BISINDO_Ramah_030_frame1.jpg,Ramah,BISINDO_Ramah_030,train
/content/extracted_images/train/Ramah/BISINDO_Ramah_030_frame2.jpg,Ramah,BISINDO_Ramah_030,train
/content/extracted_images/train/Ramah/BISINDO_Ramah_030_frame3.jpg,Ramah,BISINDO_Ramah_030,train
/content/extracted_images/train/Ramah/BISINDO_Ramah_028_frame1.jpg,Ramah,BISINDO_Ramah_028,train
/content/extracted_images/train/Ramah/BISINDO_Ramah_028_frame2.jpg,Ramah,BISINDO_Ramah_028,train
/content/extracted_images/train/Ramah/BISINDO_Ramah_028_frame3.jpg,Ramah,BISINDO_Ramah_028,train
/content/extracted_images/train/Ramah/BISINDO_Ramah_033_frame1.jpg,Ramah,BISINDO_Ramah_033,train
/content/extracted_images/train/Ramah/BISINDO_Ramah_033_frame2.jpg,Ramah,BISINDO_Ramah_033,train
/content/extracted_images/train/Ramah/BISINDO_Ramah_033_frame3.jpg,Ramah,BISINDO_Ramah_033,train
/content/extracted_images/train/Ramah/BISINDO_Ramah_048_frame1.jpg,Ramah,BISINDO_Ramah_048,train
/content/extracted_images/train/Ramah/BISINDO_Ramah_048_frame2.jpg,Ramah,BISINDO_Ramah_048,train
/content/extracted_images/train/Ramah/BISINDO_Ramah_048_frame3.jpg,Ramah,BISINDO_Ramah_048,train
/content/extracted_images/train/Ramah/BISINDO_Ramah_034_frame1.jpg,Ramah,BISINDO_Ramah_034,train
/content/extracted_images/train/Ramah/BISINDO_Ramah_034_frame2.jpg,Ramah,BISINDO_Ramah_034,train
/content/extracted_images/train/Ramah/BISINDO_Ramah_034_frame3.jpg,Ramah,BISINDO_Ramah_034,train
/content/extracted_images/train/Ramah/BISINDO_Ramah_016_frame1.jpg,Ramah,BISINDO_Ramah_016,train
/content/extracted_images/train/Ramah/BISINDO_Ramah_016_frame2.jpg,Ramah,BISINDO_Ramah_016,train
/content/extracted_images/train/Ramah/BISINDO_Ramah_016_frame3.jpg,Ramah,BISINDO_Ramah_016,train
/content/extracted_images/train/Ramah/BISINDO_Ramah_017_frame1.jpg,Ramah,BISINDO_Ramah_017,train
/content/extracted_images/train/Ramah/BISINDO_Ramah_017_frame2.jpg,Ramah,BISINDO_Ramah_017,train
/content/extracted_images/train/Ramah/BISINDO_Ramah_017_frame3.jpg,Ramah,BISINDO_Ramah_017,train
/content/extracted_images/train/Ramah/BISINDO_Ramah_025_frame1.jpg,Ramah,BISINDO_Ramah_025,train
/content/extracted_images/train/Ramah/BISINDO_Ramah_025_frame2.jpg,Ramah,BISINDO_Ramah_025,train
/content/extracted_images/train/Ramah/BISINDO_Ramah_025_frame3.jpg,Ramah,BISINDO_Ramah_025,train
/content/extracted_images/train/Ramah/BISINDO_Ramah_010_frame1.jpg,Ramah,BISINDO_Ramah_010,train
/content/extracted_images/train/Ramah/BISINDO_Ramah_010_frame2.jpg,Ramah,BISINDO_Ramah_010,train
/content/extracted_images/train/Ramah/BISINDO_Ramah_010_frame3.jpg,Ramah,BISINDO_Ramah_010,train
/content/extracted_images/train/Ramah/BISINDO_Ramah_003_frame1.jpg,Ramah,BISINDO_Ramah_003,train
/content/extracted_images/train/Ramah/BISINDO_Ramah_003_frame2.jpg,Ramah,BISINDO_Ramah_003,train
/content/extracted_images/train/Ramah/BISINDO_Ramah_003_frame3.jpg,Ramah,BISINDO_Ramah_003,train
/content/extracted_images/train/Ramah/BISINDO_Ramah_009_frame1.jpg,Ramah,BISINDO_Ramah_009,train
/content/extracted_images/train/Ramah/BISINDO_Ramah_009_frame2.jpg,Ramah,BISINDO_Ramah_009,train
/content/extracted_images/train/Ramah/BISINDO_Ramah_009_frame3.jpg,Ramah,BISINDO_Ramah_009,train
/content/extracted_images/train/Ramah/BISINDO_Ramah_039_frame1.jpg,Ramah,BISINDO_Ramah_039,train
/content/extracted_images/train/Ramah/BISINDO_Ramah_039_frame2.jpg,Ramah,BISINDO_Ramah_039,train
/content/extracted_images/train/Ramah/BISINDO_Ramah_039_frame3.jpg,Ramah,BISINDO_Ramah_039,train
/content/extracted_images/train/Ramah/BISINDO_Ramah_007_frame1.jpg,Ramah,BISINDO_Ramah_007,train
/content/extracted_images/train/Ramah/BISINDO_Ramah_007_frame2.jpg,Ramah,BISINDO_Ramah_007,train
/content/extracted_images/train/Ramah/BISINDO_Ramah_007_frame3.jpg,Ramah,BISINDO_Ramah_007,train
/content/extracted_images/train/Ramah/BISINDO_Ramah_036_frame1.jpg,Ramah,BISINDO_Ramah_036,train
/content/extracted_images/train/Ramah/BISINDO_Ramah_036_frame2.jpg,Ramah,BISINDO_Ramah_036,train
/content/extracted_images/train/Ramah/BISINDO_Ramah_036_frame3.jpg,Ramah,BISINDO_Ramah_036,train
/content/extracted_images/train/Ramah/BISINDO_Ramah_012_frame1.jpg,Ramah,BISINDO_Ramah_012,train
/content/extracted_images/train/Ramah/BISINDO_Ramah_012_frame2.jpg,Ramah,BISINDO_Ramah_012,train
/content/extracted_images/train/Ramah/BISINDO_Ramah_012_frame3.jpg,Ramah,BISINDO_Ramah_012,train
/content/extracted_images/train/Ramah/BISINDO_Ramah_041_frame1.jpg,Ramah,BISINDO_Ramah_041,train
/content/extracted_images/train/Ramah/BISINDO_Ramah_041_frame2.jpg,Ramah,BISINDO_Ramah_041,train
/content/extracted_images/train/Ramah/BISINDO_Ramah_041_frame3.jpg,Ramah,BISINDO_Ramah_041,train
/content/extracted_images/train/Ramah/BISINDO_Ramah_050_frame1.jpg,Ramah,BISINDO_Ramah_050,train
/content/extracted_images/train/Ramah/BISINDO_Ramah_050_frame2.jpg,Ramah,BISINDO_Ramah_050,train
/content/extracted_images/train/Ramah/BISINDO_Ramah_050_frame3.jpg,Ramah,BISINDO_Ramah_050,train
/content/extracted_images/train/Ramah/BISINDO_Ramah_002_frame1.jpg,Ramah,BISINDO_Ramah_002,train
/content/extracted_images/train/Ramah/BISINDO_Ramah_002_frame2.jpg,Ramah,BISINDO_Ramah_002,train
/content/extracted_images/train/Ramah/BISINDO_Ramah_002_frame3.jpg,Ramah,BISINDO_Ramah_002,train
/content/extracted_images/train/Ramah/BISINDO_Ramah_013_frame1.jpg,Ramah,BISINDO_Ramah_013,train
/content/extracted_images/train/Ramah/BISINDO_Ramah_013_frame2.jpg,Ramah,BISINDO_Ramah_013,train
/content/extracted_images/train/Ramah/BISINDO_Ramah_013_frame3.jpg,Ramah,BISINDO_Ramah_013,train
/content/extracted_images/train/Ramah/BISINDO_Ramah_018_frame1.jpg,Ramah,BISINDO_Ramah_018,train
/content/extracted_images/train/Ramah/BISINDO_Ramah_018_frame2.jpg,Ramah,BISINDO_Ramah_018,train
/content/extracted_images/train/Ramah/BISINDO_Ramah_018_frame3.jpg,Ramah,BISINDO_Ramah_018,train
/content/extracted_images/train/Ramah/BISINDO_Ramah_004_frame1.jpg,Ramah,BISINDO_Ramah_004,train
/content/extracted_images/train/Ramah/BISINDO_Ramah_004_frame2.jpg,Ramah,BISINDO_Ramah_004,train
/content/extracted_images/train/Ramah/BISINDO_Ramah_004_frame3.jpg,Ramah,BISINDO_Ramah_004,train
/content/extracted_images/train/Ramah/BISINDO_Ramah_037_frame1.jpg,Ramah,BISINDO_Ramah_037,train
/content/extracted_images/train/Ramah/BISINDO_Ramah_037_frame2.jpg,Ramah,BISINDO_Ramah_037,train
/content/extracted_images/train/Ramah/BISINDO_Ramah_037_frame3.jpg,Ramah,BISINDO_Ramah_037,train
/content/extracted_images/train/Ramah/BISINDO_Ramah_031_frame1.jpg,Ramah,BISINDO_Ramah_031,train
/content/extracted_images/train/Ramah/BISINDO_Ramah_031_frame2.jpg,Ramah,BISINDO_Ramah_031,train
/content/extracted_images/train/Ramah/BISINDO_Ramah_031_frame3.jpg,Ramah,BISINDO_Ramah_031,train
/content/extracted_images/train/Ramah/BISINDO_Ramah_043_frame1.jpg,Ramah,BISINDO_Ramah_043,train
/content/extracted_images/train/Ramah/BISINDO_Ramah_043_frame2.jpg,Ramah,BISINDO_Ramah_043,train
/content/extracted_images/train/Ramah/BISINDO_Ramah_043_frame3.jpg,Ramah,BISINDO_Ramah_043,train
/content/extracted_images/train/Ramah/BISINDO_Ramah_019_frame1.jpg,Ramah,BISINDO_Ramah_019,train
/content/extracted_images/train/Ramah/BISINDO_Ramah_019_frame2.jpg,Ramah,BISINDO_Ramah_019,train
/content/extracted_images/train/Ramah/BISINDO_Ramah_019_frame3.jpg,Ramah,BISINDO_Ramah_019,train
/content/extracted_images/train/Ramah/BISINDO_Ramah_008_frame1.jpg,Ramah,BISINDO_Ramah_008,train
/content/extracted_images/train/Ramah/BISINDO_Ramah_008_frame2.jpg,Ramah,BISINDO_Ramah_008,train
/content/extracted_images/train/Ramah/BISINDO_Ramah_008_frame3.jpg,Ramah,BISINDO_Ramah_008,train
/content/extracted_images/train/Ramah/BISINDO_Ramah_020_frame1.jpg,Ramah,BISINDO_Ramah_020,train
/content/extracted_images/train/Ramah/BISINDO_Ramah_020_frame2.jpg,Ramah,BISINDO_Ramah_020,train
/content/extracted_images/train/Ramah/BISINDO_Ramah_020_frame3.jpg,Ramah,BISINDO_Ramah_020,train
/content/extracted_images/train/Ramah/BISINDO_Ramah_027_frame1.jpg,Ramah,BISINDO_Ramah_027,train
/content/extracted_images/train/Ramah/BISINDO_Ramah_027_frame2.jpg,Ramah,BISINDO_Ramah_027,train
/content/extracted_images/train/Ramah/BISINDO_Ramah_027_frame3.jpg,Ramah,BISINDO_Ramah_027,train
/content/extracted_images/train/Ramah/BISINDO_Ramah_038_frame1.jpg,Ramah,BISINDO_Ramah_038,train
/content/extracted_images/train/Ramah/BISINDO_Ramah_038_frame2.jpg,Ramah,BISINDO_Ramah_038,train
/content/extracted_images/train/Ramah/BISINDO_Ramah_038_frame3.jpg,Ramah,BISINDO_Ramah_038,train
/content/extracted_images/train/Ramah/BISINDO_Ramah_011_frame1.jpg,Ramah,BISINDO_Ramah_011,train
/content/extracted_images/train/Ramah/BISINDO_Ramah_011_frame2.jpg,Ramah,BISINDO_Ramah_011,train
/content/extracted_images/train/Ramah/BISINDO_Ramah_011_frame3.jpg,Ramah,BISINDO_Ramah_011,train
/content/extracted_images/train/Ramah/BISINDO_Ramah_023_frame1.jpg,Ramah,BISINDO_Ramah_023,train
/content/extracted_images/train/Ramah/BISINDO_Ramah_023_frame2.jpg,Ramah,BISINDO_Ramah_023,train
/content/extracted_images/train/Ramah/BISINDO_Ramah_023_frame3.jpg,Ramah,BISINDO_Ramah_023,train
/content/extracted_images/train/Ramah/BISINDO_Ramah_014_frame1.jpg,Ramah,BISINDO_Ramah_014,train
/content/extracted_images/train/Ramah/BISINDO_Ramah_014_frame2.jpg,Ramah,BISINDO_Ramah_014,train
/content/extracted_images/train/Ramah/BISINDO_Ramah_014_frame3.jpg,Ramah,BISINDO_Ramah_014,train
/content/extracted_images/train/Ramah/BISINDO_Ramah_024_frame1.jpg,Ramah,BISINDO_Ramah_024,train
/content/extracted_images/train/Ramah/BISINDO_Ramah_024_frame2.jpg,Ramah,BISINDO_Ramah_024,train
/content/extracted_images/train/Ramah/BISINDO_Ramah_024_frame3.jpg,Ramah,BISINDO_Ramah_024,train
/content/extracted_images/train/Ramah/BISINDO_Ramah_044_frame1.jpg,Ramah,BISINDO_Ramah_044,train
/content/extracted_images/train/Ramah/BISINDO_Ramah_044_frame2.jpg,Ramah,BISINDO_Ramah_044,train
/content/extracted_images/train/Ramah/BISINDO_Ramah_044_frame3.jpg,Ramah,BISINDO_Ramah_044,train
/content/extracted_images/train/Ramah/BISINDO_Ramah_049_frame1.jpg,Ramah,BISINDO_Ramah_049,train
/content/extracted_images/train/Ramah/BISINDO_Ramah_049_frame2.jpg,Ramah,BISINDO_Ramah_049,train
/content/extracted_images/train/Ramah/BISINDO_Ramah_049_frame3.jpg,Ramah,BISINDO_Ramah_049,train
/content/extracted_images/train/Apa Kabar/BISINDO_Apa Kabar_020_frame1.jpg,Apa Kabar,BISINDO_Apa Kabar_020,train
/content/extracted_images/train/Apa Kabar/BISINDO_Apa Kabar_020_frame2.jpg,Apa Kabar,BISINDO_Apa Kabar_020,train
/content/extracted_images/train/Apa Kabar/BISINDO_Apa Kabar_020_frame3.jpg,Apa Kabar,BISINDO_Apa Kabar_020,train
/content/extracted_images/train/Apa Kabar/BISINDO_Apa Kabar_037_frame1.jpg,Apa Kabar,BISINDO_Apa Kabar_037,train
/content/extracted_images/train/Apa Kabar/BISINDO_Apa Kabar_037_frame2.jpg,Apa Kabar,BISINDO_Apa Kabar_037,train
/content/extracted_images/train/Apa Kabar/BISINDO_Apa Kabar_037_frame3.jpg,Apa Kabar,BISINDO_Apa Kabar_037,train
/content/extracted_images/train/Apa Kabar/BISINDO_Apa Kabar_013_frame1.jpg,Apa Kabar,BISINDO_Apa Kabar_013,train
/content/extracted_images/train/Apa Kabar/BISINDO_Apa Kabar_013_frame2.jpg,Apa Kabar,BISINDO_Apa Kabar_013,train
/content/extracted_images/train/Apa Kabar/BISINDO_Apa Kabar_013_frame3.jpg,Apa Kabar,BISINDO_Apa Kabar_013,train
/content/extracted_images/train/Apa Kabar/BISINDO_Apa Kabar_023_frame1.jpg,Apa Kabar,BISINDO_Apa Kabar_023,train
/content/extracted_images/train/Apa Kabar/BISINDO_Apa Kabar_023_frame2.jpg,Apa Kabar,BISINDO_Apa Kabar_023,train
/content/extracted_images/train/Apa Kabar/BISINDO_Apa Kabar_023_frame3.jpg,Apa Kabar,BISINDO_Apa Kabar_023,train
/content/extracted_images/train/Apa Kabar/BISINDO_Apa Kabar_039_frame1.jpg,Apa Kabar,BISINDO_Apa Kabar_039,train
/content/extracted_images/train/Apa Kabar/BISINDO_Apa Kabar_039_frame2.jpg,Apa Kabar,BISINDO_Apa Kabar_039,train
/content/extracted_images/train/Apa Kabar/BISINDO_Apa Kabar_039_frame3.jpg,Apa Kabar,BISINDO_Apa Kabar_039,train
/content/extracted_images/train/Apa Kabar/BISINDO_Apa Kabar_027_frame1.jpg,Apa Kabar,BISINDO_Apa Kabar_027,train
/content/extracted_images/train/Apa Kabar/BISINDO_Apa Kabar_027_frame2.jpg,Apa Kabar,BISINDO_Apa Kabar_027,train
/content/extracted_images/train/Apa Kabar/BISINDO_Apa Kabar_027_frame3.jpg,Apa Kabar,BISINDO_Apa Kabar_027,train
/content/extracted_images/train/Apa Kabar/BISINDO_Apa Kabar_048_frame1.jpg,Apa Kabar,BISINDO_Apa Kabar_048,train
/content/extracted_images/train/Apa Kabar/BISINDO_Apa Kabar_048_frame2.jpg,Apa Kabar,BISINDO_Apa Kabar_048,train
/content/extracted_images/train/Apa Kabar/BISINDO_Apa Kabar_048_frame3.jpg,Apa Kabar,BISINDO_Apa Kabar_048,train
/content/extracted_images/train/Apa Kabar/BISINDO_Apa Kabar_028_frame1.jpg,Apa Kabar,BISINDO_Apa Kabar_028,train
/content/extracted_images/train/Apa Kabar/BISINDO_Apa Kabar_028_frame2.jpg,Apa Kabar,BISINDO_Apa Kabar_028,train
/content/extracted_images/train/Apa Kabar/BISINDO_Apa Kabar_028_frame3.jpg,Apa Kabar,BISINDO_Apa Kabar_028,train
/content/extracted_images/train/Apa Kabar/BISINDO_Apa Kabar_019_frame1.jpg,Apa Kabar,BISINDO_Apa Kabar_019,train
/content/extracted_images/train/Apa Kabar/BISINDO_Apa Kabar_019_frame2.jpg,Apa Kabar,BISINDO_Apa Kabar_019,train
/content/extracted_images/train/Apa Kabar/BISINDO_Apa Kabar_019_frame3.jpg,Apa Kabar,BISINDO_Apa Kabar_019,train
/content/extracted_images/train/Apa Kabar/BISINDO_Apa Kabar_038_frame1.jpg,Apa Kabar,BISINDO_Apa Kabar_038,train
/content/extracted_images/train/Apa Kabar/BISINDO_Apa Kabar_038_frame2.jpg,Apa Kabar,BISINDO_Apa Kabar_038,train
/content/extracted_images/train/Apa Kabar/BISINDO_Apa Kabar_038_frame3.jpg,Apa Kabar,BISINDO_Apa Kabar_038,train
/content/extracted_images/train/Apa Kabar/BISINDO_Apa Kabar_021_frame1.jpg,Apa Kabar,BISINDO_Apa Kabar_021,train
/content/extracted_images/train/Apa Kabar/BISINDO_Apa Kabar_021_frame2.jpg,Apa Kabar,BISINDO_Apa Kabar_021,train
/content/extracted_images/train/Apa Kabar/BISINDO_Apa Kabar_021_frame3.jpg,Apa Kabar,BISINDO_Apa Kabar_021,train
/content/extracted_images/train/Apa Kabar/BISINDO_Apa Kabar_012_frame1.jpg,Apa Kabar,BISINDO_Apa Kabar_012,train
/content/extracted_images/train/Apa Kabar/BISINDO_Apa Kabar_012_frame2.jpg,Apa Kabar,BISINDO_Apa Kabar_012,train
/content/extracted_images/train/Apa Kabar/BISINDO_Apa Kabar_012_frame3.jpg,Apa Kabar,BISINDO_Apa Kabar_012,train
/content/extracted_images/train/Apa Kabar/BISINDO_Apa Kabar_003_frame1.jpg,Apa Kabar,BISINDO_Apa Kabar_003,train
/content/extracted_images/train/Apa Kabar/BISINDO_Apa Kabar_003_frame2.jpg,Apa Kabar,BISINDO_Apa Kabar_003,train
/content/extracted_images/train/Apa Kabar/BISINDO_Apa Kabar_003_frame3.jpg,Apa Kabar,BISINDO_Apa Kabar_003,train
/content/extracted_images/train/Apa Kabar/BISINDO_Apa Kabar_009_frame1.jpg,Apa Kabar,BISINDO_Apa Kabar_009,train
/content/extracted_images/train/Apa Kabar/BISINDO_Apa Kabar_009_frame2.jpg,Apa Kabar,BISINDO_Apa Kabar_009,train
/content/extracted_images/train/Apa Kabar/BISINDO_Apa Kabar_009_frame3.jpg,Apa Kabar,BISINDO_Apa Kabar_009,train
/content/extracted_images/train/Apa Kabar/BISINDO_Apa Kabar_034_frame1.jpg,Apa Kabar,BISINDO_Apa Kabar_034,train
/content/extracted_images/train/Apa Kabar/BISINDO_Apa Kabar_034_frame2.jpg,Apa Kabar,BISINDO_Apa Kabar_034,train
/content/extracted_images/train/Apa Kabar/BISINDO_Apa Kabar_034_frame3.jpg,Apa Kabar,BISINDO_Apa Kabar_034,train
/content/extracted_images/train/Apa Kabar/BISINDO_Apa Kabar_025_frame1.jpg,Apa Kabar,BISINDO_Apa Kabar_025,train
/content/extracted_images/train/Apa Kabar/BISINDO_Apa Kabar_025_frame2.jpg,Apa Kabar,BISINDO_Apa Kabar_025,train
/content/extracted_images/train/Apa Kabar/BISINDO_Apa Kabar_025_frame3.jpg,Apa Kabar,BISINDO_Apa Kabar_025,train
/content/extracted_images/train/Apa Kabar/BISINDO_Apa Kabar_015_frame1.jpg,Apa Kabar,BISINDO_Apa Kabar_015,train
/content/extracted_images/train/Apa Kabar/BISINDO_Apa Kabar_015_frame2.jpg,Apa Kabar,BISINDO_Apa Kabar_015,train
/content/extracted_images/train/Apa Kabar/BISINDO_Apa Kabar_015_frame3.jpg,Apa Kabar,BISINDO_Apa Kabar_015,train
/content/extracted_images/train/Apa Kabar/BISINDO_Apa Kabar_007_frame1.jpg,Apa Kabar,BISINDO_Apa Kabar_007,train
/content/extracted_images/train/Apa Kabar/BISINDO_Apa Kabar_007_frame2.jpg,Apa Kabar,BISINDO_Apa Kabar_007,train
/content/extracted_images/train/Apa Kabar/BISINDO_Apa Kabar_007_frame3.jpg,Apa Kabar,BISINDO_Apa Kabar_007,train
/content/extracted_images/train/Apa Kabar/BISINDO_Apa Kabar_002_frame1.jpg,Apa Kabar,BISINDO_Apa Kabar_002,train
/content/extracted_images/train/Apa Kabar/BISINDO_Apa Kabar_002_frame2.jpg,Apa Kabar,BISINDO_Apa Kabar_002,train
/content/extracted_images/train/Apa Kabar/BISINDO_Apa Kabar_002_frame3.jpg,Apa Kabar,BISINDO_Apa Kabar_002,train
/content/extracted_images/train/Apa Kabar/BISINDO_Apa Kabar_010_frame1.jpg,Apa Kabar,BISINDO_Apa Kabar_010,train
/content/extracted_images/train/Apa Kabar/BISINDO_Apa Kabar_010_frame2.jpg,Apa Kabar,BISINDO_Apa Kabar_010,train
/content/extracted_images/train/Apa Kabar/BISINDO_Apa Kabar_010_frame3.jpg,Apa Kabar,BISINDO_Apa Kabar_010,train
/content/extracted_images/train/Apa Kabar/BISINDO_Apa Kabar_044_frame1.jpg,Apa Kabar,BISINDO_Apa Kabar_044,train
/content/extracted_images/train/Apa Kabar/BISINDO_Apa Kabar_044_frame2.jpg,Apa Kabar,BISINDO_Apa Kabar_044,train
/content/extracted_images/train/Apa Kabar/BISINDO_Apa Kabar_044_frame3.jpg,Apa Kabar,BISINDO_Apa Kabar_044,train
/content/extracted_images/train/Apa Kabar/BISINDO_Apa Kabar_008_frame1.jpg,Apa Kabar,BISINDO_Apa Kabar_008,train
/content/extracted_images/train/Apa Kabar/BISINDO_Apa Kabar_008_frame2.jpg,Apa Kabar,BISINDO_Apa Kabar_008,train
/content/extracted_images/train/Apa Kabar/BISINDO_Apa Kabar_008_frame3.jpg,Apa Kabar,BISINDO_Apa Kabar_008,train
/content/extracted_images/train/Apa Kabar/BISINDO_Apa Kabar_022_frame1.jpg,Apa Kabar,BISINDO_Apa Kabar_022,train
/content/extracted_images/train/Apa Kabar/BISINDO_Apa Kabar_022_frame2.jpg,Apa Kabar,BISINDO_Apa Kabar_022,train
/content/extracted_images/train/Apa Kabar/BISINDO_Apa Kabar_022_frame3.jpg,Apa Kabar,BISINDO_Apa Kabar_022,train
/content/extracted_images/train/Apa Kabar/BISINDO_Apa Kabar_014_frame1.jpg,Apa Kabar,BISINDO_Apa Kabar_014,train
/content/extracted_images/train/Apa Kabar/BISINDO_Apa Kabar_014_frame2.jpg,Apa Kabar,BISINDO_Apa Kabar_014,train
/content/extracted_images/train/Apa Kabar/BISINDO_Apa Kabar_014_frame3.jpg,Apa Kabar,BISINDO_Apa Kabar_014,train
/content/extracted_images/train/Apa Kabar/BISINDO_Apa Kabar_032_frame1.jpg,Apa Kabar,BISINDO_Apa Kabar_032,train
/content/extracted_images/train/Apa Kabar/BISINDO_Apa Kabar_032_frame2.jpg,Apa Kabar,BISINDO_Apa Kabar_032,train
/content/extracted_images/train/Apa Kabar/BISINDO_Apa Kabar_032_frame3.jpg,Apa Kabar,BISINDO_Apa Kabar_032,train
/content/extracted_images/train/Apa Kabar/BISINDO_Apa Kabar_041_frame1.jpg,Apa Kabar,BISINDO_Apa Kabar_041,train
/content/extracted_images/train/Apa Kabar/BISINDO_Apa Kabar_041_frame2.jpg,Apa Kabar,BISINDO_Apa Kabar_041,train
/content/extracted_images/train/Apa Kabar/BISINDO_Apa Kabar_041_frame3.jpg,Apa Kabar,BISINDO_Apa Kabar_041,train
/content/extracted_images/train/Apa Kabar/BISINDO_Apa Kabar_042_frame1.jpg,Apa Kabar,BISINDO_Apa Kabar_042,train
/content/extracted_images/train/Apa Kabar/BISINDO_Apa Kabar_042_frame2.jpg,Apa Kabar,BISINDO_Apa Kabar_042,train
/content/extracted_images/train/Apa Kabar/BISINDO_Apa Kabar_042_frame3.jpg,Apa Kabar,BISINDO_Apa Kabar_042,train
/content/extracted_images/train/Apa Kabar/BISINDO_Apa Kabar_049_frame1.jpg,Apa Kabar,BISINDO_Apa Kabar_049,train
/content/extracted_images/train/Apa Kabar/BISINDO_Apa Kabar_049_frame2.jpg,Apa Kabar,BISINDO_Apa Kabar_049,train
/content/extracted_images/train/Apa Kabar/BISINDO_Apa Kabar_049_frame3.jpg,Apa Kabar,BISINDO_Apa Kabar_049,train
/content/extracted_images/train/Apa Kabar/BISINDO_Apa Kabar_004_frame1.jpg,Apa Kabar,BISINDO_Apa Kabar_004,train
/content/extracted_images/train/Apa Kabar/BISINDO_Apa Kabar_004_frame2.jpg,Apa Kabar,BISINDO_Apa Kabar_004,train
/content/extracted_images/train/Apa Kabar/BISINDO_Apa Kabar_004_frame3.jpg,Apa Kabar,BISINDO_Apa Kabar_004,train
/content/extracted_images/train/Apa Kabar/BISINDO_Apa Kabar_043_frame1.jpg,Apa Kabar,BISINDO_Apa Kabar_043,train
/content/extracted_images/train/Apa Kabar/BISINDO_Apa Kabar_043_frame2.jpg,Apa Kabar,BISINDO_Apa Kabar_043,train
/content/extracted_images/train/Apa Kabar/BISINDO_Apa Kabar_043_frame3.jpg,Apa Kabar,BISINDO_Apa Kabar_043,train
/content/extracted_images/train/Apa Kabar/BISINDO_Apa Kabar_018_frame1.jpg,Apa Kabar,BISINDO_Apa Kabar_018,train
/content/extracted_images/train/Apa Kabar/BISINDO_Apa Kabar_018_frame2.jpg,Apa Kabar,BISINDO_Apa Kabar_018,train
/content/extracted_images/train/Apa Kabar/BISINDO_Apa Kabar_018_frame3.jpg,Apa Kabar,BISINDO_Apa Kabar_018,train
/content/extracted_images/train/Apa Kabar/BISINDO_Apa Kabar_035_frame1.jpg,Apa Kabar,BISINDO_Apa Kabar_035,train
/content/extracted_images/train/Apa Kabar/BISINDO_Apa Kabar_035_frame2.jpg,Apa Kabar,BISINDO_Apa Kabar_035,train
/content/extracted_images/train/Apa Kabar/BISINDO_Apa Kabar_035_frame3.jpg,Apa Kabar,BISINDO_Apa Kabar_035,train
/content/extracted_images/train/Apa Kabar/BISINDO_Apa Kabar_026_frame1.jpg,Apa Kabar,BISINDO_Apa Kabar_026,train
/content/extracted_images/train/Apa Kabar/BISINDO_Apa Kabar_026_frame2.jpg,Apa Kabar,BISINDO_Apa Kabar_026,train
/content/extracted_images/train/Apa Kabar/BISINDO_Apa Kabar_026_frame3.jpg,Apa Kabar,BISINDO_Apa Kabar_026,train
/content/extracted_images/train/Apa Kabar/BISINDO_Apa Kabar_036_frame1.jpg,Apa Kabar,BISINDO_Apa Kabar_036,train
/content/extracted_images/train/Apa Kabar/BISINDO_Apa Kabar_036_frame2.jpg,Apa Kabar,BISINDO_Apa Kabar_036,train
/content/extracted_images/train/Apa Kabar/BISINDO_Apa Kabar_036_frame3.jpg,Apa Kabar,BISINDO_Apa Kabar_036,train
/content/extracted_images/train/Apa Kabar/BISINDO_Apa Kabar_011_frame1.jpg,Apa Kabar,BISINDO_Apa Kabar_011,train
/content/extracted_images/train/Apa Kabar/BISINDO_Apa Kabar_011_frame2.jpg,Apa Kabar,BISINDO_Apa Kabar_011,train
/content/extracted_images/train/Apa Kabar/BISINDO_Apa Kabar_011_frame3.jpg,Apa Kabar,BISINDO_Apa Kabar_011,train
/content/extracted_images/train/Apa Kabar/BISINDO_Apa Kabar_017_frame1.jpg,Apa Kabar,BISINDO_Apa Kabar_017,train
/content/extracted_images/train/Apa Kabar/BISINDO_Apa Kabar_017_frame2.jpg,Apa Kabar,BISINDO_Apa Kabar_017,train
/content/extracted_images/train/Apa Kabar/BISINDO_Apa Kabar_017_frame3.jpg,Apa Kabar,BISINDO_Apa Kabar_017,train
/content/extracted_images/train/Apa Kabar/BISINDO_Apa Kabar_001_frame1.jpg,Apa Kabar,BISINDO_Apa Kabar_001,train
/content/extracted_images/train/Apa Kabar/BISINDO_Apa Kabar_001_frame2.jpg,Apa Kabar,BISINDO_Apa Kabar_001,train
/content/extracted_images/train/Apa Kabar/BISINDO_Apa Kabar_001_frame3.jpg,Apa Kabar,BISINDO_Apa Kabar_001,train
/content/extracted_images/train/Apa Kabar/BISINDO_Apa Kabar_029_frame1.jpg,Apa Kabar,BISINDO_Apa Kabar_029,train
/content/extracted_images/train/Apa Kabar/BISINDO_Apa Kabar_029_frame2.jpg,Apa Kabar,BISINDO_Apa Kabar_029,train
/content/extracted_images/train/Apa Kabar/BISINDO_Apa Kabar_029_frame3.jpg,Apa Kabar,BISINDO_Apa Kabar_029,train
/content/extracted_images/train/Apa Kabar/BISINDO_Apa Kabar_006_frame1.jpg,Apa Kabar,BISINDO_Apa Kabar_006,train
/content/extracted_images/train/Apa Kabar/BISINDO_Apa Kabar_006_frame2.jpg,Apa Kabar,BISINDO_Apa Kabar_006,train
/content/extracted_images/train/Apa Kabar/BISINDO_Apa Kabar_006_frame3.jpg,Apa Kabar,BISINDO_Apa Kabar_006,train
/content/extracted_images/train/Apa Kabar/BISINDO_Apa Kabar_016_frame1.jpg,Apa Kabar,BISINDO_Apa Kabar_016,train
/content/extracted_images/train/Apa Kabar/BISINDO_Apa Kabar_016_frame2.jpg,Apa Kabar,BISINDO_Apa Kabar_016,train
/content/extracted_images/train/Apa Kabar/BISINDO_Apa Kabar_016_frame3.jpg,Apa Kabar,BISINDO_Apa Kabar_016,train
/content/extracted_images/train/Apa Kabar/BISINDO_Apa Kabar_005_frame1.jpg,Apa Kabar,BISINDO_Apa Kabar_005,train
/content/extracted_images/train/Apa Kabar/BISINDO_Apa Kabar_005_frame2.jpg,Apa Kabar,BISINDO_Apa Kabar_005,train
/content/extracted_images/train/Apa Kabar/BISINDO_Apa Kabar_005_frame3.jpg,Apa Kabar,BISINDO_Apa Kabar_005,train
/content/extracted_images/train/Apa Kabar/BISINDO_Apa Kabar_047_frame1.jpg,Apa Kabar,BISINDO_Apa Kabar_047,train
/content/extracted_images/train/Apa Kabar/BISINDO_Apa Kabar_047_frame2.jpg,Apa Kabar,BISINDO_Apa Kabar_047,train
/content/extracted_images/train/Apa Kabar/BISINDO_Apa Kabar_047_frame3.jpg,Apa Kabar,BISINDO_Apa Kabar_047,train
/content/extracted_images/train/Apa Kabar/BISINDO_Apa Kabar_040_frame1.jpg,Apa Kabar,BISINDO_Apa Kabar_040,train
/content/extracted_images/train/Apa Kabar/BISINDO_Apa Kabar_040_frame2.jpg,Apa Kabar,BISINDO_Apa Kabar_040,train
/content/extracted_images/train/Apa Kabar/BISINDO_Apa Kabar_040_frame3.jpg,Apa Kabar,BISINDO_Apa Kabar_040,train
/content/extracted_images/train/Apa/BISINDO_Apa_040_frame1.jpg,Apa,BISINDO_Apa_040,train
/content/extracted_images/train/Apa/BISINDO_Apa_040_frame2.jpg,Apa,BISINDO_Apa_040,train
/content/extracted_images/train/Apa/BISINDO_Apa_040_frame3.jpg,Apa,BISINDO_Apa_040,train
/content/extracted_images/train/Apa/BISINDO_Apa_012_frame1.jpg,Apa,BISINDO_Apa_012,train
/content/extracted_images/train/Apa/BISINDO_Apa_012_frame2.jpg,Apa,BISINDO_Apa_012,train
/content/extracted_images/train/Apa/BISINDO_Apa_012_frame3.jpg,Apa,BISINDO_Apa_012,train
/content/extracted_images/train/Apa/BISINDO_Apa_038_frame1.jpg,Apa,BISINDO_Apa_038,train
/content/extracted_images/train/Apa/BISINDO_Apa_038_frame2.jpg,Apa,BISINDO_Apa_038,train
/content/extracted_images/train/Apa/BISINDO_Apa_038_frame3.jpg,Apa,BISINDO_Apa_038,train
/content/extracted_images/train/Apa/BISINDO_Apa_048_frame1.jpg,Apa,BISINDO_Apa_048,train
/content/extracted_images/train/Apa/BISINDO_Apa_048_frame2.jpg,Apa,BISINDO_Apa_048,train
/content/extracted_images/train/Apa/BISINDO_Apa_048_frame3.jpg,Apa,BISINDO_Apa_048,train
/content/extracted_images/train/Apa/BISINDO_Apa_032_frame1.jpg,Apa,BISINDO_Apa_032,train
/content/extracted_images/train/Apa/BISINDO_Apa_032_frame2.jpg,Apa,BISINDO_Apa_032,train
/content/extracted_images/train/Apa/BISINDO_Apa_032_frame3.jpg,Apa,BISINDO_Apa_032,train
/content/extracted_images/train/Apa/BISINDO_Apa_002_frame1.jpg,Apa,BISINDO_Apa_002,train
/content/extracted_images/train/Apa/BISINDO_Apa_002_frame2.jpg,Apa,BISINDO_Apa_002,train
/content/extracted_images/train/Apa/BISINDO_Apa_002_frame3.jpg,Apa,BISINDO_Apa_002,train
/content/extracted_images/train/Apa/BISINDO_Apa_006_frame1.jpg,Apa,BISINDO_Apa_006,train
/content/extracted_images/train/Apa/BISINDO_Apa_006_frame2.jpg,Apa,BISINDO_Apa_006,train
/content/extracted_images/train/Apa/BISINDO_Apa_006_frame3.jpg,Apa,BISINDO_Apa_006,train
/content/extracted_images/train/Apa/BISINDO_Apa_031_frame1.jpg,Apa,BISINDO_Apa_031,train
/content/extracted_images/train/Apa/BISINDO_Apa_031_frame2.jpg,Apa,BISINDO_Apa_031,train
/content/extracted_images/train/Apa/BISINDO_Apa_031_frame3.jpg,Apa,BISINDO_Apa_031,train
/content/extracted_images/train/Apa/BISINDO_Apa_028_frame1.jpg,Apa,BISINDO_Apa_028,train
/content/extracted_images/train/Apa/BISINDO_Apa_028_frame2.jpg,Apa,BISINDO_Apa_028,train
/content/extracted_images/train/Apa/BISINDO_Apa_028_frame3.jpg,Apa,BISINDO_Apa_028,train
/content/extracted_images/train/Apa/BISINDO_Apa_009_frame1.jpg,Apa,BISINDO_Apa_009,train
/content/extracted_images/train/Apa/BISINDO_Apa_009_frame2.jpg,Apa,BISINDO_Apa_009,train
/content/extracted_images/train/Apa/BISINDO_Apa_009_frame3.jpg,Apa,BISINDO_Apa_009,train
/content/extracted_images/train/Apa/BISINDO_Apa_026_frame1.jpg,Apa,BISINDO_Apa_026,train
/content/extracted_images/train/Apa/BISINDO_Apa_026_frame2.jpg,Apa,BISINDO_Apa_026,train
/content/extracted_images/train/Apa/BISINDO_Apa_026_frame3.jpg,Apa,BISINDO_Apa_026,train
/content/extracted_images/train/Apa/BISINDO_Apa_037_frame1.jpg,Apa,BISINDO_Apa_037,train
/content/extracted_images/train/Apa/BISINDO_Apa_037_frame2.jpg,Apa,BISINDO_Apa_037,train
/content/extracted_images/train/Apa/BISINDO_Apa_037_frame3.jpg,Apa,BISINDO_Apa_037,train
/content/extracted_images/train/Apa/BISINDO_Apa_044_frame1.jpg,Apa,BISINDO_Apa_044,train
/content/extracted_images/train/Apa/BISINDO_Apa_044_frame2.jpg,Apa,BISINDO_Apa_044,train
/content/extracted_images/train/Apa/BISINDO_Apa_044_frame3.jpg,Apa,BISINDO_Apa_044,train
/content/extracted_images/train/Apa/BISINDO_Apa_047_frame1.jpg,Apa,BISINDO_Apa_047,train
/content/extracted_images/train/Apa/BISINDO_Apa_047_frame2.jpg,Apa,BISINDO_Apa_047,train
/content/extracted_images/train/Apa/BISINDO_Apa_047_frame3.jpg,Apa,BISINDO_Apa_047,train
/content/extracted_images/train/Apa/BISINDO_Apa_013_frame1.jpg,Apa,BISINDO_Apa_013,train
/content/extracted_images/train/Apa/BISINDO_Apa_013_frame2.jpg,Apa,BISINDO_Apa_013,train
/content/extracted_images/train/Apa/BISINDO_Apa_013_frame3.jpg,Apa,BISINDO_Apa_013,train
/content/extracted_images/train/Apa/BISINDO_Apa_023_frame1.jpg,Apa,BISINDO_Apa_023,train
/content/extracted_images/train/Apa/BISINDO_Apa_023_frame2.jpg,Apa,BISINDO_Apa_023,train
/content/extracted_images/train/Apa/BISINDO_Apa_023_frame3.jpg,Apa,BISINDO_Apa_023,train
/content/extracted_images/train/Apa/BISINDO_Apa_041_frame1.jpg,Apa,BISINDO_Apa_041,train
/content/extracted_images/train/Apa/BISINDO_Apa_041_frame2.jpg,Apa,BISINDO_Apa_041,train
/content/extracted_images/train/Apa/BISINDO_Apa_041_frame3.jpg,Apa,BISINDO_Apa_041,train
/content/extracted_images/train/Apa/BISINDO_Apa_036_frame1.jpg,Apa,BISINDO_Apa_036,train
/content/extracted_images/train/Apa/BISINDO_Apa_036_frame2.jpg,Apa,BISINDO_Apa_036,train
/content/extracted_images/train/Apa/BISINDO_Apa_036_frame3.jpg,Apa,BISINDO_Apa_036,train
/content/extracted_images/train/Apa/BISINDO_Apa_017_frame1.jpg,Apa,BISINDO_Apa_017,train
/content/extracted_images/train/Apa/BISINDO_Apa_017_frame2.jpg,Apa,BISINDO_Apa_017,train
/content/extracted_images/train/Apa/BISINDO_Apa_017_frame3.jpg,Apa,BISINDO_Apa_017,train
/content/extracted_images/train/Apa/BISINDO_Apa_019_frame1.jpg,Apa,BISINDO_Apa_019,train
/content/extracted_images/train/Apa/BISINDO_Apa_019_frame2.jpg,Apa,BISINDO_Apa_019,train
/content/extracted_images/train/Apa/BISINDO_Apa_019_frame3.jpg,Apa,BISINDO_Apa_019,train
/content/extracted_images/train/Apa/BISINDO_Apa_005_frame1.jpg,Apa,BISINDO_Apa_005,train
/content/extracted_images/train/Apa/BISINDO_Apa_005_frame2.jpg,Apa,BISINDO_Apa_005,train
/content/extracted_images/train/Apa/BISINDO_Apa_005_frame3.jpg,Apa,BISINDO_Apa_005,train
/content/extracted_images/train/Apa/BISINDO_Apa_025_frame1.jpg,Apa,BISINDO_Apa_025,train
/content/extracted_images/train/Apa/BISINDO_Apa_025_frame2.jpg,Apa,BISINDO_Apa_025,train
/content/extracted_images/train/Apa/BISINDO_Apa_025_frame3.jpg,Apa,BISINDO_Apa_025,train
/content/extracted_images/train/Apa/BISINDO_Apa_035_frame1.jpg,Apa,BISINDO_Apa_035,train
/content/extracted_images/train/Apa/BISINDO_Apa_035_frame2.jpg,Apa,BISINDO_Apa_035,train
/content/extracted_images/train/Apa/BISINDO_Apa_035_frame3.jpg,Apa,BISINDO_Apa_035,train
/content/extracted_images/train/Apa/BISINDO_Apa_042_frame1.jpg,Apa,BISINDO_Apa_042,train
/content/extracted_images/train/Apa/BISINDO_Apa_042_frame2.jpg,Apa,BISINDO_Apa_042,train
/content/extracted_images/train/Apa/BISINDO_Apa_042_frame3.jpg,Apa,BISINDO_Apa_042,train
/content/extracted_images/train/Apa/BISINDO_Apa_045_frame1.jpg,Apa,BISINDO_Apa_045,train
/content/extracted_images/train/Apa/BISINDO_Apa_045_frame2.jpg,Apa,BISINDO_Apa_045,train
/content/extracted_images/train/Apa/BISINDO_Apa_045_frame3.jpg,Apa,BISINDO_Apa_045,train
/content/extracted_images/train/Apa/BISINDO_Apa_015_frame1.jpg,Apa,BISINDO_Apa_015,train
/content/extracted_images/train/Apa/BISINDO_Apa_015_frame2.jpg,Apa,BISINDO_Apa_015,train
/content/extracted_images/train/Apa/BISINDO_Apa_015_frame3.jpg,Apa,BISINDO_Apa_015,train
/content/extracted_images/train/Apa/BISINDO_Apa_030_frame1.jpg,Apa,BISINDO_Apa_030,train
/content/extracted_images/train/Apa/BISINDO_Apa_030_frame2.jpg,Apa,BISINDO_Apa_030,train
/content/extracted_images/train/Apa/BISINDO_Apa_030_frame3.jpg,Apa,BISINDO_Apa_030,train
/content/extracted_images/train/Apa/BISINDO_Apa_033_frame1.jpg,Apa,BISINDO_Apa_033,train
/content/extracted_images/train/Apa/BISINDO_Apa_033_frame2.jpg,Apa,BISINDO_Apa_033,train
/content/extracted_images/train/Apa/BISINDO_Apa_033_frame3.jpg,Apa,BISINDO_Apa_033,train
/content/extracted_images/train/Apa/BISINDO_Apa_022_frame1.jpg,Apa,BISINDO_Apa_022,train
/content/extracted_images/train/Apa/BISINDO_Apa_022_frame2.jpg,Apa,BISINDO_Apa_022,train
/content/extracted_images/train/Apa/BISINDO_Apa_022_frame3.jpg,Apa,BISINDO_Apa_022,train
/content/extracted_images/train/Apa/BISINDO_Apa_046_frame1.jpg,Apa,BISINDO_Apa_046,train
/content/extracted_images/train/Apa/BISINDO_Apa_046_frame2.jpg,Apa,BISINDO_Apa_046,train
/content/extracted_images/train/Apa/BISINDO_Apa_046_frame3.jpg,Apa,BISINDO_Apa_046,train
/content/extracted_images/train/Apa/BISINDO_Apa_008_frame1.jpg,Apa,BISINDO_Apa_008,train
/content/extracted_images/train/Apa/BISINDO_Apa_008_frame2.jpg,Apa,BISINDO_Apa_008,train
/content/extracted_images/train/Apa/BISINDO_Apa_008_frame3.jpg,Apa,BISINDO_Apa_008,train
/content/extracted_images/train/Apa/BISINDO_Apa_011_frame1.jpg,Apa,BISINDO_Apa_011,train
/content/extracted_images/train/Apa/BISINDO_Apa_011_frame2.jpg,Apa,BISINDO_Apa_011,train
/content/extracted_images/train/Apa/BISINDO_Apa_011_frame3.jpg,Apa,BISINDO_Apa_011,train
/content/extracted_images/train/Apa/BISINDO_Apa_049_frame1.jpg,Apa,BISINDO_Apa_049,train
/content/extracted_images/train/Apa/BISINDO_Apa_049_frame2.jpg,Apa,BISINDO_Apa_049,train
/content/extracted_images/train/Apa/BISINDO_Apa_049_frame3.jpg,Apa,BISINDO_Apa_049,train
/content/extracted_images/train/Apa/BISINDO_Apa_003_frame1.jpg,Apa,BISINDO_Apa_003,train
/content/extracted_images/train/Apa/BISINDO_Apa_003_frame2.jpg,Apa,BISINDO_Apa_003,train
/content/extracted_images/train/Apa/BISINDO_Apa_003_frame3.jpg,Apa,BISINDO_Apa_003,train
/content/extracted_images/train/Apa/BISINDO_Apa_004_frame1.jpg,Apa,BISINDO_Apa_004,train
/content/extracted_images/train/Apa/BISINDO_Apa_004_frame2.jpg,Apa,BISINDO_Apa_004,train
/content/extracted_images/train/Apa/BISINDO_Apa_004_frame3.jpg,Apa,BISINDO_Apa_004,train
/content/extracted_images/train/Apa/BISINDO_Apa_001_frame1.jpg,Apa,BISINDO_Apa_001,train
/content/extracted_images/train/Apa/BISINDO_Apa_001_frame2.jpg,Apa,BISINDO_Apa_001,train
/content/extracted_images/train/Apa/BISINDO_Apa_001_frame3.jpg,Apa,BISINDO_Apa_001,train
/content/extracted_images/train/Apa/BISINDO_Apa_039_frame1.jpg,Apa,BISINDO_Apa_039,train
/content/extracted_images/train/Apa/BISINDO_Apa_039_frame2.jpg,Apa,BISINDO_Apa_039,train
/content/extracted_images/train/Apa/BISINDO_Apa_039_frame3.jpg,Apa,BISINDO_Apa_039,train
/content/extracted_images/train/Apa/BISINDO_Apa_043_frame1.jpg,Apa,BISINDO_Apa_043,train
/content/extracted_images/train/Apa/BISINDO_Apa_043_frame2.jpg,Apa,BISINDO_Apa_043,train
/content/extracted_images/train/Apa/BISINDO_Apa_043_frame3.jpg,Apa,BISINDO_Apa_043,train
/content/extracted_images/train/Apa/BISINDO_Apa_034_frame1.jpg,Apa,BISINDO_Apa_034,train
/content/extracted_images/train/Apa/BISINDO_Apa_034_frame2.jpg,Apa,BISINDO_Apa_034,train
/content/extracted_images/train/Apa/BISINDO_Apa_034_frame3.jpg,Apa,BISINDO_Apa_034,train
/content/extracted_images/train/Dimana/BISINDO_Dimana_008_frame1.jpg,Dimana,BISINDO_Dimana_008,train
/content/extracted_images/train/Dimana/BISINDO_Dimana_008_frame2.jpg,Dimana,BISINDO_Dimana_008,train
/content/extracted_images/train/Dimana/BISINDO_Dimana_008_frame3.jpg,Dimana,BISINDO_Dimana_008,train
/content/extracted_images/train/Dimana/BISINDO_Dimana_006_frame1.jpg,Dimana,BISINDO_Dimana_006,train
/content/extracted_images/train/Dimana/BISINDO_Dimana_006_frame2.jpg,Dimana,BISINDO_Dimana_006,train
/content/extracted_images/train/Dimana/BISINDO_Dimana_006_frame3.jpg,Dimana,BISINDO_Dimana_006,train
/content/extracted_images/train/Dimana/BISINDO_Dimana_010_frame1.jpg,Dimana,BISINDO_Dimana_010,train
/content/extracted_images/train/Dimana/BISINDO_Dimana_010_frame2.jpg,Dimana,BISINDO_Dimana_010,train
/content/extracted_images/train/Dimana/BISINDO_Dimana_010_frame3.jpg,Dimana,BISINDO_Dimana_010,train
/content/extracted_images/train/Dimana/BISINDO_Dimana_017_frame1.jpg,Dimana,BISINDO_Dimana_017,train
/content/extracted_images/train/Dimana/BISINDO_Dimana_017_frame2.jpg,Dimana,BISINDO_Dimana_017,train
/content/extracted_images/train/Dimana/BISINDO_Dimana_017_frame3.jpg,Dimana,BISINDO_Dimana_017,train
/content/extracted_images/train/Dimana/BISINDO_Dimana_021_frame1.jpg,Dimana,BISINDO_Dimana_021,train
/content/extracted_images/train/Dimana/BISINDO_Dimana_021_frame2.jpg,Dimana,BISINDO_Dimana_021,train
/content/extracted_images/train/Dimana/BISINDO_Dimana_021_frame3.jpg,Dimana,BISINDO_Dimana_021,train
/content/extracted_images/train/Dimana/BISINDO_Dimana_040_frame1.jpg,Dimana,BISINDO_Dimana_040,train
/content/extracted_images/train/Dimana/BISINDO_Dimana_040_frame2.jpg,Dimana,BISINDO_Dimana_040,train
/content/extracted_images/train/Dimana/BISINDO_Dimana_040_frame3.jpg,Dimana,BISINDO_Dimana_040,train
/content/extracted_images/train/Dimana/BISINDO_Dimana_044_frame1.jpg,Dimana,BISINDO_Dimana_044,train
/content/extracted_images/train/Dimana/BISINDO_Dimana_044_frame2.jpg,Dimana,BISINDO_Dimana_044,train
/content/extracted_images/train/Dimana/BISINDO_Dimana_044_frame3.jpg,Dimana,BISINDO_Dimana_044,train
/content/extracted_images/train/Dimana/BISINDO_Dimana_032_frame1.jpg,Dimana,BISINDO_Dimana_032,train
/content/extracted_images/train/Dimana/BISINDO_Dimana_032_frame2.jpg,Dimana,BISINDO_Dimana_032,train
/content/extracted_images/train/Dimana/BISINDO_Dimana_032_frame3.jpg,Dimana,BISINDO_Dimana_032,train
/content/extracted_images/train/Dimana/BISINDO_Dimana_028_frame1.jpg,Dimana,BISINDO_Dimana_028,train
/content/extracted_images/train/Dimana/BISINDO_Dimana_028_frame2.jpg,Dimana,BISINDO_Dimana_028,train
/content/extracted_images/train/Dimana/BISINDO_Dimana_028_frame3.jpg,Dimana,BISINDO_Dimana_028,train
/content/extracted_images/train/Dimana/BISINDO_Dimana_037_frame1.jpg,Dimana,BISINDO_Dimana_037,train
/content/extracted_images/train/Dimana/BISINDO_Dimana_037_frame2.jpg,Dimana,BISINDO_Dimana_037,train
/content/extracted_images/train/Dimana/BISINDO_Dimana_037_frame3.jpg,Dimana,BISINDO_Dimana_037,train
/content/extracted_images/train/Dimana/BISINDO_Dimana_016_frame1.jpg,Dimana,BISINDO_Dimana_016,train
/content/extracted_images/train/Dimana/BISINDO_Dimana_016_frame2.jpg,Dimana,BISINDO_Dimana_016,train
/content/extracted_images/train/Dimana/BISINDO_Dimana_016_frame3.jpg,Dimana,BISINDO_Dimana_016,train
/content/extracted_images/train/Dimana/BISINDO_Dimana_023_frame1.jpg,Dimana,BISINDO_Dimana_023,train
/content/extracted_images/train/Dimana/BISINDO_Dimana_023_frame2.jpg,Dimana,BISINDO_Dimana_023,train
/content/extracted_images/train/Dimana/BISINDO_Dimana_023_frame3.jpg,Dimana,BISINDO_Dimana_023,train
/content/extracted_images/train/Dimana/BISINDO_Dimana_009_frame1.jpg,Dimana,BISINDO_Dimana_009,train
/content/extracted_images/train/Dimana/BISINDO_Dimana_009_frame2.jpg,Dimana,BISINDO_Dimana_009,train
/content/extracted_images/train/Dimana/BISINDO_Dimana_009_frame3.jpg,Dimana,BISINDO_Dimana_009,train
/content/extracted_images/train/Dimana/BISINDO_Dimana_038_frame1.jpg,Dimana,BISINDO_Dimana_038,train
/content/extracted_images/train/Dimana/BISINDO_Dimana_038_frame2.jpg,Dimana,BISINDO_Dimana_038,train
/content/extracted_images/train/Dimana/BISINDO_Dimana_038_frame3.jpg,Dimana,BISINDO_Dimana_038,train
/content/extracted_images/train/Dimana/BISINDO_Dimana_020_frame1.jpg,Dimana,BISINDO_Dimana_020,train
/content/extracted_images/train/Dimana/BISINDO_Dimana_020_frame2.jpg,Dimana,BISINDO_Dimana_020,train
/content/extracted_images/train/Dimana/BISINDO_Dimana_020_frame3.jpg,Dimana,BISINDO_Dimana_020,train
/content/extracted_images/train/Dimana/BISINDO_Dimana_034_frame1.jpg,Dimana,BISINDO_Dimana_034,train
/content/extracted_images/train/Dimana/BISINDO_Dimana_034_frame2.jpg,Dimana,BISINDO_Dimana_034,train
/content/extracted_images/train/Dimana/BISINDO_Dimana_034_frame3.jpg,Dimana,BISINDO_Dimana_034,train
/content/extracted_images/train/Dimana/BISINDO_Dimana_012_frame1.jpg,Dimana,BISINDO_Dimana_012,train
/content/extracted_images/train/Dimana/BISINDO_Dimana_012_frame2.jpg,Dimana,BISINDO_Dimana_012,train
/content/extracted_images/train/Dimana/BISINDO_Dimana_012_frame3.jpg,Dimana,BISINDO_Dimana_012,train
/content/extracted_images/train/Dimana/BISINDO_Dimana_014_frame1.jpg,Dimana,BISINDO_Dimana_014,train
/content/extracted_images/train/Dimana/BISINDO_Dimana_014_frame2.jpg,Dimana,BISINDO_Dimana_014,train
/content/extracted_images/train/Dimana/BISINDO_Dimana_014_frame3.jpg,Dimana,BISINDO_Dimana_014,train
/content/extracted_images/train/Dimana/BISINDO_Dimana_024_frame1.jpg,Dimana,BISINDO_Dimana_024,train
/content/extracted_images/train/Dimana/BISINDO_Dimana_024_frame2.jpg,Dimana,BISINDO_Dimana_024,train
/content/extracted_images/train/Dimana/BISINDO_Dimana_024_frame3.jpg,Dimana,BISINDO_Dimana_024,train
/content/extracted_images/train/Dimana/BISINDO_Dimana_043_frame1.jpg,Dimana,BISINDO_Dimana_043,train
/content/extracted_images/train/Dimana/BISINDO_Dimana_043_frame2.jpg,Dimana,BISINDO_Dimana_043,train
/content/extracted_images/train/Dimana/BISINDO_Dimana_043_frame3.jpg,Dimana,BISINDO_Dimana_043,train
/content/extracted_images/train/Dimana/BISINDO_Dimana_025_frame1.jpg,Dimana,BISINDO_Dimana_025,train
/content/extracted_images/train/Dimana/BISINDO_Dimana_025_frame2.jpg,Dimana,BISINDO_Dimana_025,train
/content/extracted_images/train/Dimana/BISINDO_Dimana_025_frame3.jpg,Dimana,BISINDO_Dimana_025,train
/content/extracted_images/train/Dimana/BISINDO_Dimana_047_frame1.jpg,Dimana,BISINDO_Dimana_047,train
/content/extracted_images/train/Dimana/BISINDO_Dimana_047_frame2.jpg,Dimana,BISINDO_Dimana_047,train
/content/extracted_images/train/Dimana/BISINDO_Dimana_047_frame3.jpg,Dimana,BISINDO_Dimana_047,train
/content/extracted_images/train/Dimana/BISINDO_Dimana_039_frame1.jpg,Dimana,BISINDO_Dimana_039,train
/content/extracted_images/train/Dimana/BISINDO_Dimana_039_frame2.jpg,Dimana,BISINDO_Dimana_039,train
/content/extracted_images/train/Dimana/BISINDO_Dimana_039_frame3.jpg,Dimana,BISINDO_Dimana_039,train
/content/extracted_images/train/Dimana/BISINDO_Dimana_026_frame1.jpg,Dimana,BISINDO_Dimana_026,train
/content/extracted_images/train/Dimana/BISINDO_Dimana_026_frame2.jpg,Dimana,BISINDO_Dimana_026,train
/content/extracted_images/train/Dimana/BISINDO_Dimana_026_frame3.jpg,Dimana,BISINDO_Dimana_026,train
/content/extracted_images/train/Dimana/BISINDO_Dimana_042_frame1.jpg,Dimana,BISINDO_Dimana_042,train
/content/extracted_images/train/Dimana/BISINDO_Dimana_042_frame2.jpg,Dimana,BISINDO_Dimana_042,train
/content/extracted_images/train/Dimana/BISINDO_Dimana_042_frame3.jpg,Dimana,BISINDO_Dimana_042,train
/content/extracted_images/train/Dimana/BISINDO_Dimana_041_frame1.jpg,Dimana,BISINDO_Dimana_041,train
/content/extracted_images/train/Dimana/BISINDO_Dimana_041_frame2.jpg,Dimana,BISINDO_Dimana_041,train
/content/extracted_images/train/Dimana/BISINDO_Dimana_041_frame3.jpg,Dimana,BISINDO_Dimana_041,train
/content/extracted_images/train/Dimana/BISINDO_Dimana_050_frame1.jpg,Dimana,BISINDO_Dimana_050,train
/content/extracted_images/train/Dimana/BISINDO_Dimana_050_frame2.jpg,Dimana,BISINDO_Dimana_050,train
/content/extracted_images/train/Dimana/BISINDO_Dimana_050_frame3.jpg,Dimana,BISINDO_Dimana_050,train
/content/extracted_images/train/Dimana/BISINDO_Dimana_027_frame1.jpg,Dimana,BISINDO_Dimana_027,train
/content/extracted_images/train/Dimana/BISINDO_Dimana_027_frame2.jpg,Dimana,BISINDO_Dimana_027,train
/content/extracted_images/train/Dimana/BISINDO_Dimana_027_frame3.jpg,Dimana,BISINDO_Dimana_027,train
/content/extracted_images/train/Dimana/BISINDO_Dimana_002_frame1.jpg,Dimana,BISINDO_Dimana_002,train
/content/extracted_images/train/Dimana/BISINDO_Dimana_002_frame2.jpg,Dimana,BISINDO_Dimana_002,train
/content/extracted_images/train/Dimana/BISINDO_Dimana_002_frame3.jpg,Dimana,BISINDO_Dimana_002,train
/content/extracted_images/train/Dimana/BISINDO_Dimana_018_frame1.jpg,Dimana,BISINDO_Dimana_018,train
/content/extracted_images/train/Dimana/BISINDO_Dimana_018_frame2.jpg,Dimana,BISINDO_Dimana_018,train
/content/extracted_images/train/Dimana/BISINDO_Dimana_018_frame3.jpg,Dimana,BISINDO_Dimana_018,train
/content/extracted_images/train/Dimana/BISINDO_Dimana_048_frame1.jpg,Dimana,BISINDO_Dimana_048,train
/content/extracted_images/train/Dimana/BISINDO_Dimana_048_frame2.jpg,Dimana,BISINDO_Dimana_048,train
/content/extracted_images/train/Dimana/BISINDO_Dimana_048_frame3.jpg,Dimana,BISINDO_Dimana_048,train
/content/extracted_images/train/Dimana/BISINDO_Dimana_007_frame1.jpg,Dimana,BISINDO_Dimana_007,train
/content/extracted_images/train/Dimana/BISINDO_Dimana_007_frame2.jpg,Dimana,BISINDO_Dimana_007,train
/content/extracted_images/train/Dimana/BISINDO_Dimana_007_frame3.jpg,Dimana,BISINDO_Dimana_007,train
/content/extracted_images/train/Dimana/BISINDO_Dimana_049_frame1.jpg,Dimana,BISINDO_Dimana_049,train
/content/extracted_images/train/Dimana/BISINDO_Dimana_049_frame2.jpg,Dimana,BISINDO_Dimana_049,train
/content/extracted_images/train/Dimana/BISINDO_Dimana_049_frame3.jpg,Dimana,BISINDO_Dimana_049,train
/content/extracted_images/train/Dimana/BISINDO_Dimana_011_frame1.jpg,Dimana,BISINDO_Dimana_011,train
/content/extracted_images/train/Dimana/BISINDO_Dimana_011_frame2.jpg,Dimana,BISINDO_Dimana_011,train
/content/extracted_images/train/Dimana/BISINDO_Dimana_011_frame3.jpg,Dimana,BISINDO_Dimana_011,train
/content/extracted_images/train/Dimana/BISINDO_Dimana_003_frame1.jpg,Dimana,BISINDO_Dimana_003,train
/content/extracted_images/train/Dimana/BISINDO_Dimana_003_frame2.jpg,Dimana,BISINDO_Dimana_003,train
/content/extracted_images/train/Dimana/BISINDO_Dimana_003_frame3.jpg,Dimana,BISINDO_Dimana_003,train
/content/extracted_images/train/Dimana/BISINDO_Dimana_019_frame1.jpg,Dimana,BISINDO_Dimana_019,train
/content/extracted_images/train/Dimana/BISINDO_Dimana_019_frame2.jpg,Dimana,BISINDO_Dimana_019,train
/content/extracted_images/train/Dimana/BISINDO_Dimana_019_frame3.jpg,Dimana,BISINDO_Dimana_019,train
/content/extracted_images/train/Dimana/BISINDO_Dimana_005_frame1.jpg,Dimana,BISINDO_Dimana_005,train
/content/extracted_images/train/Dimana/BISINDO_Dimana_005_frame2.jpg,Dimana,BISINDO_Dimana_005,train
/content/extracted_images/train/Dimana/BISINDO_Dimana_005_frame3.jpg,Dimana,BISINDO_Dimana_005,train
/content/extracted_images/train/Dimana/BISINDO_Dimana_035_frame1.jpg,Dimana,BISINDO_Dimana_035,train
/content/extracted_images/train/Dimana/BISINDO_Dimana_035_frame2.jpg,Dimana,BISINDO_Dimana_035,train
/content/extracted_images/train/Dimana/BISINDO_Dimana_035_frame3.jpg,Dimana,BISINDO_Dimana_035,train
/content/extracted_images/train/Kamu/BISINDO_Kamu_027_frame1.jpg,Kamu,BISINDO_Kamu_027,train
/content/extracted_images/train/Kamu/BISINDO_Kamu_027_frame2.jpg,Kamu,BISINDO_Kamu_027,train
/content/extracted_images/train/Kamu/BISINDO_Kamu_027_frame3.jpg,Kamu,BISINDO_Kamu_027,train
/content/extracted_images/train/Kamu/BISINDO_Kamu_005_frame1.jpg,Kamu,BISINDO_Kamu_005,train
/content/extracted_images/train/Kamu/BISINDO_Kamu_005_frame2.jpg,Kamu,BISINDO_Kamu_005,train
/content/extracted_images/train/Kamu/BISINDO_Kamu_005_frame3.jpg,Kamu,BISINDO_Kamu_005,train
/content/extracted_images/train/Kamu/BISINDO_Kamu_040_frame1.jpg,Kamu,BISINDO_Kamu_040,train
/content/extracted_images/train/Kamu/BISINDO_Kamu_040_frame2.jpg,Kamu,BISINDO_Kamu_040,train
/content/extracted_images/train/Kamu/BISINDO_Kamu_040_frame3.jpg,Kamu,BISINDO_Kamu_040,train
/content/extracted_images/train/Kamu/BISINDO_Kamu_014_frame1.jpg,Kamu,BISINDO_Kamu_014,train
/content/extracted_images/train/Kamu/BISINDO_Kamu_014_frame2.jpg,Kamu,BISINDO_Kamu_014,train
/content/extracted_images/train/Kamu/BISINDO_Kamu_014_frame3.jpg,Kamu,BISINDO_Kamu_014,train
/content/extracted_images/train/Kamu/BISINDO_Kamu_011_frame1.jpg,Kamu,BISINDO_Kamu_011,train
/content/extracted_images/train/Kamu/BISINDO_Kamu_011_frame2.jpg,Kamu,BISINDO_Kamu_011,train
/content/extracted_images/train/Kamu/BISINDO_Kamu_011_frame3.jpg,Kamu,BISINDO_Kamu_011,train
/content/extracted_images/train/Kamu/BISINDO_Kamu_012_frame1.jpg,Kamu,BISINDO_Kamu_012,train
/content/extracted_images/train/Kamu/BISINDO_Kamu_012_frame2.jpg,Kamu,BISINDO_Kamu_012,train
/content/extracted_images/train/Kamu/BISINDO_Kamu_012_frame3.jpg,Kamu,BISINDO_Kamu_012,train
/content/extracted_images/train/Kamu/BISINDO_Kamu_035_frame1.jpg,Kamu,BISINDO_Kamu_035,train
/content/extracted_images/train/Kamu/BISINDO_Kamu_035_frame2.jpg,Kamu,BISINDO_Kamu_035,train
/content/extracted_images/train/Kamu/BISINDO_Kamu_035_frame3.jpg,Kamu,BISINDO_Kamu_035,train
/content/extracted_images/train/Kamu/BISINDO_Kamu_046_frame1.jpg,Kamu,BISINDO_Kamu_046,train
/content/extracted_images/train/Kamu/BISINDO_Kamu_046_frame2.jpg,Kamu,BISINDO_Kamu_046,train
/content/extracted_images/train/Kamu/BISINDO_Kamu_046_frame3.jpg,Kamu,BISINDO_Kamu_046,train
/content/extracted_images/train/Kamu/BISINDO_Kamu_018_frame1.jpg,Kamu,BISINDO_Kamu_018,train
/content/extracted_images/train/Kamu/BISINDO_Kamu_018_frame2.jpg,Kamu,BISINDO_Kamu_018,train
/content/extracted_images/train/Kamu/BISINDO_Kamu_018_frame3.jpg,Kamu,BISINDO_Kamu_018,train
/content/extracted_images/train/Kamu/BISINDO_Kamu_038_frame1.jpg,Kamu,BISINDO_Kamu_038,train
/content/extracted_images/train/Kamu/BISINDO_Kamu_038_frame2.jpg,Kamu,BISINDO_Kamu_038,train
/content/extracted_images/train/Kamu/BISINDO_Kamu_038_frame3.jpg,Kamu,BISINDO_Kamu_038,train
/content/extracted_images/train/Kamu/BISINDO_Kamu_019_frame1.jpg,Kamu,BISINDO_Kamu_019,train
/content/extracted_images/train/Kamu/BISINDO_Kamu_019_frame2.jpg,Kamu,BISINDO_Kamu_019,train
/content/extracted_images/train/Kamu/BISINDO_Kamu_019_frame3.jpg,Kamu,BISINDO_Kamu_019,train
/content/extracted_images/train/Kamu/BISINDO_Kamu_022_frame1.jpg,Kamu,BISINDO_Kamu_022,train
/content/extracted_images/train/Kamu/BISINDO_Kamu_022_frame2.jpg,Kamu,BISINDO_Kamu_022,train
/content/extracted_images/train/Kamu/BISINDO_Kamu_022_frame3.jpg,Kamu,BISINDO_Kamu_022,train
/content/extracted_images/train/Kamu/BISINDO_Kamu_033_frame1.jpg,Kamu,BISINDO_Kamu_033,train
/content/extracted_images/train/Kamu/BISINDO_Kamu_033_frame2.jpg,Kamu,BISINDO_Kamu_033,train
/content/extracted_images/train/Kamu/BISINDO_Kamu_033_frame3.jpg,Kamu,BISINDO_Kamu_033,train
/content/extracted_images/train/Kamu/BISINDO_Kamu_026_frame1.jpg,Kamu,BISINDO_Kamu_026,train
/content/extracted_images/train/Kamu/BISINDO_Kamu_026_frame2.jpg,Kamu,BISINDO_Kamu_026,train
/content/extracted_images/train/Kamu/BISINDO_Kamu_026_frame3.jpg,Kamu,BISINDO_Kamu_026,train
/content/extracted_images/train/Kamu/BISINDO_Kamu_004_frame1.jpg,Kamu,BISINDO_Kamu_004,train
/content/extracted_images/train/Kamu/BISINDO_Kamu_004_frame2.jpg,Kamu,BISINDO_Kamu_004,train
/content/extracted_images/train/Kamu/BISINDO_Kamu_004_frame3.jpg,Kamu,BISINDO_Kamu_004,train
/content/extracted_images/train/Kamu/BISINDO_Kamu_020_frame1.jpg,Kamu,BISINDO_Kamu_020,train
/content/extracted_images/train/Kamu/BISINDO_Kamu_020_frame2.jpg,Kamu,BISINDO_Kamu_020,train
/content/extracted_images/train/Kamu/BISINDO_Kamu_020_frame3.jpg,Kamu,BISINDO_Kamu_020,train
/content/extracted_images/train/Kamu/BISINDO_Kamu_034_frame1.jpg,Kamu,BISINDO_Kamu_034,train
/content/extracted_images/train/Kamu/BISINDO_Kamu_034_frame2.jpg,Kamu,BISINDO_Kamu_034,train
/content/extracted_images/train/Kamu/BISINDO_Kamu_034_frame3.jpg,Kamu,BISINDO_Kamu_034,train
/content/extracted_images/train/Kamu/BISINDO_Kamu_001_frame1.jpg,Kamu,BISINDO_Kamu_001,train
/content/extracted_images/train/Kamu/BISINDO_Kamu_001_frame2.jpg,Kamu,BISINDO_Kamu_001,train
/content/extracted_images/train/Kamu/BISINDO_Kamu_001_frame3.jpg,Kamu,BISINDO_Kamu_001,train
/content/extracted_images/train/Kamu/BISINDO_Kamu_009_frame1.jpg,Kamu,BISINDO_Kamu_009,train
/content/extracted_images/train/Kamu/BISINDO_Kamu_009_frame2.jpg,Kamu,BISINDO_Kamu_009,train
/content/extracted_images/train/Kamu/BISINDO_Kamu_009_frame3.jpg,Kamu,BISINDO_Kamu_009,train
/content/extracted_images/train/Kamu/BISINDO_Kamu_016_frame1.jpg,Kamu,BISINDO_Kamu_016,train
/content/extracted_images/train/Kamu/BISINDO_Kamu_016_frame2.jpg,Kamu,BISINDO_Kamu_016,train
/content/extracted_images/train/Kamu/BISINDO_Kamu_016_frame3.jpg,Kamu,BISINDO_Kamu_016,train
/content/extracted_images/train/Kamu/BISINDO_Kamu_010_frame1.jpg,Kamu,BISINDO_Kamu_010,train
/content/extracted_images/train/Kamu/BISINDO_Kamu_010_frame2.jpg,Kamu,BISINDO_Kamu_010,train
/content/extracted_images/train/Kamu/BISINDO_Kamu_010_frame3.jpg,Kamu,BISINDO_Kamu_010,train
/content/extracted_images/train/Kamu/BISINDO_Kamu_041_frame1.jpg,Kamu,BISINDO_Kamu_041,train
/content/extracted_images/train/Kamu/BISINDO_Kamu_041_frame2.jpg,Kamu,BISINDO_Kamu_041,train
/content/extracted_images/train/Kamu/BISINDO_Kamu_041_frame3.jpg,Kamu,BISINDO_Kamu_041,train
/content/extracted_images/train/Kamu/BISINDO_Kamu_015_frame1.jpg,Kamu,BISINDO_Kamu_015,train
/content/extracted_images/train/Kamu/BISINDO_Kamu_015_frame2.jpg,Kamu,BISINDO_Kamu_015,train
/content/extracted_images/train/Kamu/BISINDO_Kamu_015_frame3.jpg,Kamu,BISINDO_Kamu_015,train
/content/extracted_images/train/Kamu/BISINDO_Kamu_049_frame1.jpg,Kamu,BISINDO_Kamu_049,train
/content/extracted_images/train/Kamu/BISINDO_Kamu_049_frame2.jpg,Kamu,BISINDO_Kamu_049,train
/content/extracted_images/train/Kamu/BISINDO_Kamu_049_frame3.jpg,Kamu,BISINDO_Kamu_049,train
/content/extracted_images/train/Kamu/BISINDO_Kamu_032_frame1.jpg,Kamu,BISINDO_Kamu_032,train
/content/extracted_images/train/Kamu/BISINDO_Kamu_032_frame2.jpg,Kamu,BISINDO_Kamu_032,train
/content/extracted_images/train/Kamu/BISINDO_Kamu_032_frame3.jpg,Kamu,BISINDO_Kamu_032,train
/content/extracted_images/train/Kamu/BISINDO_Kamu_003_frame1.jpg,Kamu,BISINDO_Kamu_003,train
/content/extracted_images/train/Kamu/BISINDO_Kamu_003_frame2.jpg,Kamu,BISINDO_Kamu_003,train
/content/extracted_images/train/Kamu/BISINDO_Kamu_003_frame3.jpg,Kamu,BISINDO_Kamu_003,train
/content/extracted_images/train/Kamu/BISINDO_Kamu_025_frame1.jpg,Kamu,BISINDO_Kamu_025,train
/content/extracted_images/train/Kamu/BISINDO_Kamu_025_frame2.jpg,Kamu,BISINDO_Kamu_025,train
/content/extracted_images/train/Kamu/BISINDO_Kamu_025_frame3.jpg,Kamu,BISINDO_Kamu_025,train
/content/extracted_images/train/Kamu/BISINDO_Kamu_029_frame1.jpg,Kamu,BISINDO_Kamu_029,train
/content/extracted_images/train/Kamu/BISINDO_Kamu_029_frame2.jpg,Kamu,BISINDO_Kamu_029,train
/content/extracted_images/train/Kamu/BISINDO_Kamu_029_frame3.jpg,Kamu,BISINDO_Kamu_029,train
/content/extracted_images/train/Kamu/BISINDO_Kamu_030_frame1.jpg,Kamu,BISINDO_Kamu_030,train
/content/extracted_images/train/Kamu/BISINDO_Kamu_030_frame2.jpg,Kamu,BISINDO_Kamu_030,train
/content/extracted_images/train/Kamu/BISINDO_Kamu_030_frame3.jpg,Kamu,BISINDO_Kamu_030,train
/content/extracted_images/train/Kamu/BISINDO_Kamu_024_frame1.jpg,Kamu,BISINDO_Kamu_024,train
/content/extracted_images/train/Kamu/BISINDO_Kamu_024_frame2.jpg,Kamu,BISINDO_Kamu_024,train
/content/extracted_images/train/Kamu/BISINDO_Kamu_024_frame3.jpg,Kamu,BISINDO_Kamu_024,train
/content/extracted_images/train/Kamu/BISINDO_Kamu_028_frame1.jpg,Kamu,BISINDO_Kamu_028,train
/content/extracted_images/train/Kamu/BISINDO_Kamu_028_frame2.jpg,Kamu,BISINDO_Kamu_028,train
/content/extracted_images/train/Kamu/BISINDO_Kamu_028_frame3.jpg,Kamu,BISINDO_Kamu_028,train
/content/extracted_images/train/Kamu/BISINDO_Kamu_007_frame1.jpg,Kamu,BISINDO_Kamu_007,train
/content/extracted_images/train/Kamu/BISINDO_Kamu_007_frame2.jpg,Kamu,BISINDO_Kamu_007,train
/content/extracted_images/train/Kamu/BISINDO_Kamu_007_frame3.jpg,Kamu,BISINDO_Kamu_007,train
/content/extracted_images/train/Kamu/BISINDO_Kamu_017_frame1.jpg,Kamu,BISINDO_Kamu_017,train
/content/extracted_images/train/Kamu/BISINDO_Kamu_017_frame2.jpg,Kamu,BISINDO_Kamu_017,train
/content/extracted_images/train/Kamu/BISINDO_Kamu_017_frame3.jpg,Kamu,BISINDO_Kamu_017,train
/content/extracted_images/train/Kamu/BISINDO_Kamu_050_frame1.jpg,Kamu,BISINDO_Kamu_050,train
/content/extracted_images/train/Kamu/BISINDO_Kamu_050_frame2.jpg,Kamu,BISINDO_Kamu_050,train
/content/extracted_images/train/Kamu/BISINDO_Kamu_050_frame3.jpg,Kamu,BISINDO_Kamu_050,train
/content/extracted_images/train/Kamu/BISINDO_Kamu_043_frame1.jpg,Kamu,BISINDO_Kamu_043,train
/content/extracted_images/train/Kamu/BISINDO_Kamu_043_frame2.jpg,Kamu,BISINDO_Kamu_043,train
/content/extracted_images/train/Kamu/BISINDO_Kamu_043_frame3.jpg,Kamu,BISINDO_Kamu_043,train
/content/extracted_images/train/Kamu/BISINDO_Kamu_023_frame1.jpg,Kamu,BISINDO_Kamu_023,train
/content/extracted_images/train/Kamu/BISINDO_Kamu_023_frame2.jpg,Kamu,BISINDO_Kamu_023,train
/content/extracted_images/train/Kamu/BISINDO_Kamu_023_frame3.jpg,Kamu,BISINDO_Kamu_023,train
/content/extracted_images/train/Kamu/BISINDO_Kamu_037_frame1.jpg,Kamu,BISINDO_Kamu_037,train
/content/extracted_images/train/Kamu/BISINDO_Kamu_037_frame2.jpg,Kamu,BISINDO_Kamu_037,train
/content/extracted_images/train/Kamu/BISINDO_Kamu_037_frame3.jpg,Kamu,BISINDO_Kamu_037,train
/content/extracted_images/train/Kamu/BISINDO_Kamu_008_frame1.jpg,Kamu,BISINDO_Kamu_008,train
/content/extracted_images/train/Kamu/BISINDO_Kamu_008_frame2.jpg,Kamu,BISINDO_Kamu_008,train
/content/extracted_images/train/Kamu/BISINDO_Kamu_008_frame3.jpg,Kamu,BISINDO_Kamu_008,train
/content/extracted_images/train/Kamu/BISINDO_Kamu_042_frame1.jpg,Kamu,BISINDO_Kamu_042,train
/content/extracted_images/train/Kamu/BISINDO_Kamu_042_frame2.jpg,Kamu,BISINDO_Kamu_042,train
/content/extracted_images/train/Kamu/BISINDO_Kamu_042_frame3.jpg,Kamu,BISINDO_Kamu_042,train
/content/extracted_images/train/Kamu/BISINDO_Kamu_039_frame1.jpg,Kamu,BISINDO_Kamu_039,train
/content/extracted_images/train/Kamu/BISINDO_Kamu_039_frame2.jpg,Kamu,BISINDO_Kamu_039,train
/content/extracted_images/train/Kamu/BISINDO_Kamu_039_frame3.jpg,Kamu,BISINDO_Kamu_039,train
/content/extracted_images/train/Kamu/BISINDO_Kamu_036_frame1.jpg,Kamu,BISINDO_Kamu_036,train
/content/extracted_images/train/Kamu/BISINDO_Kamu_036_frame2.jpg,Kamu,BISINDO_Kamu_036,train
/content/extracted_images/train/Kamu/BISINDO_Kamu_036_frame3.jpg,Kamu,BISINDO_Kamu_036,train
/content/extracted_images/train/Kamu/BISINDO_Kamu_048_frame1.jpg,Kamu,BISINDO_Kamu_048,train
/content/extracted_images/train/Kamu/BISINDO_Kamu_048_frame2.jpg,Kamu,BISINDO_Kamu_048,train
/content/extracted_images/train/Kamu/BISINDO_Kamu_048_frame3.jpg,Kamu,BISINDO_Kamu_048,train
/content/extracted_images/train/Kamu/BISINDO_Kamu_006_frame1.jpg,Kamu,BISINDO_Kamu_006,train
/content/extracted_images/train/Kamu/BISINDO_Kamu_006_frame2.jpg,Kamu,BISINDO_Kamu_006,train
/content/extracted_images/train/Kamu/BISINDO_Kamu_006_frame3.jpg,Kamu,BISINDO_Kamu_006,train
/content/extracted_images/train/Pendek/BISINDO_Pendek_032_frame1.jpg,Pendek,BISINDO_Pendek_032,train
/content/extracted_images/train/Pendek/BISINDO_Pendek_032_frame2.jpg,Pendek,BISINDO_Pendek_032,train
/content/extracted_images/train/Pendek/BISINDO_Pendek_032_frame3.jpg,Pendek,BISINDO_Pendek_032,train
/content/extracted_images/train/Pendek/BISINDO_Pendek_048_frame1.jpg,Pendek,BISINDO_Pendek_048,train
/content/extracted_images/train/Pendek/BISINDO_Pendek_048_frame2.jpg,Pendek,BISINDO_Pendek_048,train
/content/extracted_images/train/Pendek/BISINDO_Pendek_048_frame3.jpg,Pendek,BISINDO_Pendek_048,train
/content/extracted_images/train/Pendek/BISINDO_Pendek_026_frame1.jpg,Pendek,BISINDO_Pendek_026,train
/content/extracted_images/train/Pendek/BISINDO_Pendek_026_frame2.jpg,Pendek,BISINDO_Pendek_026,train
/content/extracted_images/train/Pendek/BISINDO_Pendek_026_frame3.jpg,Pendek,BISINDO_Pendek_026,train
/content/extracted_images/train/Pendek/BISINDO_Pendek_008_frame1.jpg,Pendek,BISINDO_Pendek_008,train
/content/extracted_images/train/Pendek/BISINDO_Pendek_008_frame2.jpg,Pendek,BISINDO_Pendek_008,train
/content/extracted_images/train/Pendek/BISINDO_Pendek_008_frame3.jpg,Pendek,BISINDO_Pendek_008,train
/content/extracted_images/train/Pendek/BISINDO_Pendek_045_frame1.jpg,Pendek,BISINDO_Pendek_045,train
/content/extracted_images/train/Pendek/BISINDO_Pendek_045_frame2.jpg,Pendek,BISINDO_Pendek_045,train
/content/extracted_images/train/Pendek/BISINDO_Pendek_045_frame3.jpg,Pendek,BISINDO_Pendek_045,train
/content/extracted_images/train/Pendek/BISINDO_Pendek_016_frame1.jpg,Pendek,BISINDO_Pendek_016,train
/content/extracted_images/train/Pendek/BISINDO_Pendek_016_frame2.jpg,Pendek,BISINDO_Pendek_016,train
/content/extracted_images/train/Pendek/BISINDO_Pendek_016_frame3.jpg,Pendek,BISINDO_Pendek_016,train
/content/extracted_images/train/Pendek/BISINDO_Pendek_015_frame1.jpg,Pendek,BISINDO_Pendek_015,train
/content/extracted_images/train/Pendek/BISINDO_Pendek_015_frame2.jpg,Pendek,BISINDO_Pendek_015,train
/content/extracted_images/train/Pendek/BISINDO_Pendek_015_frame3.jpg,Pendek,BISINDO_Pendek_015,train
/content/extracted_images/train/Pendek/BISINDO_Pendek_033_frame1.jpg,Pendek,BISINDO_Pendek_033,train
/content/extracted_images/train/Pendek/BISINDO_Pendek_033_frame2.jpg,Pendek,BISINDO_Pendek_033,train
/content/extracted_images/train/Pendek/BISINDO_Pendek_033_frame3.jpg,Pendek,BISINDO_Pendek_033,train
/content/extracted_images/train/Pendek/BISINDO_Pendek_047_frame1.jpg,Pendek,BISINDO_Pendek_047,train
/content/extracted_images/train/Pendek/BISINDO_Pendek_047_frame2.jpg,Pendek,BISINDO_Pendek_047,train
/content/extracted_images/train/Pendek/BISINDO_Pendek_047_frame3.jpg,Pendek,BISINDO_Pendek_047,train
/content/extracted_images/train/Pendek/BISINDO_Pendek_049_frame1.jpg,Pendek,BISINDO_Pendek_049,train
/content/extracted_images/train/Pendek/BISINDO_Pendek_049_frame2.jpg,Pendek,BISINDO_Pendek_049,train
/content/extracted_images/train/Pendek/BISINDO_Pendek_049_frame3.jpg,Pendek,BISINDO_Pendek_049,train
/content/extracted_images/train/Pendek/BISINDO_Pendek_013_frame1.jpg,Pendek,BISINDO_Pendek_013,train
/content/extracted_images/train/Pendek/BISINDO_Pendek_013_frame2.jpg,Pendek,BISINDO_Pendek_013,train
/content/extracted_images/train/Pendek/BISINDO_Pendek_013_frame3.jpg,Pendek,BISINDO_Pendek_013,train
/content/extracted_images/train/Pendek/BISINDO_Pendek_039_frame1.jpg,Pendek,BISINDO_Pendek_039,train
/content/extracted_images/train/Pendek/BISINDO_Pendek_039_frame2.jpg,Pendek,BISINDO_Pendek_039,train
/content/extracted_images/train/Pendek/BISINDO_Pendek_039_frame3.jpg,Pendek,BISINDO_Pendek_039,train
/content/extracted_images/train/Pendek/BISINDO_Pendek_027_frame1.jpg,Pendek,BISINDO_Pendek_027,train
/content/extracted_images/train/Pendek/BISINDO_Pendek_027_frame2.jpg,Pendek,BISINDO_Pendek_027,train
/content/extracted_images/train/Pendek/BISINDO_Pendek_027_frame3.jpg,Pendek,BISINDO_Pendek_027,train
/content/extracted_images/train/Pendek/BISINDO_Pendek_035_frame1.jpg,Pendek,BISINDO_Pendek_035,train
/content/extracted_images/train/Pendek/BISINDO_Pendek_035_frame2.jpg,Pendek,BISINDO_Pendek_035,train
/content/extracted_images/train/Pendek/BISINDO_Pendek_035_frame3.jpg,Pendek,BISINDO_Pendek_035,train
/content/extracted_images/train/Pendek/BISINDO_Pendek_006_frame1.jpg,Pendek,BISINDO_Pendek_006,train
/content/extracted_images/train/Pendek/BISINDO_Pendek_006_frame2.jpg,Pendek,BISINDO_Pendek_006,train
/content/extracted_images/train/Pendek/BISINDO_Pendek_006_frame3.jpg,Pendek,BISINDO_Pendek_006,train
/content/extracted_images/train/Pendek/BISINDO_Pendek_021_frame1.jpg,Pendek,BISINDO_Pendek_021,train
/content/extracted_images/train/Pendek/BISINDO_Pendek_021_frame2.jpg,Pendek,BISINDO_Pendek_021,train
/content/extracted_images/train/Pendek/BISINDO_Pendek_021_frame3.jpg,Pendek,BISINDO_Pendek_021,train
/content/extracted_images/train/Pendek/BISINDO_Pendek_050_frame1.jpg,Pendek,BISINDO_Pendek_050,train
/content/extracted_images/train/Pendek/BISINDO_Pendek_050_frame2.jpg,Pendek,BISINDO_Pendek_050,train
/content/extracted_images/train/Pendek/BISINDO_Pendek_050_frame3.jpg,Pendek,BISINDO_Pendek_050,train
/content/extracted_images/train/Pendek/BISINDO_Pendek_012_frame1.jpg,Pendek,BISINDO_Pendek_012,train
/content/extracted_images/train/Pendek/BISINDO_Pendek_012_frame2.jpg,Pendek,BISINDO_Pendek_012,train
/content/extracted_images/train/Pendek/BISINDO_Pendek_012_frame3.jpg,Pendek,BISINDO_Pendek_012,train
/content/extracted_images/train/Pendek/BISINDO_Pendek_042_frame1.jpg,Pendek,BISINDO_Pendek_042,train
/content/extracted_images/train/Pendek/BISINDO_Pendek_042_frame2.jpg,Pendek,BISINDO_Pendek_042,train
/content/extracted_images/train/Pendek/BISINDO_Pendek_042_frame3.jpg,Pendek,BISINDO_Pendek_042,train
/content/extracted_images/train/Pendek/BISINDO_Pendek_030_frame1.jpg,Pendek,BISINDO_Pendek_030,train
/content/extracted_images/train/Pendek/BISINDO_Pendek_030_frame2.jpg,Pendek,BISINDO_Pendek_030,train
/content/extracted_images/train/Pendek/BISINDO_Pendek_030_frame3.jpg,Pendek,BISINDO_Pendek_030,train
/content/extracted_images/train/Pendek/BISINDO_Pendek_041_frame1.jpg,Pendek,BISINDO_Pendek_041,train
/content/extracted_images/train/Pendek/BISINDO_Pendek_041_frame2.jpg,Pendek,BISINDO_Pendek_041,train
/content/extracted_images/train/Pendek/BISINDO_Pendek_041_frame3.jpg,Pendek,BISINDO_Pendek_041,train
/content/extracted_images/train/Pendek/BISINDO_Pendek_004_frame1.jpg,Pendek,BISINDO_Pendek_004,train
/content/extracted_images/train/Pendek/BISINDO_Pendek_004_frame2.jpg,Pendek,BISINDO_Pendek_004,train
/content/extracted_images/train/Pendek/BISINDO_Pendek_004_frame3.jpg,Pendek,BISINDO_Pendek_004,train
/content/extracted_images/train/Pendek/BISINDO_Pendek_009_frame1.jpg,Pendek,BISINDO_Pendek_009,train
/content/extracted_images/train/Pendek/BISINDO_Pendek_009_frame2.jpg,Pendek,BISINDO_Pendek_009,train
/content/extracted_images/train/Pendek/BISINDO_Pendek_009_frame3.jpg,Pendek,BISINDO_Pendek_009,train
/content/extracted_images/train/Pendek/BISINDO_Pendek_023_frame1.jpg,Pendek,BISINDO_Pendek_023,train
/content/extracted_images/train/Pendek/BISINDO_Pendek_023_frame2.jpg,Pendek,BISINDO_Pendek_023,train
/content/extracted_images/train/Pendek/BISINDO_Pendek_023_frame3.jpg,Pendek,BISINDO_Pendek_023,train
/content/extracted_images/train/Pendek/BISINDO_Pendek_040_frame1.jpg,Pendek,BISINDO_Pendek_040,train
/content/extracted_images/train/Pendek/BISINDO_Pendek_040_frame2.jpg,Pendek,BISINDO_Pendek_040,train
/content/extracted_images/train/Pendek/BISINDO_Pendek_040_frame3.jpg,Pendek,BISINDO_Pendek_040,train
/content/extracted_images/train/Pendek/BISINDO_Pendek_022_frame1.jpg,Pendek,BISINDO_Pendek_022,train
/content/extracted_images/train/Pendek/BISINDO_Pendek_022_frame2.jpg,Pendek,BISINDO_Pendek_022,train
/content/extracted_images/train/Pendek/BISINDO_Pendek_022_frame3.jpg,Pendek,BISINDO_Pendek_022,train
/content/extracted_images/train/Pendek/BISINDO_Pendek_010_frame1.jpg,Pendek,BISINDO_Pendek_010,train
/content/extracted_images/train/Pendek/BISINDO_Pendek_010_frame2.jpg,Pendek,BISINDO_Pendek_010,train
/content/extracted_images/train/Pendek/BISINDO_Pendek_010_frame3.jpg,Pendek,BISINDO_Pendek_010,train
/content/extracted_images/train/Pendek/BISINDO_Pendek_038_frame1.jpg,Pendek,BISINDO_Pendek_038,train
/content/extracted_images/train/Pendek/BISINDO_Pendek_038_frame2.jpg,Pendek,BISINDO_Pendek_038,train
/content/extracted_images/train/Pendek/BISINDO_Pendek_038_frame3.jpg,Pendek,BISINDO_Pendek_038,train
/content/extracted_images/train/Pendek/BISINDO_Pendek_017_frame1.jpg,Pendek,BISINDO_Pendek_017,train
/content/extracted_images/train/Pendek/BISINDO_Pendek_017_frame2.jpg,Pendek,BISINDO_Pendek_017,train
/content/extracted_images/train/Pendek/BISINDO_Pendek_017_frame3.jpg,Pendek,BISINDO_Pendek_017,train
/content/extracted_images/train/Pendek/BISINDO_Pendek_031_frame1.jpg,Pendek,BISINDO_Pendek_031,train
/content/extracted_images/train/Pendek/BISINDO_Pendek_031_frame2.jpg,Pendek,BISINDO_Pendek_031,train
/content/extracted_images/train/Pendek/BISINDO_Pendek_031_frame3.jpg,Pendek,BISINDO_Pendek_031,train
/content/extracted_images/train/Pendek/BISINDO_Pendek_005_frame1.jpg,Pendek,BISINDO_Pendek_005,train
/content/extracted_images/train/Pendek/BISINDO_Pendek_005_frame2.jpg,Pendek,BISINDO_Pendek_005,train
/content/extracted_images/train/Pendek/BISINDO_Pendek_005_frame3.jpg,Pendek,BISINDO_Pendek_005,train
/content/extracted_images/train/Pendek/BISINDO_Pendek_029_frame1.jpg,Pendek,BISINDO_Pendek_029,train
/content/extracted_images/train/Pendek/BISINDO_Pendek_029_frame2.jpg,Pendek,BISINDO_Pendek_029,train
/content/extracted_images/train/Pendek/BISINDO_Pendek_029_frame3.jpg,Pendek,BISINDO_Pendek_029,train
/content/extracted_images/train/Pendek/BISINDO_Pendek_043_frame1.jpg,Pendek,BISINDO_Pendek_043,train
/content/extracted_images/train/Pendek/BISINDO_Pendek_043_frame2.jpg,Pendek,BISINDO_Pendek_043,train
/content/extracted_images/train/Pendek/BISINDO_Pendek_043_frame3.jpg,Pendek,BISINDO_Pendek_043,train
/content/extracted_images/train/Pendek/BISINDO_Pendek_037_frame1.jpg,Pendek,BISINDO_Pendek_037,train
/content/extracted_images/train/Pendek/BISINDO_Pendek_037_frame2.jpg,Pendek,BISINDO_Pendek_037,train
/content/extracted_images/train/Pendek/BISINDO_Pendek_037_frame3.jpg,Pendek,BISINDO_Pendek_037,train
/content/extracted_images/train/Pendek/BISINDO_Pendek_018_frame1.jpg,Pendek,BISINDO_Pendek_018,train
/content/extracted_images/train/Pendek/BISINDO_Pendek_018_frame2.jpg,Pendek,BISINDO_Pendek_018,train
/content/extracted_images/train/Pendek/BISINDO_Pendek_018_frame3.jpg,Pendek,BISINDO_Pendek_018,train
/content/extracted_images/train/Pendek/BISINDO_Pendek_007_frame1.jpg,Pendek,BISINDO_Pendek_007,train
/content/extracted_images/train/Pendek/BISINDO_Pendek_007_frame2.jpg,Pendek,BISINDO_Pendek_007,train
/content/extracted_images/train/Pendek/BISINDO_Pendek_007_frame3.jpg,Pendek,BISINDO_Pendek_007,train
/content/extracted_images/train/Pendek/BISINDO_Pendek_028_frame1.jpg,Pendek,BISINDO_Pendek_028,train
/content/extracted_images/train/Pendek/BISINDO_Pendek_028_frame2.jpg,Pendek,BISINDO_Pendek_028,train
/content/extracted_images/train/Pendek/BISINDO_Pendek_028_frame3.jpg,Pendek,BISINDO_Pendek_028,train
/content/extracted_images/train/Pendek/BISINDO_Pendek_003_frame1.jpg,Pendek,BISINDO_Pendek_003,train
/content/extracted_images/train/Pendek/BISINDO_Pendek_003_frame2.jpg,Pendek,BISINDO_Pendek_003,train
/content/extracted_images/train/Pendek/BISINDO_Pendek_003_frame3.jpg,Pendek,BISINDO_Pendek_003,train
/content/extracted_images/train/Pendek/BISINDO_Pendek_001_frame1.jpg,Pendek,BISINDO_Pendek_001,train
/content/extracted_images/train/Pendek/BISINDO_Pendek_001_frame2.jpg,Pendek,BISINDO_Pendek_001,train
/content/extracted_images/train/Pendek/BISINDO_Pendek_001_frame3.jpg,Pendek,BISINDO_Pendek_001,train
/content/extracted_images/train/Pendek/BISINDO_Pendek_019_frame1.jpg,Pendek,BISINDO_Pendek_019,train
/content/extracted_images/train/Pendek/BISINDO_Pendek_019_frame2.jpg,Pendek,BISINDO_Pendek_019,train
/content/extracted_images/train/Pendek/BISINDO_Pendek_019_frame3.jpg,Pendek,BISINDO_Pendek_019,train
/content/extracted_images/train/Pendek/BISINDO_Pendek_044_frame1.jpg,Pendek,BISINDO_Pendek_044,train
/content/extracted_images/train/Pendek/BISINDO_Pendek_044_frame2.jpg,Pendek,BISINDO_Pendek_044,train
/content/extracted_images/train/Pendek/BISINDO_Pendek_044_frame3.jpg,Pendek,BISINDO_Pendek_044,train
/content/extracted_images/train/Makan/BISINDO_Makan_022_frame1.jpg,Makan,BISINDO_Makan_022,train
/content/extracted_images/train/Makan/BISINDO_Makan_022_frame2.jpg,Makan,BISINDO_Makan_022,train
/content/extracted_images/train/Makan/BISINDO_Makan_022_frame3.jpg,Makan,BISINDO_Makan_022,train
/content/extracted_images/train/Makan/BISINDO_Makan_015_frame1.jpg,Makan,BISINDO_Makan_015,train
/content/extracted_images/train/Makan/BISINDO_Makan_015_frame2.jpg,Makan,BISINDO_Makan_015,train
/content/extracted_images/train/Makan/BISINDO_Makan_015_frame3.jpg,Makan,BISINDO_Makan_015,train
/content/extracted_images/train/Makan/BISINDO_Makan_011_frame1.jpg,Makan,BISINDO_Makan_011,train
/content/extracted_images/train/Makan/BISINDO_Makan_011_frame2.jpg,Makan,BISINDO_Makan_011,train
/content/extracted_images/train/Makan/BISINDO_Makan_011_frame3.jpg,Makan,BISINDO_Makan_011,train
/content/extracted_images/train/Makan/BISINDO_Makan_004_frame1.jpg,Makan,BISINDO_Makan_004,train
/content/extracted_images/train/Makan/BISINDO_Makan_004_frame2.jpg,Makan,BISINDO_Makan_004,train
/content/extracted_images/train/Makan/BISINDO_Makan_004_frame3.jpg,Makan,BISINDO_Makan_004,train
/content/extracted_images/train/Makan/BISINDO_Makan_049_frame1.jpg,Makan,BISINDO_Makan_049,train
/content/extracted_images/train/Makan/BISINDO_Makan_049_frame2.jpg,Makan,BISINDO_Makan_049,train
/content/extracted_images/train/Makan/BISINDO_Makan_049_frame3.jpg,Makan,BISINDO_Makan_049,train
/content/extracted_images/train/Makan/BISINDO_Makan_033_frame1.jpg,Makan,BISINDO_Makan_033,train
/content/extracted_images/train/Makan/BISINDO_Makan_033_frame2.jpg,Makan,BISINDO_Makan_033,train
/content/extracted_images/train/Makan/BISINDO_Makan_033_frame3.jpg,Makan,BISINDO_Makan_033,train
/content/extracted_images/train/Makan/BISINDO_Makan_028_frame1.jpg,Makan,BISINDO_Makan_028,train
/content/extracted_images/train/Makan/BISINDO_Makan_028_frame2.jpg,Makan,BISINDO_Makan_028,train
/content/extracted_images/train/Makan/BISINDO_Makan_028_frame3.jpg,Makan,BISINDO_Makan_028,train
/content/extracted_images/train/Makan/BISINDO_Makan_037_frame1.jpg,Makan,BISINDO_Makan_037,train
/content/extracted_images/train/Makan/BISINDO_Makan_037_frame2.jpg,Makan,BISINDO_Makan_037,train
/content/extracted_images/train/Makan/BISINDO_Makan_037_frame3.jpg,Makan,BISINDO_Makan_037,train
/content/extracted_images/train/Makan/BISINDO_Makan_020_frame1.jpg,Makan,BISINDO_Makan_020,train
/content/extracted_images/train/Makan/BISINDO_Makan_020_frame2.jpg,Makan,BISINDO_Makan_020,train
/content/extracted_images/train/Makan/BISINDO_Makan_020_frame3.jpg,Makan,BISINDO_Makan_020,train
/content/extracted_images/train/Makan/BISINDO_Makan_044_frame1.jpg,Makan,BISINDO_Makan_044,train
/content/extracted_images/train/Makan/BISINDO_Makan_044_frame2.jpg,Makan,BISINDO_Makan_044,train
/content/extracted_images/train/Makan/BISINDO_Makan_044_frame3.jpg,Makan,BISINDO_Makan_044,train
/content/extracted_images/train/Makan/BISINDO_Makan_034_frame1.jpg,Makan,BISINDO_Makan_034,train
/content/extracted_images/train/Makan/BISINDO_Makan_034_frame2.jpg,Makan,BISINDO_Makan_034,train
/content/extracted_images/train/Makan/BISINDO_Makan_034_frame3.jpg,Makan,BISINDO_Makan_034,train
/content/extracted_images/train/Makan/BISINDO_Makan_025_frame1.jpg,Makan,BISINDO_Makan_025,train
/content/extracted_images/train/Makan/BISINDO_Makan_025_frame2.jpg,Makan,BISINDO_Makan_025,train
/content/extracted_images/train/Makan/BISINDO_Makan_025_frame3.jpg,Makan,BISINDO_Makan_025,train
/content/extracted_images/train/Makan/BISINDO_Makan_029_frame1.jpg,Makan,BISINDO_Makan_029,train
/content/extracted_images/train/Makan/BISINDO_Makan_029_frame2.jpg,Makan,BISINDO_Makan_029,train
/content/extracted_images/train/Makan/BISINDO_Makan_029_frame3.jpg,Makan,BISINDO_Makan_029,train
/content/extracted_images/train/Makan/BISINDO_Makan_009_frame1.jpg,Makan,BISINDO_Makan_009,train
/content/extracted_images/train/Makan/BISINDO_Makan_009_frame2.jpg,Makan,BISINDO_Makan_009,train
/content/extracted_images/train/Makan/BISINDO_Makan_009_frame3.jpg,Makan,BISINDO_Makan_009,train
/content/extracted_images/train/Makan/BISINDO_Makan_042_frame1.jpg,Makan,BISINDO_Makan_042,train
/content/extracted_images/train/Makan/BISINDO_Makan_042_frame2.jpg,Makan,BISINDO_Makan_042,train
/content/extracted_images/train/Makan/BISINDO_Makan_042_frame3.jpg,Makan,BISINDO_Makan_042,train
/content/extracted_images/train/Makan/BISINDO_Makan_016_frame1.jpg,Makan,BISINDO_Makan_016,train
/content/extracted_images/train/Makan/BISINDO_Makan_016_frame2.jpg,Makan,BISINDO_Makan_016,train
/content/extracted_images/train/Makan/BISINDO_Makan_016_frame3.jpg,Makan,BISINDO_Makan_016,train
/content/extracted_images/train/Makan/BISINDO_Makan_019_frame1.jpg,Makan,BISINDO_Makan_019,train
/content/extracted_images/train/Makan/BISINDO_Makan_019_frame2.jpg,Makan,BISINDO_Makan_019,train
/content/extracted_images/train/Makan/BISINDO_Makan_019_frame3.jpg,Makan,BISINDO_Makan_019,train
/content/extracted_images/train/Makan/BISINDO_Makan_023_frame1.jpg,Makan,BISINDO_Makan_023,train
/content/extracted_images/train/Makan/BISINDO_Makan_023_frame2.jpg,Makan,BISINDO_Makan_023,train
/content/extracted_images/train/Makan/BISINDO_Makan_023_frame3.jpg,Makan,BISINDO_Makan_023,train
/content/extracted_images/train/Makan/BISINDO_Makan_047_frame1.jpg,Makan,BISINDO_Makan_047,train
/content/extracted_images/train/Makan/BISINDO_Makan_047_frame2.jpg,Makan,BISINDO_Makan_047,train
/content/extracted_images/train/Makan/BISINDO_Makan_047_frame3.jpg,Makan,BISINDO_Makan_047,train
/content/extracted_images/train/Makan/BISINDO_Makan_040_frame1.jpg,Makan,BISINDO_Makan_040,train
/content/extracted_images/train/Makan/BISINDO_Makan_040_frame2.jpg,Makan,BISINDO_Makan_040,train
/content/extracted_images/train/Makan/BISINDO_Makan_040_frame3.jpg,Makan,BISINDO_Makan_040,train
/content/extracted_images/train/Makan/BISINDO_Makan_026_frame1.jpg,Makan,BISINDO_Makan_026,train
/content/extracted_images/train/Makan/BISINDO_Makan_026_frame2.jpg,Makan,BISINDO_Makan_026,train
/content/extracted_images/train/Makan/BISINDO_Makan_026_frame3.jpg,Makan,BISINDO_Makan_026,train
/content/extracted_images/train/Makan/BISINDO_Makan_001_frame1.jpg,Makan,BISINDO_Makan_001,train
/content/extracted_images/train/Makan/BISINDO_Makan_001_frame2.jpg,Makan,BISINDO_Makan_001,train
/content/extracted_images/train/Makan/BISINDO_Makan_001_frame3.jpg,Makan,BISINDO_Makan_001,train
/content/extracted_images/train/Makan/BISINDO_Makan_046_frame1.jpg,Makan,BISINDO_Makan_046,train
/content/extracted_images/train/Makan/BISINDO_Makan_046_frame2.jpg,Makan,BISINDO_Makan_046,train
/content/extracted_images/train/Makan/BISINDO_Makan_046_frame3.jpg,Makan,BISINDO_Makan_046,train
/content/extracted_images/train/Makan/BISINDO_Makan_043_frame1.jpg,Makan,BISINDO_Makan_043,train
/content/extracted_images/train/Makan/BISINDO_Makan_043_frame2.jpg,Makan,BISINDO_Makan_043,train
/content/extracted_images/train/Makan/BISINDO_Makan_043_frame3.jpg,Makan,BISINDO_Makan_043,train
/content/extracted_images/train/Makan/BISINDO_Makan_005_frame1.jpg,Makan,BISINDO_Makan_005,train
/content/extracted_images/train/Makan/BISINDO_Makan_005_frame2.jpg,Makan,BISINDO_Makan_005,train
/content/extracted_images/train/Makan/BISINDO_Makan_005_frame3.jpg,Makan,BISINDO_Makan_005,train
/content/extracted_images/train/Makan/BISINDO_Makan_041_frame1.jpg,Makan,BISINDO_Makan_041,train
/content/extracted_images/train/Makan/BISINDO_Makan_041_frame2.jpg,Makan,BISINDO_Makan_041,train
/content/extracted_images/train/Makan/BISINDO_Makan_041_frame3.jpg,Makan,BISINDO_Makan_041,train
/content/extracted_images/train/Makan/BISINDO_Makan_048_frame1.jpg,Makan,BISINDO_Makan_048,train
/content/extracted_images/train/Makan/BISINDO_Makan_048_frame2.jpg,Makan,BISINDO_Makan_048,train
/content/extracted_images/train/Makan/BISINDO_Makan_048_frame3.jpg,Makan,BISINDO_Makan_048,train
/content/extracted_images/train/Makan/BISINDO_Makan_021_frame1.jpg,Makan,BISINDO_Makan_021,train
/content/extracted_images/train/Makan/BISINDO_Makan_021_frame2.jpg,Makan,BISINDO_Makan_021,train
/content/extracted_images/train/Makan/BISINDO_Makan_021_frame3.jpg,Makan,BISINDO_Makan_021,train
/content/extracted_images/train/Makan/BISINDO_Makan_013_frame1.jpg,Makan,BISINDO_Makan_013,train
/content/extracted_images/train/Makan/BISINDO_Makan_013_frame2.jpg,Makan,BISINDO_Makan_013,train
/content/extracted_images/train/Makan/BISINDO_Makan_013_frame3.jpg,Makan,BISINDO_Makan_013,train
/content/extracted_images/train/Makan/BISINDO_Makan_003_frame1.jpg,Makan,BISINDO_Makan_003,train
/content/extracted_images/train/Makan/BISINDO_Makan_003_frame2.jpg,Makan,BISINDO_Makan_003,train
/content/extracted_images/train/Makan/BISINDO_Makan_003_frame3.jpg,Makan,BISINDO_Makan_003,train
/content/extracted_images/train/Makan/BISINDO_Makan_032_frame1.jpg,Makan,BISINDO_Makan_032,train
/content/extracted_images/train/Makan/BISINDO_Makan_032_frame2.jpg,Makan,BISINDO_Makan_032,train
/content/extracted_images/train/Makan/BISINDO_Makan_032_frame3.jpg,Makan,BISINDO_Makan_032,train
/content/extracted_images/train/Makan/BISINDO_Makan_027_frame1.jpg,Makan,BISINDO_Makan_027,train
/content/extracted_images/train/Makan/BISINDO_Makan_027_frame2.jpg,Makan,BISINDO_Makan_027,train
/content/extracted_images/train/Makan/BISINDO_Makan_027_frame3.jpg,Makan,BISINDO_Makan_027,train
/content/extracted_images/train/Makan/BISINDO_Makan_035_frame1.jpg,Makan,BISINDO_Makan_035,train
/content/extracted_images/train/Makan/BISINDO_Makan_035_frame2.jpg,Makan,BISINDO_Makan_035,train
/content/extracted_images/train/Makan/BISINDO_Makan_035_frame3.jpg,Makan,BISINDO_Makan_035,train
/content/extracted_images/train/Makan/BISINDO_Makan_024_frame1.jpg,Makan,BISINDO_Makan_024,train
/content/extracted_images/train/Makan/BISINDO_Makan_024_frame2.jpg,Makan,BISINDO_Makan_024,train
/content/extracted_images/train/Makan/BISINDO_Makan_024_frame3.jpg,Makan,BISINDO_Makan_024,train
/content/extracted_images/train/Makan/BISINDO_Makan_014_frame1.jpg,Makan,BISINDO_Makan_014,train
/content/extracted_images/train/Makan/BISINDO_Makan_014_frame2.jpg,Makan,BISINDO_Makan_014,train
/content/extracted_images/train/Makan/BISINDO_Makan_014_frame3.jpg,Makan,BISINDO_Makan_014,train
/content/extracted_images/train/Makan/BISINDO_Makan_036_frame1.jpg,Makan,BISINDO_Makan_036,train
/content/extracted_images/train/Makan/BISINDO_Makan_036_frame2.jpg,Makan,BISINDO_Makan_036,train
/content/extracted_images/train/Makan/BISINDO_Makan_036_frame3.jpg,Makan,BISINDO_Makan_036,train
/content/extracted_images/train/Makan/BISINDO_Makan_018_frame1.jpg,Makan,BISINDO_Makan_018,train
/content/extracted_images/train/Makan/BISINDO_Makan_018_frame2.jpg,Makan,BISINDO_Makan_018,train
/content/extracted_images/train/Makan/BISINDO_Makan_018_frame3.jpg,Makan,BISINDO_Makan_018,train
/content/extracted_images/train/Makan/BISINDO_Makan_012_frame1.jpg,Makan,BISINDO_Makan_012,train
/content/extracted_images/train/Makan/BISINDO_Makan_012_frame2.jpg,Makan,BISINDO_Makan_012,train
/content/extracted_images/train/Makan/BISINDO_Makan_012_frame3.jpg,Makan,BISINDO_Makan_012,train
/content/extracted_images/train/Makan/BISINDO_Makan_002_frame1.jpg,Makan,BISINDO_Makan_002,train
/content/extracted_images/train/Makan/BISINDO_Makan_002_frame2.jpg,Makan,BISINDO_Makan_002,train
/content/extracted_images/train/Makan/BISINDO_Makan_002_frame3.jpg,Makan,BISINDO_Makan_002,train
/content/extracted_images/train/Makan/BISINDO_Makan_030_frame1.jpg,Makan,BISINDO_Makan_030,train
/content/extracted_images/train/Makan/BISINDO_Makan_030_frame2.jpg,Makan,BISINDO_Makan_030,train
/content/extracted_images/train/Makan/BISINDO_Makan_030_frame3.jpg,Makan,BISINDO_Makan_030,train
/content/extracted_images/train/Kemana/BISINDO_Kemana_018_frame1.jpg,Kemana,BISINDO_Kemana_018,train
/content/extracted_images/train/Kemana/BISINDO_Kemana_018_frame2.jpg,Kemana,BISINDO_Kemana_018,train
/content/extracted_images/train/Kemana/BISINDO_Kemana_018_frame3.jpg,Kemana,BISINDO_Kemana_018,train
/content/extracted_images/train/Kemana/BISINDO_Kemana_032_frame1.jpg,Kemana,BISINDO_Kemana_032,train
/content/extracted_images/train/Kemana/BISINDO_Kemana_032_frame2.jpg,Kemana,BISINDO_Kemana_032,train
/content/extracted_images/train/Kemana/BISINDO_Kemana_032_frame3.jpg,Kemana,BISINDO_Kemana_032,train
/content/extracted_images/train/Kemana/BISINDO_Kemana_006_frame1.jpg,Kemana,BISINDO_Kemana_006,train
/content/extracted_images/train/Kemana/BISINDO_Kemana_006_frame2.jpg,Kemana,BISINDO_Kemana_006,train
/content/extracted_images/train/Kemana/BISINDO_Kemana_006_frame3.jpg,Kemana,BISINDO_Kemana_006,train
/content/extracted_images/train/Kemana/BISINDO_Kemana_017_frame1.jpg,Kemana,BISINDO_Kemana_017,train
/content/extracted_images/train/Kemana/BISINDO_Kemana_017_frame2.jpg,Kemana,BISINDO_Kemana_017,train
/content/extracted_images/train/Kemana/BISINDO_Kemana_017_frame3.jpg,Kemana,BISINDO_Kemana_017,train
/content/extracted_images/train/Kemana/BISINDO_Kemana_002_frame1.jpg,Kemana,BISINDO_Kemana_002,train
/content/extracted_images/train/Kemana/BISINDO_Kemana_002_frame2.jpg,Kemana,BISINDO_Kemana_002,train
/content/extracted_images/train/Kemana/BISINDO_Kemana_002_frame3.jpg,Kemana,BISINDO_Kemana_002,train
/content/extracted_images/train/Kemana/BISINDO_Kemana_043_frame1.jpg,Kemana,BISINDO_Kemana_043,train
/content/extracted_images/train/Kemana/BISINDO_Kemana_043_frame2.jpg,Kemana,BISINDO_Kemana_043,train
/content/extracted_images/train/Kemana/BISINDO_Kemana_043_frame3.jpg,Kemana,BISINDO_Kemana_043,train
/content/extracted_images/train/Kemana/BISINDO_Kemana_020_frame1.jpg,Kemana,BISINDO_Kemana_020,train
/content/extracted_images/train/Kemana/BISINDO_Kemana_020_frame2.jpg,Kemana,BISINDO_Kemana_020,train
/content/extracted_images/train/Kemana/BISINDO_Kemana_020_frame3.jpg,Kemana,BISINDO_Kemana_020,train
/content/extracted_images/train/Kemana/BISINDO_Kemana_040_frame1.jpg,Kemana,BISINDO_Kemana_040,train
/content/extracted_images/train/Kemana/BISINDO_Kemana_040_frame2.jpg,Kemana,BISINDO_Kemana_040,train
/content/extracted_images/train/Kemana/BISINDO_Kemana_040_frame3.jpg,Kemana,BISINDO_Kemana_040,train
/content/extracted_images/train/Kemana/BISINDO_Kemana_029_frame1.jpg,Kemana,BISINDO_Kemana_029,train
/content/extracted_images/train/Kemana/BISINDO_Kemana_029_frame2.jpg,Kemana,BISINDO_Kemana_029,train
/content/extracted_images/train/Kemana/BISINDO_Kemana_029_frame3.jpg,Kemana,BISINDO_Kemana_029,train
/content/extracted_images/train/Kemana/BISINDO_Kemana_011_frame1.jpg,Kemana,BISINDO_Kemana_011,train
/content/extracted_images/train/Kemana/BISINDO_Kemana_011_frame2.jpg,Kemana,BISINDO_Kemana_011,train
/content/extracted_images/train/Kemana/BISINDO_Kemana_011_frame3.jpg,Kemana,BISINDO_Kemana_011,train
/content/extracted_images/train/Kemana/BISINDO_Kemana_034_frame1.jpg,Kemana,BISINDO_Kemana_034,train
/content/extracted_images/train/Kemana/BISINDO_Kemana_034_frame2.jpg,Kemana,BISINDO_Kemana_034,train
/content/extracted_images/train/Kemana/BISINDO_Kemana_034_frame3.jpg,Kemana,BISINDO_Kemana_034,train
/content/extracted_images/train/Kemana/BISINDO_Kemana_026_frame1.jpg,Kemana,BISINDO_Kemana_026,train
/content/extracted_images/train/Kemana/BISINDO_Kemana_026_frame2.jpg,Kemana,BISINDO_Kemana_026,train
/content/extracted_images/train/Kemana/BISINDO_Kemana_026_frame3.jpg,Kemana,BISINDO_Kemana_026,train
/content/extracted_images/train/Kemana/BISINDO_Kemana_016_frame1.jpg,Kemana,BISINDO_Kemana_016,train
/content/extracted_images/train/Kemana/BISINDO_Kemana_016_frame2.jpg,Kemana,BISINDO_Kemana_016,train
/content/extracted_images/train/Kemana/BISINDO_Kemana_016_frame3.jpg,Kemana,BISINDO_Kemana_016,train
/content/extracted_images/train/Kemana/BISINDO_Kemana_048_frame1.jpg,Kemana,BISINDO_Kemana_048,train
/content/extracted_images/train/Kemana/BISINDO_Kemana_048_frame2.jpg,Kemana,BISINDO_Kemana_048,train
/content/extracted_images/train/Kemana/BISINDO_Kemana_048_frame3.jpg,Kemana,BISINDO_Kemana_048,train
/content/extracted_images/train/Kemana/BISINDO_Kemana_049_frame1.jpg,Kemana,BISINDO_Kemana_049,train
/content/extracted_images/train/Kemana/BISINDO_Kemana_049_frame2.jpg,Kemana,BISINDO_Kemana_049,train
/content/extracted_images/train/Kemana/BISINDO_Kemana_049_frame3.jpg,Kemana,BISINDO_Kemana_049,train
/content/extracted_images/train/Kemana/BISINDO_Kemana_015_frame1.jpg,Kemana,BISINDO_Kemana_015,train
/content/extracted_images/train/Kemana/BISINDO_Kemana_015_frame2.jpg,Kemana,BISINDO_Kemana_015,train
/content/extracted_images/train/Kemana/BISINDO_Kemana_015_frame3.jpg,Kemana,BISINDO_Kemana_015,train
/content/extracted_images/train/Kemana/BISINDO_Kemana_001_frame1.jpg,Kemana,BISINDO_Kemana_001,train
/content/extracted_images/train/Kemana/BISINDO_Kemana_001_frame2.jpg,Kemana,BISINDO_Kemana_001,train
/content/extracted_images/train/Kemana/BISINDO_Kemana_001_frame3.jpg,Kemana,BISINDO_Kemana_001,train
/content/extracted_images/train/Kemana/BISINDO_Kemana_046_frame1.jpg,Kemana,BISINDO_Kemana_046,train
/content/extracted_images/train/Kemana/BISINDO_Kemana_046_frame2.jpg,Kemana,BISINDO_Kemana_046,train
/content/extracted_images/train/Kemana/BISINDO_Kemana_046_frame3.jpg,Kemana,BISINDO_Kemana_046,train
/content/extracted_images/train/Kemana/BISINDO_Kemana_012_frame1.jpg,Kemana,BISINDO_Kemana_012,train
/content/extracted_images/train/Kemana/BISINDO_Kemana_012_frame2.jpg,Kemana,BISINDO_Kemana_012,train
/content/extracted_images/train/Kemana/BISINDO_Kemana_012_frame3.jpg,Kemana,BISINDO_Kemana_012,train
/content/extracted_images/train/Kemana/BISINDO_Kemana_005_frame1.jpg,Kemana,BISINDO_Kemana_005,train
/content/extracted_images/train/Kemana/BISINDO_Kemana_005_frame2.jpg,Kemana,BISINDO_Kemana_005,train
/content/extracted_images/train/Kemana/BISINDO_Kemana_005_frame3.jpg,Kemana,BISINDO_Kemana_005,train
/content/extracted_images/train/Kemana/BISINDO_Kemana_019_frame1.jpg,Kemana,BISINDO_Kemana_019,train
/content/extracted_images/train/Kemana/BISINDO_Kemana_019_frame2.jpg,Kemana,BISINDO_Kemana_019,train
/content/extracted_images/train/Kemana/BISINDO_Kemana_019_frame3.jpg,Kemana,BISINDO_Kemana_019,train
/content/extracted_images/train/Kemana/BISINDO_Kemana_028_frame1.jpg,Kemana,BISINDO_Kemana_028,train
/content/extracted_images/train/Kemana/BISINDO_Kemana_028_frame2.jpg,Kemana,BISINDO_Kemana_028,train
/content/extracted_images/train/Kemana/BISINDO_Kemana_028_frame3.jpg,Kemana,BISINDO_Kemana_028,train
/content/extracted_images/train/Kemana/BISINDO_Kemana_036_frame1.jpg,Kemana,BISINDO_Kemana_036,train
/content/extracted_images/train/Kemana/BISINDO_Kemana_036_frame2.jpg,Kemana,BISINDO_Kemana_036,train
/content/extracted_images/train/Kemana/BISINDO_Kemana_036_frame3.jpg,Kemana,BISINDO_Kemana_036,train
/content/extracted_images/train/Kemana/BISINDO_Kemana_037_frame1.jpg,Kemana,BISINDO_Kemana_037,train
/content/extracted_images/train/Kemana/BISINDO_Kemana_037_frame2.jpg,Kemana,BISINDO_Kemana_037,train
/content/extracted_images/train/Kemana/BISINDO_Kemana_037_frame3.jpg,Kemana,BISINDO_Kemana_037,train
/content/extracted_images/train/Kemana/BISINDO_Kemana_023_frame1.jpg,Kemana,BISINDO_Kemana_023,train
/content/extracted_images/train/Kemana/BISINDO_Kemana_023_frame2.jpg,Kemana,BISINDO_Kemana_023,train
/content/extracted_images/train/Kemana/BISINDO_Kemana_023_frame3.jpg,Kemana,BISINDO_Kemana_023,train
/content/extracted_images/train/Kemana/BISINDO_Kemana_038_frame1.jpg,Kemana,BISINDO_Kemana_038,train
/content/extracted_images/train/Kemana/BISINDO_Kemana_038_frame2.jpg,Kemana,BISINDO_Kemana_038,train
/content/extracted_images/train/Kemana/BISINDO_Kemana_038_frame3.jpg,Kemana,BISINDO_Kemana_038,train
/content/extracted_images/train/Kemana/BISINDO_Kemana_031_frame1.jpg,Kemana,BISINDO_Kemana_031,train
/content/extracted_images/train/Kemana/BISINDO_Kemana_031_frame2.jpg,Kemana,BISINDO_Kemana_031,train
/content/extracted_images/train/Kemana/BISINDO_Kemana_031_frame3.jpg,Kemana,BISINDO_Kemana_031,train
/content/extracted_images/train/Kemana/BISINDO_Kemana_024_frame1.jpg,Kemana,BISINDO_Kemana_024,train
/content/extracted_images/train/Kemana/BISINDO_Kemana_024_frame2.jpg,Kemana,BISINDO_Kemana_024,train
/content/extracted_images/train/Kemana/BISINDO_Kemana_024_frame3.jpg,Kemana,BISINDO_Kemana_024,train
/content/extracted_images/train/Kemana/BISINDO_Kemana_004_frame1.jpg,Kemana,BISINDO_Kemana_004,train
/content/extracted_images/train/Kemana/BISINDO_Kemana_004_frame2.jpg,Kemana,BISINDO_Kemana_004,train
/content/extracted_images/train/Kemana/BISINDO_Kemana_004_frame3.jpg,Kemana,BISINDO_Kemana_004,train
/content/extracted_images/train/Kemana/BISINDO_Kemana_045_frame1.jpg,Kemana,BISINDO_Kemana_045,train
/content/extracted_images/train/Kemana/BISINDO_Kemana_045_frame2.jpg,Kemana,BISINDO_Kemana_045,train
/content/extracted_images/train/Kemana/BISINDO_Kemana_045_frame3.jpg,Kemana,BISINDO_Kemana_045,train
/content/extracted_images/train/Kemana/BISINDO_Kemana_050_frame1.jpg,Kemana,BISINDO_Kemana_050,train
/content/extracted_images/train/Kemana/BISINDO_Kemana_050_frame2.jpg,Kemana,BISINDO_Kemana_050,train
/content/extracted_images/train/Kemana/BISINDO_Kemana_050_frame3.jpg,Kemana,BISINDO_Kemana_050,train
/content/extracted_images/train/Kemana/BISINDO_Kemana_039_frame1.jpg,Kemana,BISINDO_Kemana_039,train
/content/extracted_images/train/Kemana/BISINDO_Kemana_039_frame2.jpg,Kemana,BISINDO_Kemana_039,train
/content/extracted_images/train/Kemana/BISINDO_Kemana_039_frame3.jpg,Kemana,BISINDO_Kemana_039,train
/content/extracted_images/train/Kemana/BISINDO_Kemana_007_frame1.jpg,Kemana,BISINDO_Kemana_007,train
/content/extracted_images/train/Kemana/BISINDO_Kemana_007_frame2.jpg,Kemana,BISINDO_Kemana_007,train
/content/extracted_images/train/Kemana/BISINDO_Kemana_007_frame3.jpg,Kemana,BISINDO_Kemana_007,train
/content/extracted_images/train/Kemana/BISINDO_Kemana_041_frame1.jpg,Kemana,BISINDO_Kemana_041,train
/content/extracted_images/train/Kemana/BISINDO_Kemana_041_frame2.jpg,Kemana,BISINDO_Kemana_041,train
/content/extracted_images/train/Kemana/BISINDO_Kemana_041_frame3.jpg,Kemana,BISINDO_Kemana_041,train
/content/extracted_images/train/Kemana/BISINDO_Kemana_042_frame1.jpg,Kemana,BISINDO_Kemana_042,train
/content/extracted_images/train/Kemana/BISINDO_Kemana_042_frame2.jpg,Kemana,BISINDO_Kemana_042,train
/content/extracted_images/train/Kemana/BISINDO_Kemana_042_frame3.jpg,Kemana,BISINDO_Kemana_042,train
/content/extracted_images/train/Kemana/BISINDO_Kemana_013_frame1.jpg,Kemana,BISINDO_Kemana_013,train
/content/extracted_images/train/Kemana/BISINDO_Kemana_013_frame2.jpg,Kemana,BISINDO_Kemana_013,train
/content/extracted_images/train/Kemana/BISINDO_Kemana_013_frame3.jpg,Kemana,BISINDO_Kemana_013,train
/content/extracted_images/train/Kemana/BISINDO_Kemana_044_frame1.jpg,Kemana,BISINDO_Kemana_044,train
/content/extracted_images/train/Kemana/BISINDO_Kemana_044_frame2.jpg,Kemana,BISINDO_Kemana_044,train
/content/extracted_images/train/Kemana/BISINDO_Kemana_044_frame3.jpg,Kemana,BISINDO_Kemana_044,train
/content/extracted_images/train/Kemana/BISINDO_Kemana_047_frame1.jpg,Kemana,BISINDO_Kemana_047,train
/content/extracted_images/train/Kemana/BISINDO_Kemana_047_frame2.jpg,Kemana,BISINDO_Kemana_047,train
/content/extracted_images/train/Kemana/BISINDO_Kemana_047_frame3.jpg,Kemana,BISINDO_Kemana_047,train
/content/extracted_images/train/Kemana/BISINDO_Kemana_022_frame1.jpg,Kemana,BISINDO_Kemana_022,train
/content/extracted_images/train/Kemana/BISINDO_Kemana_022_frame2.jpg,Kemana,BISINDO_Kemana_022,train
/content/extracted_images/train/Kemana/BISINDO_Kemana_022_frame3.jpg,Kemana,BISINDO_Kemana_022,train
/content/extracted_images/train/Kemana/BISINDO_Kemana_021_frame1.jpg,Kemana,BISINDO_Kemana_021,train
/content/extracted_images/train/Kemana/BISINDO_Kemana_021_frame2.jpg,Kemana,BISINDO_Kemana_021,train
/content/extracted_images/train/Kemana/BISINDO_Kemana_021_frame3.jpg,Kemana,BISINDO_Kemana_021,train
/content/extracted_images/train/Kemana/BISINDO_Kemana_027_frame1.jpg,Kemana,BISINDO_Kemana_027,train
/content/extracted_images/train/Kemana/BISINDO_Kemana_027_frame2.jpg,Kemana,BISINDO_Kemana_027,train
/content/extracted_images/train/Kemana/BISINDO_Kemana_027_frame3.jpg,Kemana,BISINDO_Kemana_027,train
/content/extracted_images/train/Kemana/BISINDO_Kemana_010_frame1.jpg,Kemana,BISINDO_Kemana_010,train
/content/extracted_images/train/Kemana/BISINDO_Kemana_010_frame2.jpg,Kemana,BISINDO_Kemana_010,train
/content/extracted_images/train/Kemana/BISINDO_Kemana_010_frame3.jpg,Kemana,BISINDO_Kemana_010,train
/content/extracted_images/train/Kemana/BISINDO_Kemana_014_frame1.jpg,Kemana,BISINDO_Kemana_014,train
/content/extracted_images/train/Kemana/BISINDO_Kemana_014_frame2.jpg,Kemana,BISINDO_Kemana_014,train
/content/extracted_images/train/Kemana/BISINDO_Kemana_014_frame3.jpg,Kemana,BISINDO_Kemana_014,train
